-- MySQL dump 10.11
--
-- Host: localhost    Database: cd_cursusdienst
-- ------------------------------------------------------
-- Server version	5.0.92-community

/*!40101 SET @OLD_CHARACTER_SET_CLIENT=@@CHARACTER_SET_CLIENT */;
/*!40101 SET @OLD_CHARACTER_SET_RESULTS=@@CHARACTER_SET_RESULTS */;
/*!40101 SET @OLD_COLLATION_CONNECTION=@@COLLATION_CONNECTION */;
/*!40101 SET NAMES utf8 */;
/*!40103 SET @OLD_TIME_ZONE=@@TIME_ZONE */;
/*!40103 SET TIME_ZONE='+00:00' */;
/*!40014 SET @OLD_UNIQUE_CHECKS=@@UNIQUE_CHECKS, UNIQUE_CHECKS=0 */;
/*!40014 SET @OLD_FOREIGN_KEY_CHECKS=@@FOREIGN_KEY_CHECKS, FOREIGN_KEY_CHECKS=0 */;
/*!40101 SET @OLD_SQL_MODE=@@SQL_MODE, SQL_MODE='NO_AUTO_VALUE_ON_ZERO' */;
/*!40111 SET @OLD_SQL_NOTES=@@SQL_NOTES, SQL_NOTES=0 */;

--
-- Table structure for table `action_logs`
--

DROP TABLE IF EXISTS `action_logs`;
/*!40101 SET @saved_cs_client     = @@character_set_client */;
/*!40101 SET character_set_client = utf8 */;
CREATE TABLE `action_logs` (
  `id` int(11) NOT NULL auto_increment,
  `user_id` int(11) default NULL,
  `action` varchar(255) collate utf8_unicode_ci default NULL,
  `created_at` datetime default NULL,
  `updated_at` datetime default NULL,
  `deleted` tinyint(1) default NULL,
  PRIMARY KEY  (`id`)
) ENGINE=InnoDB AUTO_INCREMENT=913 DEFAULT CHARSET=utf8 COLLATE=utf8_unicode_ci;
/*!40101 SET character_set_client = @saved_cs_client */;

--
-- Dumping data for table `action_logs`
--

LOCK TABLES `action_logs` WRITE;
/*!40000 ALTER TABLE `action_logs` DISABLE KEYS */;
INSERT INTO `action_logs` VALUES (1,2,'Vanmechelen Rik logged in','2011-09-28 13:52:52','2011-09-28 13:52:52',NULL),(2,5,'Vanmechelen Rik logged in','2011-09-28 13:54:12','2011-09-28 13:54:12',NULL),(3,3,'Tyca Tyca logged in','2011-09-28 14:09:02','2011-09-28 14:09:02',NULL),(4,3,'Created institute Vrije Universiteit Brussel','2011-09-28 14:09:24','2011-09-28 14:09:24',NULL),(5,3,'Tyca Tyca logged in','2011-09-28 14:12:27','2011-09-28 14:12:27',NULL),(6,3,'Created faculty: Wetenschappen en Bio-ingenieurswetenschappen','2011-09-28 14:12:35','2011-09-28 14:12:35',NULL),(7,3,'Created discipline Computerwetenschappen','2011-09-28 14:12:52','2011-09-28 14:12:52',NULL),(8,3,'Created faculty: Recht en Criminologie','2011-09-28 14:12:58','2011-09-28 14:12:58',NULL),(9,3,'Created discipline Fysica','2011-09-28 14:13:25','2011-09-28 14:13:25',NULL),(10,3,'Created faculty: Psychologie en Educatiewetenschappen','2011-09-28 14:13:36','2011-09-28 14:13:36',NULL),(11,3,'Created discipline Chemie','2011-09-28 14:13:51','2011-09-28 14:13:51',NULL),(12,3,'Created faculty: Letteren en Wijsbegeerte','2011-09-28 14:14:07','2011-09-28 14:14:07',NULL),(13,3,'Created discipline Biologie','2011-09-28 14:14:22','2011-09-28 14:14:22',NULL),(14,3,'Created faculty: Ingenieurswetenschappen','2011-09-28 14:14:32','2011-09-28 14:14:32',NULL),(15,3,'Created discipline Wiskunde','2011-09-28 14:14:52','2011-09-28 14:14:52',NULL),(16,3,'Created faculty: Lichamelijke Opvoeding en Kinesitherapie','2011-09-28 14:15:02','2011-09-28 14:15:02',NULL),(17,3,'Created discipline Geografie','2011-09-28 14:15:15','2011-09-28 14:15:15',NULL),(18,3,'Created faculty: Faculteit Economische, Sociale en Politieke Wetenschappen & Solvay Business School','2011-09-28 14:15:58','2011-09-28 14:15:58',NULL),(19,3,'Created discipline Bio-ingenieurswetenschappen','2011-09-28 14:16:03','2011-09-28 14:16:03',NULL),(20,3,'Created discipline Politieke Wetenschappen','2011-09-28 14:16:32','2011-09-28 14:16:32',NULL),(21,3,'Created discipline bachelor in de ingenieurswetenschappen','2011-09-28 14:20:36','2011-09-28 14:20:36',NULL),(22,3,'Created discipline Geschiedenis','2011-09-28 14:21:25','2011-09-28 14:21:25',NULL),(23,3,'Created discipline  Lichamelijke opvoeding en bewegingswetenschappen','2011-09-28 14:23:03','2011-09-28 14:23:03',NULL),(24,3,'Created discipline psychologie','2011-09-28 14:24:48','2011-09-28 14:24:48',NULL),(25,3,'Created discipline Rechten','2011-09-28 14:25:23','2011-09-28 14:25:23',NULL),(26,3,'Created discipline Communicatiewetenschappen','2011-09-28 14:32:13','2011-09-28 14:32:13',NULL),(27,3,'Created discipline Handelsingenieur','2011-09-28 14:36:25','2011-09-28 14:36:25',NULL),(28,3,'Edit discipline Ingenieurswetenschappen','2011-09-28 14:40:02','2011-09-28 14:40:02',NULL),(29,3,'Tyca Tyca logged in','2011-09-28 16:13:40','2011-09-28 16:13:40',NULL),(30,3,'Tyca Tyca logged in','2011-09-28 16:21:47','2011-09-28 16:21:47',NULL),(31,3,'Tyca Tyca logged in','2011-09-28 16:32:41','2011-09-28 16:32:41',NULL),(32,9,'Bollu Stoffel logged in','2011-09-28 16:34:48','2011-09-28 16:34:48',NULL),(33,14,'Van Lysebetten Michael logged in','2011-09-28 16:34:54','2011-09-28 16:34:54',NULL),(34,9,'Bollu Stoffel logged in','2011-09-28 16:37:31','2011-09-28 16:37:31',NULL),(35,1,'Matthijssens Roeland logged in','2011-09-28 16:38:31','2011-09-28 16:38:31',NULL),(36,9,'Bollu Stoffel logged in','2011-09-28 16:39:09','2011-09-28 16:39:09',NULL),(37,14,'Van Lysebetten Michael logged in','2011-09-28 16:39:57','2011-09-28 16:39:57',NULL),(38,11,'Eggerickx Laurence logged in','2011-09-28 17:00:09','2011-09-28 17:00:09',NULL),(39,3,'Tyca Tyca logged in','2011-09-28 20:06:57','2011-09-28 20:06:57',NULL),(40,6,'Scheppers Jeremy logged in','2011-09-28 20:15:44','2011-09-28 20:15:44',NULL),(41,3,'Tyca Tyca logged in','2011-09-28 20:16:57','2011-09-28 20:16:57',NULL),(42,6,'Scheppers Jeremy logged in','2011-09-28 20:23:24','2011-09-28 20:23:24',NULL),(43,3,'Tyca Tyca logged in','2011-09-28 20:37:28','2011-09-28 20:37:28',NULL),(44,25,'Pauwels Evi logged in','2011-09-29 06:25:40','2011-09-29 06:25:40',NULL),(45,3,'Tyca Tyca logged in','2011-09-29 07:00:24','2011-09-29 07:00:24',NULL),(46,5,'Vanmechelen Rik logged in','2011-09-29 07:12:44','2011-09-29 07:12:44',NULL),(47,3,'Tyca Tyca logged in','2011-09-29 07:37:58','2011-09-29 07:37:58',NULL),(48,25,'Pauwels Evi logged in','2011-09-29 08:01:30','2011-09-29 08:01:30',NULL),(49,3,'Tyca Tyca logged in','2011-09-29 09:31:49','2011-09-29 09:31:49',NULL),(50,27,'keppens gil logged in','2011-09-29 10:01:13','2011-09-29 10:01:13',NULL),(51,27,'keppens gil logged in','2011-09-29 10:04:47','2011-09-29 10:04:47',NULL),(52,25,'Pauwels Evi logged in','2011-09-29 11:13:52','2011-09-29 11:13:52',NULL),(53,29,'Grauls Wim logged in','2011-09-29 12:32:34','2011-09-29 12:32:34',NULL),(54,3,'Tyca Tyca logged in','2011-09-29 13:18:58','2011-09-29 13:18:58',NULL),(55,3,'Tyca Tyca logged in','2011-09-29 13:33:58','2011-09-29 13:33:58',NULL),(56,32,'Vankevelaer Jules logged in','2011-09-29 16:18:18','2011-09-29 16:18:18',NULL),(57,14,'Van Lysebetten Michael logged in','2011-09-29 18:42:57','2011-09-29 18:42:57',NULL),(58,32,'Vankevelaer Jules logged in','2011-09-29 20:12:09','2011-09-29 20:12:09',NULL),(59,16,'Smedts Gaelle logged in','2011-09-29 22:56:08','2011-09-29 22:56:08',NULL),(60,3,'Tyca Tyca logged in','2011-09-30 08:22:20','2011-09-30 08:22:20',NULL),(61,14,'Van Lysebetten Michael logged in','2011-09-30 09:01:46','2011-09-30 09:01:46',NULL),(62,3,'Tyca Tyca logged in','2011-09-30 09:02:07','2011-09-30 09:02:07',NULL),(63,3,'Created discipline Criminologie','2011-09-30 09:02:56','2011-09-30 09:02:56',NULL),(64,3,'Tyca Tyca logged in','2011-09-30 10:36:55','2011-09-30 10:36:55',NULL),(65,1,'Matthijssens Roeland logged in','2011-09-30 10:41:52','2011-09-30 10:41:52',NULL),(66,12,'Van Hellemont Charlotte logged in','2011-09-30 14:28:33','2011-09-30 14:28:33',NULL),(67,3,'Tyca Tyca logged in','2011-09-30 16:57:48','2011-09-30 16:57:48',NULL),(68,14,'Van Lysebetten Michael logged in','2011-09-30 17:33:03','2011-09-30 17:33:03',NULL),(69,3,'Tyca Tyca logged in','2011-09-30 19:00:01','2011-09-30 19:00:01',NULL),(70,3,'Tyca Tyca logged in','2011-09-30 21:29:00','2011-09-30 21:29:00',NULL),(71,3,'Tyca Tyca logged in','2011-09-30 22:11:50','2011-09-30 22:11:50',NULL),(72,4,'Test Test logged in','2011-09-30 22:21:38','2011-09-30 22:21:38',NULL),(73,4,'Test Test logged in','2011-09-30 22:37:46','2011-09-30 22:37:46',NULL),(74,4,'Test Test logged in','2011-09-30 22:43:25','2011-09-30 22:43:25',NULL),(75,2,'Vanmechelen Rik logged in','2011-09-30 23:08:47','2011-09-30 23:08:47',NULL),(76,3,'Tyca Tyca logged in','2011-10-01 00:46:38','2011-10-01 00:46:38',NULL),(77,2,'Vanmechelen Rik logged in','2011-10-01 08:16:23','2011-10-01 08:16:23',NULL),(78,1,'Matthijssens Roeland logged in','2011-10-01 08:30:16','2011-10-01 08:30:16',NULL),(79,12,'Van Hellemont Charlotte logged in','2011-10-01 08:54:27','2011-10-01 08:54:27',NULL),(80,3,'Tyca Tyca logged in','2011-10-01 09:48:53','2011-10-01 09:48:53',NULL),(81,3,'Tyca Tyca logged in','2011-10-01 09:49:02','2011-10-01 09:49:02',NULL),(82,3,'Tyca Tyca logged in','2011-10-01 10:19:08','2011-10-01 10:19:08',NULL),(83,2,'Vanmechelen Rik logged in','2011-10-01 10:20:22','2011-10-01 10:20:22',NULL),(84,33,'Manager Junior logged in','2011-10-01 10:21:05','2011-10-01 10:21:05',NULL),(85,33,'Manager Junior logged in','2011-10-01 10:21:11','2011-10-01 10:21:11',NULL),(86,33,'Manager Junior logged in','2011-10-01 10:24:41','2011-10-01 10:24:41',NULL),(87,33,'Manager Junior logged in','2011-10-01 10:24:57','2011-10-01 10:24:57',NULL),(88,8,'van den Berg Noémie logged in','2011-10-01 10:26:19','2011-10-01 10:26:19',NULL),(89,3,'Tyca Tyca logged in','2011-10-01 10:27:35','2011-10-01 10:27:35',NULL),(90,1,'Matthijssens Roeland logged in','2011-10-01 10:29:33','2011-10-01 10:29:33',NULL),(91,1,'Matthijssens Roeland logged in','2011-10-01 10:29:39','2011-10-01 10:29:39',NULL),(92,1,'Matthijssens Roeland logged in','2011-10-01 10:29:46','2011-10-01 10:29:46',NULL),(93,1,'Matthijssens Roeland logged in','2011-10-01 10:29:52','2011-10-01 10:29:52',NULL),(94,1,'Matthijssens Roeland logged in','2011-10-01 10:30:25','2011-10-01 10:30:25',NULL),(95,1,'Matthijssens Roeland logged in','2011-10-01 10:30:44','2011-10-01 10:30:44',NULL),(96,8,'van den Berg Noémie logged in','2011-10-01 10:31:44','2011-10-01 10:31:44',NULL),(97,3,'Created institute Tyca','2011-10-01 10:32:09','2011-10-01 10:32:09',NULL),(98,8,'van den Berg Noémie logged in','2011-10-01 10:32:11','2011-10-01 10:32:11',NULL),(99,3,'Created faculty: Open Bibliotheek','2011-10-01 10:32:53','2011-10-01 10:32:53',NULL),(100,3,'Created discipline SEP','2011-10-01 10:33:01','2011-10-01 10:33:01',NULL),(101,3,'New message posted 1','2011-10-01 10:33:46','2011-10-01 10:33:46',NULL),(102,33,'Manager Junior logged in','2011-10-01 10:48:58','2011-10-01 10:48:58',NULL),(103,13,'van Beljouw Jesse logged in','2011-10-01 11:32:44','2011-10-01 11:32:44',NULL),(104,33,'Manager Junior logged in','2011-10-01 11:35:10','2011-10-01 11:35:10',NULL),(105,33,'Manager Junior logged in','2011-10-01 11:36:42','2011-10-01 11:36:42',NULL),(106,32,'Vankevelaer Jules logged in','2011-10-01 11:49:58','2011-10-01 11:49:58',NULL),(107,7,'Vanderseypen Gilles logged in','2011-10-01 11:51:02','2011-10-01 11:51:02',NULL),(108,3,'Tyca Tyca logged in','2011-10-01 11:57:40','2011-10-01 11:57:40',NULL),(109,33,'Manager Junior logged in','2011-10-01 11:59:59','2011-10-01 11:59:59',NULL),(110,3,'Tyca Tyca logged in','2011-10-01 12:19:08','2011-10-01 12:19:08',NULL),(111,3,'Edit faculty: Biblio Tyca','2011-10-01 12:31:49','2011-10-01 12:31:49',NULL),(112,3,'Edit faculty: Biblio Tyca','2011-10-01 12:32:07','2011-10-01 12:32:07',NULL),(113,3,'Edit faculty: Open Bibliotheek','2011-10-01 12:33:11','2011-10-01 12:33:11',NULL),(114,3,'Edit institute Vrije Universiteit Brussel','2011-10-01 12:36:16','2011-10-01 12:36:16',NULL),(115,3,'Edit institute Vrije Universiteit Brussel','2011-10-01 12:36:29','2011-10-01 12:36:29',NULL),(116,3,'Tyca Tyca logged in','2011-10-01 12:46:06','2011-10-01 12:46:06',NULL),(117,4,'Test Test logged in','2011-10-01 12:51:51','2011-10-01 12:51:51',NULL),(118,4,'Test Test logged in','2011-10-01 12:52:21','2011-10-01 12:52:21',NULL),(119,2,'Vanmechelen Rik logged in','2011-10-01 12:55:07','2011-10-01 12:55:07',NULL),(120,3,'Tyca Tyca logged in','2011-10-01 12:56:50','2011-10-01 12:56:50',NULL),(121,4,'Test Test logged in','2011-10-01 12:57:33','2011-10-01 12:57:33',NULL),(122,33,'Manager Junior logged in','2011-10-01 12:59:18','2011-10-01 12:59:18',NULL),(123,3,'Tyca Tyca logged in','2011-10-01 13:07:34','2011-10-01 13:07:34',NULL),(124,4,'Test Test logged in','2011-10-01 13:08:20','2011-10-01 13:08:20',NULL),(125,2,'Vanmechelen Rik logged in','2011-10-01 13:25:59','2011-10-01 13:25:59',NULL),(126,33,'Manager Junior logged in','2011-10-01 13:26:09','2011-10-01 13:26:09',NULL),(127,3,'Tyca Tyca logged in','2011-10-01 13:28:01','2011-10-01 13:28:01',NULL),(128,4,'Test Test logged in','2011-10-01 13:50:09','2011-10-01 13:50:09',NULL),(129,3,'Tyca Tyca logged in','2011-10-01 14:01:36','2011-10-01 14:01:36',NULL),(130,2,'Vanmechelen Rik logged in','2011-10-01 14:05:08','2011-10-01 14:05:08',NULL),(131,8,'van den Berg Noémie logged in','2011-10-01 14:08:18','2011-10-01 14:08:18',NULL),(132,2,'Vanmechelen Rik logged in','2011-10-01 14:14:11','2011-10-01 14:14:11',NULL),(133,34,'manager serior logged in','2011-10-01 14:15:55','2011-10-01 14:15:55',NULL),(134,3,'Tyca Tyca logged in','2011-10-01 14:24:51','2011-10-01 14:24:51',NULL),(135,34,'manager serior logged in','2011-10-01 14:33:14','2011-10-01 14:33:14',NULL),(136,3,'New message posted 2','2011-10-01 14:39:07','2011-10-01 14:39:07',NULL),(137,34,'Edit institute Tyca','2011-10-01 14:40:59','2011-10-01 14:40:59',NULL),(138,3,'Tyca Tyca logged in','2011-10-01 14:42:09','2011-10-01 14:42:09',NULL),(139,34,'manager serior logged in','2011-10-01 14:45:05','2011-10-01 14:45:05',NULL),(140,35,'student student logged in','2011-10-01 14:59:51','2011-10-01 14:59:51',NULL),(141,3,'Tyca Tyca logged in','2011-10-01 15:00:36','2011-10-01 15:00:36',NULL),(142,35,'student student logged in','2011-10-01 15:01:30','2011-10-01 15:01:30',NULL),(143,35,'student student logged in','2011-10-01 15:09:47','2011-10-01 15:09:47',NULL),(144,35,'student student logged in','2011-10-01 15:10:12','2011-10-01 15:10:12',NULL),(145,2,'Vanmechelen Rik logged in','2011-10-01 15:13:23','2011-10-01 15:13:23',NULL),(146,7,'Vanderseypen Gilles logged in','2011-10-01 15:16:43','2011-10-01 15:16:43',NULL),(147,33,'Manager Junior logged in','2011-10-01 15:19:34','2011-10-01 15:19:34',NULL),(148,34,'manager serior logged in','2011-10-01 15:25:15','2011-10-01 15:25:15',NULL),(149,3,'Tyca Tyca logged in','2011-10-01 15:42:27','2011-10-01 15:42:27',NULL),(150,35,'student student logged in','2011-10-01 15:53:42','2011-10-01 15:53:42',NULL),(151,34,'manager serior logged in','2011-10-01 15:55:33','2011-10-01 15:55:33',NULL),(152,1,'Matthijssens Roeland logged in','2011-10-01 17:05:08','2011-10-01 17:05:08',NULL),(153,14,'Van Lysebetten Michael logged in','2011-10-01 17:57:08','2011-10-01 17:57:08',NULL),(154,14,'Van Lysebetten Michael logged in','2011-10-01 17:59:39','2011-10-01 17:59:39',NULL),(155,3,'Tyca Tyca logged in','2011-10-01 19:02:20','2011-10-01 19:02:20',NULL),(156,36,'Vanwalle Ruth logged in','2011-10-01 19:03:26','2011-10-01 19:03:26',NULL),(157,3,'Tyca Tyca logged in','2011-10-01 19:11:26','2011-10-01 19:11:26',NULL),(158,2,'Vanmechelen Rik logged in','2011-10-01 20:09:38','2011-10-01 20:09:38',NULL),(159,35,'student student logged in','2011-10-01 20:28:49','2011-10-01 20:28:49',NULL),(160,14,'Van Lysebetten Michael logged in','2011-10-01 20:59:06','2011-10-01 20:59:06',NULL),(161,34,'manager serior logged in','2011-10-01 21:07:31','2011-10-01 21:07:31',NULL),(162,16,'Smedts Gaelle logged in','2011-10-01 21:31:59','2011-10-01 21:31:59',NULL),(163,33,'Manager Junior logged in','2011-10-01 22:36:52','2011-10-01 22:36:52',NULL),(164,2,'Vanmechelen Rik logged in','2011-10-01 22:41:30','2011-10-01 22:41:30',NULL),(165,34,'manager serior logged in','2011-10-01 22:50:00','2011-10-01 22:50:00',NULL),(166,33,'Manager Junior logged in','2011-10-01 22:56:49','2011-10-01 22:56:49',NULL),(167,34,'manager serior logged in','2011-10-01 23:02:36','2011-10-01 23:02:36',NULL),(168,35,'student student logged in','2011-10-01 23:07:02','2011-10-01 23:07:02',NULL),(169,33,'Manager Junior logged in','2011-10-01 23:09:28','2011-10-01 23:09:28',NULL),(170,8,'van den Berg Noémie logged in','2011-10-01 23:27:35','2011-10-01 23:27:35',NULL),(171,35,'student student logged in','2011-10-01 23:55:00','2011-10-01 23:55:00',NULL),(172,34,'manager serior logged in','2011-10-02 09:40:06','2011-10-02 09:40:06',NULL),(173,3,'Tyca Tyca logged in','2011-10-02 09:45:16','2011-10-02 09:45:16',NULL),(174,33,'Manager Junior logged in','2011-10-02 10:08:30','2011-10-02 10:08:30',NULL),(175,33,'Manager Junior logged in','2011-10-02 10:08:31','2011-10-02 10:08:31',NULL),(176,33,'Manager Junior logged in','2011-10-02 10:09:35','2011-10-02 10:09:35',NULL),(177,34,'manager serior logged in','2011-10-02 10:10:06','2011-10-02 10:10:06',NULL),(178,33,'Manager Junior logged in','2011-10-02 10:12:37','2011-10-02 10:12:37',NULL),(179,34,'manager serior logged in','2011-10-02 10:14:42','2011-10-02 10:14:42',NULL),(180,34,'manager serior logged in','2011-10-02 11:04:21','2011-10-02 11:04:21',NULL),(181,3,'Tyca Tyca logged in','2011-10-02 11:06:04','2011-10-02 11:06:04',NULL),(182,1,'Matthijssens Roeland logged in','2011-10-02 11:13:45','2011-10-02 11:13:45',NULL),(183,1,'Edit supply 1','2011-10-02 11:14:28','2011-10-02 11:14:28',NULL),(184,1,'Edit supply 1','2011-10-02 11:14:36','2011-10-02 11:14:36',NULL),(185,3,'Created stock for Versie 2010 in guild ESP Cursusdienst','2011-10-02 11:15:45','2011-10-02 11:15:45',NULL),(186,34,'manager serior logged in','2011-10-02 11:16:25','2011-10-02 11:16:25',NULL),(187,15,'Pouille max logged in','2011-10-02 11:17:10','2011-10-02 11:17:10',NULL),(188,15,'Created discipline Agogische Wetenschappen','2011-10-02 11:30:00','2011-10-02 11:30:00',NULL),(189,15,'Pouille max logged in','2011-10-02 11:34:02','2011-10-02 11:34:02',NULL),(190,15,'Pouille max logged in','2011-10-02 11:35:33','2011-10-02 11:35:33',NULL),(191,15,'Pouille max logged in','2011-10-02 11:38:11','2011-10-02 11:38:11',NULL),(192,8,'van den Berg Noémie logged in','2011-10-02 12:16:40','2011-10-02 12:16:40',NULL),(193,34,'manager serior logged in','2011-10-02 12:27:09','2011-10-02 12:27:09',NULL),(194,3,'Tyca Tyca logged in','2011-10-02 12:30:57','2011-10-02 12:30:57',NULL),(195,3,'Tyca Tyca logged in','2011-10-02 12:33:15','2011-10-02 12:33:15',NULL),(196,8,'van den Berg Noémie logged in','2011-10-02 12:37:21','2011-10-02 12:37:21',NULL),(197,3,'Tyca Tyca logged in','2011-10-02 12:37:37','2011-10-02 12:37:37',NULL),(198,3,'Tyca Tyca logged in','2011-10-02 12:38:23','2011-10-02 12:38:23',NULL),(199,34,'manager serior logged in','2011-10-02 12:38:43','2011-10-02 12:38:43',NULL),(200,7,'Vanderseypen Gilles logged in','2011-10-02 12:38:58','2011-10-02 12:38:58',NULL),(201,34,'manager serior logged in','2011-10-02 12:49:50','2011-10-02 12:49:50',NULL),(202,34,'manager serior logged in','2011-10-02 12:51:00','2011-10-02 12:51:00',NULL),(203,33,'Manager Junior logged in','2011-10-02 12:51:41','2011-10-02 12:51:41',NULL),(204,7,'Edit supply 9','2011-10-02 13:03:58','2011-10-02 13:03:58',NULL),(205,8,'Edit supply 3','2011-10-02 13:06:45','2011-10-02 13:06:45',NULL),(206,8,'Edit supply 13','2011-10-02 13:33:01','2011-10-02 13:33:01',NULL),(207,15,'Pouille max logged in','2011-10-02 13:46:17','2011-10-02 13:46:17',NULL),(208,33,'Manager Junior logged in','2011-10-02 13:46:23','2011-10-02 13:46:23',NULL),(209,35,'student student logged in','2011-10-02 13:46:41','2011-10-02 13:46:41',NULL),(210,8,'van den Berg Noémie logged in','2011-10-02 13:47:01','2011-10-02 13:47:01',NULL),(211,32,'Vankevelaer Jules logged in','2011-10-02 13:57:04','2011-10-02 13:57:04',NULL),(212,32,'Vankevelaer Jules logged in','2011-10-02 14:04:43','2011-10-02 14:04:43',NULL),(213,7,'Edit supply 16','2011-10-02 14:11:43','2011-10-02 14:11:43',NULL),(214,33,'Manager Junior logged in','2011-10-02 14:12:41','2011-10-02 14:12:41',NULL),(215,32,'Vankevelaer Jules logged in','2011-10-02 14:16:18','2011-10-02 14:16:18',NULL),(216,3,'Tyca Tyca logged in','2011-10-02 14:21:19','2011-10-02 14:21:19',NULL),(217,3,'Created discipline Sociale Wetenschappen','2011-10-02 14:21:55','2011-10-02 14:21:55',NULL),(218,3,'Created discipline Toegepaste Economische Wetenschappen','2011-10-02 14:23:00','2011-10-02 14:23:00',NULL),(219,3,'Created discipline Bestuurskunde','2011-10-02 14:23:18','2011-10-02 14:23:18',NULL),(220,9,'Bollu Stoffel logged in','2011-10-02 14:27:42','2011-10-02 14:27:42',NULL),(221,11,'Eggerickx Laurence logged in','2011-10-02 14:28:02','2011-10-02 14:28:02',NULL),(222,14,'Van Lysebetten Michael logged in','2011-10-02 14:39:40','2011-10-02 14:39:40',NULL),(223,3,'Tyca Tyca logged in','2011-10-02 15:06:03','2011-10-02 15:06:03',NULL),(224,9,'Bollu Stoffel logged in','2011-10-02 15:07:22','2011-10-02 15:07:22',NULL),(225,8,'van den Berg Noémie logged in','2011-10-02 15:21:18','2011-10-02 15:21:18',NULL),(226,14,'Van Lysebetten Michael logged in','2011-10-02 15:22:43','2011-10-02 15:22:43',NULL),(227,15,'Pouille max logged in','2011-10-02 15:28:56','2011-10-02 15:28:56',NULL),(228,3,'Tyca Tyca logged in','2011-10-02 15:30:53','2011-10-02 15:30:53',NULL),(229,7,'Vanderseypen Gilles logged in','2011-10-02 15:31:28','2011-10-02 15:31:28',NULL),(230,3,'Tyca Tyca logged in','2011-10-02 15:32:40','2011-10-02 15:32:40',NULL),(231,3,'Tyca Tyca logged in','2011-10-02 15:35:29','2011-10-02 15:35:29',NULL),(232,14,'Van Lysebetten Michael logged in','2011-10-02 15:36:41','2011-10-02 15:36:41',NULL),(233,9,'Bollu Stoffel logged in','2011-10-02 15:37:20','2011-10-02 15:37:20',NULL),(234,10,'Richard Maya logged in','2011-10-02 15:40:02','2011-10-02 15:40:02',NULL),(235,9,'Bollu Stoffel logged in','2011-10-02 15:41:54','2011-10-02 15:41:54',NULL),(236,3,'Tyca Tyca logged in','2011-10-02 15:42:35','2011-10-02 15:42:35',NULL),(237,3,'Tyca Tyca logged in','2011-10-02 15:44:51','2011-10-02 15:44:51',NULL),(238,9,'Bollu Stoffel logged in','2011-10-02 15:44:56','2011-10-02 15:44:56',NULL),(239,8,'Edit supply 19','2011-10-02 15:46:21','2011-10-02 15:46:21',NULL),(240,8,'Edit supply 19','2011-10-02 15:48:46','2011-10-02 15:48:46',NULL),(241,14,'Van Lysebetten Michael logged in','2011-10-02 15:50:18','2011-10-02 15:50:18',NULL),(242,14,'Van Lysebetten Michael logged in','2011-10-02 15:55:41','2011-10-02 15:55:41',NULL),(243,8,'Edit supply 19','2011-10-02 15:56:33','2011-10-02 15:56:33',NULL),(244,8,'Edit supply 23','2011-10-02 16:09:02','2011-10-02 16:09:02',NULL),(245,8,'Edit supply 20','2011-10-02 16:11:03','2011-10-02 16:11:03',NULL),(246,8,'Edit supply 23','2011-10-02 16:12:21','2011-10-02 16:12:21',NULL),(247,9,'Edit supply 24','2011-10-02 16:17:05','2011-10-02 16:17:05',NULL),(248,3,'Tyca Tyca logged in','2011-10-02 16:34:50','2011-10-02 16:34:50',NULL),(249,13,'van Beljouw Jesse logged in','2011-10-02 17:10:35','2011-10-02 17:10:35',NULL),(250,14,'Created discipline Taal- en Letterkunde','2011-10-02 17:19:07','2011-10-02 17:19:07',NULL),(251,14,'Created discipline Kunstwetenschappen en Archeologie','2011-10-02 17:19:57','2011-10-02 17:19:57',NULL),(252,14,'Created discipline Wijsbegeerte','2011-10-02 17:20:48','2011-10-02 17:20:48',NULL),(253,8,'van den Berg Noémie logged in','2011-10-02 18:56:14','2011-10-02 18:56:14',NULL),(254,35,'student student logged in','2011-10-02 19:03:38','2011-10-02 19:03:38',NULL),(255,3,'Tyca Tyca logged in','2011-10-02 19:05:25','2011-10-02 19:05:25',NULL),(256,8,'van den Berg Noémie logged in','2011-10-02 19:21:19','2011-10-02 19:21:19',NULL),(257,3,'Tyca Tyca logged in','2011-10-02 20:07:04','2011-10-02 20:07:04',NULL),(258,3,'Tyca Tyca logged in','2011-10-02 21:16:35','2011-10-02 21:16:35',NULL),(259,14,'Van Lysebetten Michael logged in','2011-10-02 21:32:12','2011-10-02 21:32:12',NULL),(260,3,'Tyca Tyca logged in','2011-10-02 22:41:19','2011-10-02 22:41:19',NULL),(261,3,'Tyca Tyca logged in','2011-10-02 23:05:12','2011-10-02 23:05:12',NULL),(262,8,'Edit supply 23','2011-10-02 23:35:51','2011-10-02 23:35:51',NULL),(263,3,'Tyca Tyca logged in','2011-10-03 02:30:30','2011-10-03 02:30:30',NULL),(264,2,'Vanmechelen Rik logged in','2011-10-03 02:35:16','2011-10-03 02:35:16',NULL),(265,41,'Rabaey Elisabeth logged in','2011-10-03 06:21:29','2011-10-03 06:21:29',NULL),(266,19,'Moortgat Zoë logged in','2011-10-03 07:09:34','2011-10-03 07:09:34',NULL),(267,9,'Edit supply 31','2011-10-03 08:04:59','2011-10-03 08:04:59',NULL),(268,36,'Edit supply 47','2011-10-03 08:21:27','2011-10-03 08:21:27',NULL),(269,10,'Richard Maya logged in','2011-10-03 08:27:06','2011-10-03 08:27:06',NULL),(270,51,'De Graef Sabe logged in','2011-10-03 08:32:06','2011-10-03 08:32:06',NULL),(271,10,'Richard Maya logged in','2011-10-03 08:42:14','2011-10-03 08:42:14',NULL),(272,55,'de prez reinout logged in','2011-10-03 08:44:44','2011-10-03 08:44:44',NULL),(273,55,'de prez reinout logged in','2011-10-03 08:52:38','2011-10-03 08:52:38',NULL),(274,3,'Tyca Tyca logged in','2011-10-03 08:56:46','2011-10-03 08:56:46',NULL),(275,10,'Richard Maya logged in','2011-10-03 08:58:59','2011-10-03 08:58:59',NULL),(276,52,'O Yannick logged in','2011-10-03 08:59:25','2011-10-03 08:59:25',NULL),(277,3,'Tyca Tyca logged in','2011-10-03 08:59:37','2011-10-03 08:59:37',NULL),(278,55,'de prez reinout logged in','2011-10-03 09:03:43','2011-10-03 09:03:43',NULL),(279,51,'De Graef Sabe logged in','2011-10-03 09:07:21','2011-10-03 09:07:21',NULL),(280,3,'Edit supply 54','2011-10-03 09:08:00','2011-10-03 09:08:00',NULL),(281,9,'Created stock for 2000 in guild Het Vlaams Rechtsgenootschap','2011-10-03 09:08:48','2011-10-03 09:08:48',NULL),(282,3,'Tyca Tyca logged in','2011-10-03 09:09:59','2011-10-03 09:09:59',NULL),(283,60,'Dirks Ellen logged in','2011-10-03 09:16:58','2011-10-03 09:16:58',NULL),(284,60,'Dirks Ellen logged in','2011-10-03 09:17:00','2011-10-03 09:17:00',NULL),(285,55,'de prez reinout logged in','2011-10-03 09:24:44','2011-10-03 09:24:44',NULL),(286,10,'Richard Maya logged in','2011-10-03 09:30:07','2011-10-03 09:30:07',NULL),(287,51,'De Graef Sabe logged in','2011-10-03 09:37:39','2011-10-03 09:37:39',NULL),(288,64,'Fataiie Maral logged in','2011-10-03 09:40:46','2011-10-03 09:40:46',NULL),(289,36,'Vanwalle Ruth logged in','2011-10-03 09:45:32','2011-10-03 09:45:32',NULL),(290,55,'de prez reinout logged in','2011-10-03 09:46:17','2011-10-03 09:46:17',NULL),(291,19,'Moortgat Zoë logged in','2011-10-03 09:48:58','2011-10-03 09:48:58',NULL),(292,3,'Tyca Tyca logged in','2011-10-03 09:51:35','2011-10-03 09:51:35',NULL),(293,46,'Van melkebeke Laura logged in','2011-10-03 09:53:31','2011-10-03 09:53:31',NULL),(294,9,'Bollu Stoffel logged in','2011-10-03 09:55:26','2011-10-03 09:55:26',NULL),(295,68,'moens kelly logged in','2011-10-03 09:58:14','2011-10-03 09:58:14',NULL),(296,68,'moens kelly logged in','2011-10-03 09:59:47','2011-10-03 09:59:47',NULL),(297,36,'Vanwalle Ruth logged in','2011-10-03 10:02:35','2011-10-03 10:02:35',NULL),(298,68,'moens kelly logged in','2011-10-03 10:03:31','2011-10-03 10:03:31',NULL),(299,36,'Vanwalle Ruth logged in','2011-10-03 10:04:45','2011-10-03 10:04:45',NULL),(300,36,'Vanwalle Ruth logged in','2011-10-03 10:07:48','2011-10-03 10:07:48',NULL),(301,8,'van den Berg Noémie logged in','2011-10-03 10:08:21','2011-10-03 10:08:21',NULL),(302,3,'Tyca Tyca logged in','2011-10-03 10:11:27','2011-10-03 10:11:27',NULL),(303,71,'Elst Sébastien logged in','2011-10-03 10:12:35','2011-10-03 10:12:35',NULL),(304,37,'Van den haute Jeroen logged in','2011-10-03 10:12:42','2011-10-03 10:12:42',NULL),(305,3,'Tyca Tyca logged in','2011-10-03 10:14:20','2011-10-03 10:14:20',NULL),(306,51,'De Graef Sabe logged in','2011-10-03 10:14:47','2011-10-03 10:14:47',NULL),(307,66,'De Keijser Guillaume logged in','2011-10-03 10:15:47','2011-10-03 10:15:47',NULL),(308,36,'Vanwalle Ruth logged in','2011-10-03 10:16:16','2011-10-03 10:16:16',NULL),(309,3,'Tyca Tyca logged in','2011-10-03 10:17:12','2011-10-03 10:17:12',NULL),(310,66,'De Keijser Guillaume logged in','2011-10-03 10:17:37','2011-10-03 10:17:37',NULL),(311,58,'Van den Eede Kevin logged in','2011-10-03 10:17:49','2011-10-03 10:17:49',NULL),(312,3,'Tyca Tyca logged in','2011-10-03 10:19:59','2011-10-03 10:19:59',NULL),(313,36,'Vanwalle Ruth logged in','2011-10-03 10:23:39','2011-10-03 10:23:39',NULL),(314,3,'Tyca Tyca logged in','2011-10-03 10:31:35','2011-10-03 10:31:35',NULL),(315,57,'Sergeant Lawrence logged in','2011-10-03 10:34:23','2011-10-03 10:34:23',NULL),(316,1,'Matthijssens Roeland logged in','2011-10-03 10:35:43','2011-10-03 10:35:43',NULL),(317,19,'Moortgat Zoë logged in','2011-10-03 10:39:27','2011-10-03 10:39:27',NULL),(318,36,'Vanwalle Ruth logged in','2011-10-03 10:39:56','2011-10-03 10:39:56',NULL),(319,3,'Tyca Tyca logged in','2011-10-03 10:41:03','2011-10-03 10:41:03',NULL),(320,38,'Missotten Noémie logged in','2011-10-03 10:41:31','2011-10-03 10:41:31',NULL),(321,36,'Vanwalle Ruth logged in','2011-10-03 10:42:51','2011-10-03 10:42:51',NULL),(322,19,'Moortgat Zoë logged in','2011-10-03 10:44:24','2011-10-03 10:44:24',NULL),(323,36,'Vanwalle Ruth logged in','2011-10-03 10:45:34','2011-10-03 10:45:34',NULL),(324,21,'Vermassen Lynn logged in','2011-10-03 10:49:33','2011-10-03 10:49:33',NULL),(325,85,'Beckmann maaike logged in','2011-10-03 10:51:11','2011-10-03 10:51:11',NULL),(326,8,'van den Berg Noémie logged in','2011-10-03 10:51:59','2011-10-03 10:51:59',NULL),(327,3,'Tyca Tyca logged in','2011-10-03 10:54:14','2011-10-03 10:54:14',NULL),(328,3,'Tyca Tyca logged in','2011-10-03 11:08:04','2011-10-03 11:08:04',NULL),(329,70,'van meenen jan logged in','2011-10-03 11:09:32','2011-10-03 11:09:32',NULL),(330,3,'Tyca Tyca logged in','2011-10-03 11:10:08','2011-10-03 11:10:08',NULL),(331,89,'Buggenhout Anniek logged in','2011-10-03 11:26:05','2011-10-03 11:26:05',NULL),(332,89,'Buggenhout Anniek logged in','2011-10-03 11:26:26','2011-10-03 11:26:26',NULL),(333,44,'Van Den Eynden Jana logged in','2011-10-03 11:26:46','2011-10-03 11:26:46',NULL),(334,90,'Essakhi Fatima logged in','2011-10-03 11:29:04','2011-10-03 11:29:04',NULL),(335,9,'Bollu Stoffel logged in','2011-10-03 11:29:12','2011-10-03 11:29:12',NULL),(336,36,'Vanwalle Ruth logged in','2011-10-03 11:31:54','2011-10-03 11:31:54',NULL),(337,93,'Karadurmus Aytac logged in','2011-10-03 11:35:52','2011-10-03 11:35:52',NULL),(338,94,'Peumans Dries logged in','2011-10-03 11:41:10','2011-10-03 11:41:10',NULL),(339,94,'Peumans Dries logged in','2011-10-03 11:56:57','2011-10-03 11:56:57',NULL),(340,15,'Pouille max logged in','2011-10-03 12:05:47','2011-10-03 12:05:47',NULL),(341,3,'Tyca Tyca logged in','2011-10-03 12:16:38','2011-10-03 12:16:38',NULL),(342,33,'Manager Junior logged in','2011-10-03 12:16:52','2011-10-03 12:16:52',NULL),(343,3,'Tyca Tyca logged in','2011-10-03 12:17:42','2011-10-03 12:17:42',NULL),(344,32,'Vankevelaer Jules logged in','2011-10-03 12:18:47','2011-10-03 12:18:47',NULL),(345,99,'Parmentier Arthur logged in','2011-10-03 12:24:00','2011-10-03 12:24:00',NULL),(346,3,'Tyca Tyca logged in','2011-10-03 12:26:09','2011-10-03 12:26:09',NULL),(347,99,'Parmentier Arthur logged in','2011-10-03 12:27:45','2011-10-03 12:27:45',NULL),(348,32,'Vankevelaer Jules logged in','2011-10-03 12:28:04','2011-10-03 12:28:04',NULL),(349,3,'Tyca Tyca logged in','2011-10-03 12:30:37','2011-10-03 12:30:37',NULL),(350,3,'Tyca Tyca logged in','2011-10-03 12:36:29','2011-10-03 12:36:29',NULL),(351,3,'Tyca Tyca logged in','2011-10-03 12:37:35','2011-10-03 12:37:35',NULL),(352,104,'Dickens Emily logged in','2011-10-03 12:38:20','2011-10-03 12:38:20',NULL),(353,3,'Tyca Tyca logged in','2011-10-03 12:38:36','2011-10-03 12:38:36',NULL),(354,32,'Vankevelaer Jules logged in','2011-10-03 12:39:31','2011-10-03 12:39:31',NULL),(355,98,'Dubois Florian-thomas logged in','2011-10-03 12:42:34','2011-10-03 12:42:34',NULL),(356,32,'Vankevelaer Jules logged in','2011-10-03 12:45:42','2011-10-03 12:45:42',NULL),(357,98,'Dubois Florian-thomas logged in','2011-10-03 12:46:21','2011-10-03 12:46:21',NULL),(358,15,'Pouille max logged in','2011-10-03 12:50:05','2011-10-03 12:50:05',NULL),(359,3,'Tyca Tyca logged in','2011-10-03 12:53:27','2011-10-03 12:53:27',NULL),(360,8,'van den Berg Noémie logged in','2011-10-03 12:53:47','2011-10-03 12:53:47',NULL),(361,15,'Pouille max logged in','2011-10-03 12:54:15','2011-10-03 12:54:15',NULL),(362,9,'Bollu Stoffel logged in','2011-10-03 12:56:45','2011-10-03 12:56:45',NULL),(363,101,'Gilliaert Wesley logged in','2011-10-03 12:57:50','2011-10-03 12:57:50',NULL),(364,32,'Vankevelaer Jules logged in','2011-10-03 12:58:46','2011-10-03 12:58:46',NULL),(365,107,'Van Kerkhoven Kris logged in','2011-10-03 13:04:13','2011-10-03 13:04:13',NULL),(366,39,'Vettori Sarah  logged in','2011-10-03 13:05:07','2011-10-03 13:05:07',NULL),(367,3,'Tyca Tyca logged in','2011-10-03 13:06:42','2011-10-03 13:06:42',NULL),(368,110,'Du Bois Sabrina logged in','2011-10-03 13:25:26','2011-10-03 13:25:26',NULL),(369,112,'Baevegems Jasmien logged in','2011-10-03 13:32:35','2011-10-03 13:32:35',NULL),(370,32,'Edit supply 63','2011-10-03 13:35:42','2011-10-03 13:35:42',NULL),(371,32,'Edit supply 63','2011-10-03 14:02:03','2011-10-03 14:02:03',NULL),(372,71,'Elst Sébastien logged in','2011-10-03 14:04:14','2011-10-03 14:04:14',NULL),(373,39,'Vettori Sarah  logged in','2011-10-03 14:04:27','2011-10-03 14:04:27',NULL),(374,32,'Edit discipline Ingenieurswetenschappen','2011-10-03 14:05:08','2011-10-03 14:05:08',NULL),(375,100,'Punie Vincent logged in','2011-10-03 14:13:33','2011-10-03 14:13:33',NULL),(376,9,'Bollu Stoffel logged in','2011-10-03 14:22:58','2011-10-03 14:22:58',NULL),(377,40,'Mercurio Rachel logged in','2011-10-03 14:54:20','2011-10-03 14:54:20',NULL),(378,115,'Merckx Liesbeth logged in','2011-10-03 14:59:31','2011-10-03 14:59:31',NULL),(379,116,'Van Twembeke Ellen logged in','2011-10-03 15:02:17','2011-10-03 15:02:17',NULL),(380,32,'Vankevelaer Jules logged in','2011-10-03 15:31:16','2011-10-03 15:31:16',NULL),(381,120,'Peeters Stefanie logged in','2011-10-03 15:45:06','2011-10-03 15:45:06',NULL),(382,75,'Magerotte Allan logged in','2011-10-03 15:55:24','2011-10-03 15:55:24',NULL),(383,53,'De Boeck Ilse logged in','2011-10-03 16:18:51','2011-10-03 16:18:51',NULL),(384,59,'Breuls Lars logged in','2011-10-03 16:24:25','2011-10-03 16:24:25',NULL),(385,39,'Vettori Sarah  logged in','2011-10-03 16:59:07','2011-10-03 16:59:07',NULL),(386,121,'D\'Ooghe Dennis logged in','2011-10-03 17:05:13','2011-10-03 17:05:13',NULL),(387,32,'Created discipline Bouwkunde','2011-10-03 17:48:20','2011-10-03 17:48:20',NULL),(388,32,'Created discipline Chemie en Materialen','2011-10-03 18:01:11','2011-10-03 18:01:11',NULL),(389,32,'Created discipline Elektronica en Informatietechnologie','2011-10-03 18:01:45','2011-10-03 18:01:45',NULL),(390,32,'Created discipline Werktuigkunde-Elektrotechniek','2011-10-03 18:02:16','2011-10-03 18:02:16',NULL),(391,107,'Van Kerkhoven Kris logged in','2011-10-03 18:13:56','2011-10-03 18:13:56',NULL),(392,114,'Impatient Isabelle logged in','2011-10-03 18:14:08','2011-10-03 18:14:08',NULL),(393,32,'Edit supply 75','2011-10-03 18:14:26','2011-10-03 18:14:26',NULL),(394,11,'Eggerickx Laurence logged in','2011-10-03 18:28:32','2011-10-03 18:28:32',NULL),(395,52,'O Yannick logged in','2011-10-03 18:29:32','2011-10-03 18:29:32',NULL),(396,117,'Roels Bob logged in','2011-10-03 19:05:04','2011-10-03 19:05:04',NULL),(397,116,'Van Twembeke Ellen logged in','2011-10-03 19:06:12','2011-10-03 19:06:12',NULL),(398,90,'Essakhi Fatima logged in','2011-10-03 19:07:53','2011-10-03 19:07:53',NULL),(399,1,'Matthijssens Roeland logged in','2011-10-03 19:23:51','2011-10-03 19:23:51',NULL),(400,1,'New message posted 3','2011-10-03 19:24:03','2011-10-03 19:24:03',NULL),(401,3,'Tyca Tyca logged in','2011-10-03 19:24:50','2011-10-03 19:24:50',NULL),(402,1,'New message posted 4','2011-10-03 19:26:14','2011-10-03 19:26:14',NULL),(403,3,'New message posted 5','2011-10-03 19:26:56','2011-10-03 19:26:56',NULL),(404,34,'manager serior logged in','2011-10-03 19:53:40','2011-10-03 19:53:40',NULL),(405,32,'Edit supply 83','2011-10-03 19:56:35','2011-10-03 19:56:35',NULL),(406,14,'Van Lysebetten Michael logged in','2011-10-03 21:38:37','2011-10-03 21:38:37',NULL),(407,39,'Vettori Sarah  logged in','2011-10-04 06:00:03','2011-10-04 06:00:03',NULL),(408,124,'sliti anerem logged in','2011-10-04 06:28:19','2011-10-04 06:28:19',NULL),(409,133,'Ekinci Esra logged in','2011-10-04 06:57:10','2011-10-04 06:57:10',NULL),(410,114,'Impatient Isabelle logged in','2011-10-04 07:03:10','2011-10-04 07:03:10',NULL),(411,134,'Vanhaeght Anne-Sofie logged in','2011-10-04 07:06:56','2011-10-04 07:06:56',NULL),(412,137,'Humphreys Matthew logged in','2011-10-04 07:45:52','2011-10-04 07:45:52',NULL),(413,137,'Humphreys Matthew logged in','2011-10-04 07:46:37','2011-10-04 07:46:37',NULL),(414,32,'Vankevelaer Jules logged in','2011-10-04 08:20:32','2011-10-04 08:20:32',NULL),(415,141,'aksoy ertugrul logged in','2011-10-04 08:31:10','2011-10-04 08:31:10',NULL),(416,18,'Verbestel Karel logged in','2011-10-04 08:32:58','2011-10-04 08:32:58',NULL),(417,32,'Created discipline Architectuur','2011-10-04 08:35:50','2011-10-04 08:35:50',NULL),(418,15,'Pouille max logged in','2011-10-04 08:51:35','2011-10-04 08:51:35',NULL),(419,26,'Das Dimitri logged in','2011-10-04 09:05:48','2011-10-04 09:05:48',NULL),(420,32,'Vankevelaer Jules logged in','2011-10-04 09:31:53','2011-10-04 09:31:53',NULL),(421,32,'Vankevelaer Jules logged in','2011-10-04 09:34:22','2011-10-04 09:34:22',NULL),(422,9,'Bollu Stoffel logged in','2011-10-04 09:38:05','2011-10-04 09:38:05',NULL),(423,39,'Vettori Sarah  logged in','2011-10-04 09:45:01','2011-10-04 09:45:01',NULL),(424,13,'van Beljouw Jesse logged in','2011-10-04 09:50:12','2011-10-04 09:50:12',NULL),(425,15,'Pouille max logged in','2011-10-04 09:51:26','2011-10-04 09:51:26',NULL),(426,8,'van den Berg Noémie logged in','2011-10-04 09:52:47','2011-10-04 09:52:47',NULL),(427,32,'Vankevelaer Jules logged in','2011-10-04 09:56:07','2011-10-04 09:56:07',NULL),(428,15,'Pouille max logged in','2011-10-04 09:59:02','2011-10-04 09:59:02',NULL),(429,13,'van Beljouw Jesse logged in','2011-10-04 10:00:28','2011-10-04 10:00:28',NULL),(430,15,'Pouille max logged in','2011-10-04 10:02:21','2011-10-04 10:02:21',NULL),(431,8,'van den Berg Noémie logged in','2011-10-04 10:03:52','2011-10-04 10:03:52',NULL),(432,3,'Tyca Tyca logged in','2011-10-04 10:06:14','2011-10-04 10:06:14',NULL),(433,8,'van den Berg Noémie logged in','2011-10-04 10:09:44','2011-10-04 10:09:44',NULL),(434,15,'Pouille max logged in','2011-10-04 10:12:54','2011-10-04 10:12:54',NULL),(435,36,'Vanwalle Ruth logged in','2011-10-04 10:14:55','2011-10-04 10:14:55',NULL),(436,147,'Pické pieter logged in','2011-10-04 10:21:57','2011-10-04 10:21:57',NULL),(437,10,'Richard Maya logged in','2011-10-04 10:22:21','2011-10-04 10:22:21',NULL),(438,10,'Richard Maya logged in','2011-10-04 10:22:25','2011-10-04 10:22:25',NULL),(439,98,'Dubois Florian-thomas logged in','2011-10-04 10:26:16','2011-10-04 10:26:16',NULL),(440,36,'Vanwalle Ruth logged in','2011-10-04 10:42:25','2011-10-04 10:42:25',NULL),(441,3,'Tyca Tyca logged in','2011-10-04 10:58:28','2011-10-04 10:58:28',NULL),(442,36,'Edit supply 96','2011-10-04 11:00:27','2011-10-04 11:00:27',NULL),(443,151,'Baeyens Els logged in','2011-10-04 11:09:14','2011-10-04 11:09:14',NULL),(444,36,'Vanwalle Ruth logged in','2011-10-04 11:11:01','2011-10-04 11:11:01',NULL),(445,15,'Pouille max logged in','2011-10-04 11:32:34','2011-10-04 11:32:34',NULL),(446,155,'Cancho Grande Céline logged in','2011-10-04 12:37:54','2011-10-04 12:37:54',NULL),(447,134,'Vanhaeght Anne-Sofie logged in','2011-10-04 13:20:37','2011-10-04 13:20:37',NULL),(448,162,'luyckx samuel logged in','2011-10-04 13:53:27','2011-10-04 13:53:27',NULL),(449,15,'Pouille max logged in','2011-10-04 14:26:02','2011-10-04 14:26:02',NULL),(450,77,'Van Assche David logged in','2011-10-04 14:42:11','2011-10-04 14:42:11',NULL),(451,58,'Van den Eede Kevin logged in','2011-10-04 14:50:02','2011-10-04 14:50:02',NULL),(452,15,'Pouille max logged in','2011-10-04 15:08:41','2011-10-04 15:08:41',NULL),(453,15,'Pouille max logged in','2011-10-04 15:18:35','2011-10-04 15:18:35',NULL),(454,15,'Pouille max logged in','2011-10-04 15:18:44','2011-10-04 15:18:44',NULL),(455,16,'Smedts Gaelle logged in','2011-10-04 15:20:05','2011-10-04 15:20:05',NULL),(456,15,'Pouille max logged in','2011-10-04 15:20:34','2011-10-04 15:20:34',NULL),(457,16,'Smedts Gaelle logged in','2011-10-04 15:22:10','2011-10-04 15:22:10',NULL),(458,121,'D\'Ooghe Dennis logged in','2011-10-04 15:24:02','2011-10-04 15:24:02',NULL),(459,32,'Vankevelaer Jules logged in','2011-10-04 15:53:36','2011-10-04 15:53:36',NULL),(460,14,'Van Lysebetten Michael logged in','2011-10-04 15:59:47','2011-10-04 15:59:47',NULL),(461,15,'Pouille max logged in','2011-10-04 16:00:20','2011-10-04 16:00:20',NULL),(462,9,'Bollu Stoffel logged in','2011-10-04 16:21:17','2011-10-04 16:21:17',NULL),(463,131,'de Robiano Frederic logged in','2011-10-04 16:23:59','2011-10-04 16:23:59',NULL),(464,100,'Punie Vincent logged in','2011-10-04 16:28:52','2011-10-04 16:28:52',NULL),(465,39,'Vettori Sarah  logged in','2011-10-04 17:09:01','2011-10-04 17:09:01',NULL),(466,16,'Smedts Gaelle logged in','2011-10-04 17:57:16','2011-10-04 17:57:16',NULL),(467,115,'Merckx Liesbeth logged in','2011-10-04 18:14:00','2011-10-04 18:14:00',NULL),(468,174,'Famelaer Laura logged in','2011-10-04 18:36:57','2011-10-04 18:36:57',NULL),(469,177,'Van Damme Imke logged in','2011-10-04 18:40:29','2011-10-04 18:40:29',NULL),(470,116,'Van Twembeke Ellen logged in','2011-10-04 18:53:07','2011-10-04 18:53:07',NULL),(471,178,'Helen Wyns logged in','2011-10-04 18:58:22','2011-10-04 18:58:22',NULL),(472,181,'Van haecht Lynn logged in','2011-10-04 18:59:07','2011-10-04 18:59:07',NULL),(473,181,'Van haecht Lynn logged in','2011-10-04 19:00:08','2011-10-04 19:00:08',NULL),(474,16,'Smedts Gaelle logged in','2011-10-04 19:02:12','2011-10-04 19:02:12',NULL),(475,89,'Buggenhout Anniek logged in','2011-10-04 19:38:22','2011-10-04 19:38:22',NULL),(476,89,'Buggenhout Anniek logged in','2011-10-04 19:38:46','2011-10-04 19:38:46',NULL),(477,178,'Helen Wyns logged in','2011-10-04 19:39:40','2011-10-04 19:39:40',NULL),(478,111,'vanputte kelly logged in','2011-10-04 19:47:56','2011-10-04 19:47:56',NULL),(479,138,'De Coster Matthias logged in','2011-10-04 20:44:05','2011-10-04 20:44:05',NULL),(480,2,'Vanmechelen Rik logged in','2011-10-04 22:08:16','2011-10-04 22:08:16',NULL),(481,174,'Famelaer Laura logged in','2011-10-05 06:12:26','2011-10-05 06:12:26',NULL),(482,180,'De Ceuninck Alissa logged in','2011-10-05 06:29:37','2011-10-05 06:29:37',NULL),(483,169,'T\'Seyen Eva logged in','2011-10-05 06:48:35','2011-10-05 06:48:35',NULL),(484,169,'T\'Seyen Eva logged in','2011-10-05 06:49:47','2011-10-05 06:49:47',NULL),(485,126,'De Valck Glenn logged in','2011-10-05 07:24:02','2011-10-05 07:24:02',NULL),(486,75,'Magerotte Allan logged in','2011-10-05 09:44:35','2011-10-05 09:44:35',NULL),(487,60,'Dirks Ellen logged in','2011-10-05 09:59:25','2011-10-05 09:59:25',NULL),(488,187,'Mullens Francisca logged in','2011-10-05 10:01:51','2011-10-05 10:01:51',NULL),(489,8,'van den Berg Noémie logged in','2011-10-05 10:09:49','2011-10-05 10:09:49',NULL),(490,8,'van den Berg Noémie logged in','2011-10-05 10:14:32','2011-10-05 10:14:32',NULL),(491,202,'Berneman Nathaniel logged in','2011-10-05 10:29:49','2011-10-05 10:29:49',NULL),(492,32,'Vankevelaer Jules logged in','2011-10-05 10:54:15','2011-10-05 10:54:15',NULL),(493,8,'van den Berg Noémie logged in','2011-10-05 10:56:57','2011-10-05 10:56:57',NULL),(494,173,'esquiliche remy logged in','2011-10-05 11:15:15','2011-10-05 11:15:15',NULL),(495,14,'Van Lysebetten Michael logged in','2011-10-05 11:16:50','2011-10-05 11:16:50',NULL),(496,8,'van den Berg Noémie logged in','2011-10-05 11:26:37','2011-10-05 11:26:37',NULL),(497,8,'van den Berg Noémie logged in','2011-10-05 11:28:00','2011-10-05 11:28:00',NULL),(498,8,'van den Berg Noémie logged in','2011-10-05 11:40:44','2011-10-05 11:40:44',NULL),(499,212,'Ekutshu Farah logged in','2011-10-05 12:15:23','2011-10-05 12:15:23',NULL),(500,26,'Das Dimitri logged in','2011-10-05 12:43:41','2011-10-05 12:43:41',NULL),(501,174,'Famelaer Laura logged in','2011-10-05 13:24:37','2011-10-05 13:24:37',NULL),(502,169,'T\'Seyen Eva logged in','2011-10-05 13:26:24','2011-10-05 13:26:24',NULL),(503,3,'Created discipline Kinesitherapie','2011-10-05 13:35:56','2011-10-05 13:35:56',NULL),(504,15,'Pouille max logged in','2011-10-05 13:36:47','2011-10-05 13:36:47',NULL),(505,174,'Famelaer Laura logged in','2011-10-05 14:00:19','2011-10-05 14:00:19',NULL),(506,15,'Pouille max logged in','2011-10-05 14:10:29','2011-10-05 14:10:29',NULL),(507,213,'sisani remi logged in','2011-10-05 14:17:42','2011-10-05 14:17:42',NULL),(508,26,'Das Dimitri logged in','2011-10-05 14:34:55','2011-10-05 14:34:55',NULL),(509,200,'Verbeeck Griet logged in','2011-10-05 14:39:59','2011-10-05 14:39:59',NULL),(510,110,'Du Bois Sabrina logged in','2011-10-05 14:48:31','2011-10-05 14:48:31',NULL),(511,110,'Du Bois Sabrina logged in','2011-10-05 14:49:34','2011-10-05 14:49:34',NULL),(512,32,'Vankevelaer Jules logged in','2011-10-05 15:23:35','2011-10-05 15:23:35',NULL),(513,172,'Van Bossuyt Lise logged in','2011-10-05 15:52:41','2011-10-05 15:52:41',NULL),(514,108,'Den Doncker Jill logged in','2011-10-05 15:54:11','2011-10-05 15:54:11',NULL),(515,216,'De Visch Stefanie logged in','2011-10-05 16:03:35','2011-10-05 16:03:35',NULL),(516,116,'Van Twembeke Ellen logged in','2011-10-05 16:44:34','2011-10-05 16:44:34',NULL),(517,12,'Van Hellemont Charlotte logged in','2011-10-05 17:05:00','2011-10-05 17:05:00',NULL),(518,21,'Vermassen Lynn logged in','2011-10-05 17:09:41','2011-10-05 17:09:41',NULL),(519,169,'T\'Seyen Eva logged in','2011-10-05 17:09:56','2011-10-05 17:09:56',NULL),(520,217,'Ginis Brent logged in','2011-10-05 17:14:01','2011-10-05 17:14:01',NULL),(521,217,'Ginis Brent logged in','2011-10-05 17:14:01','2011-10-05 17:14:01',NULL),(522,217,'Ginis Brent logged in','2011-10-05 17:14:02','2011-10-05 17:14:02',NULL),(523,173,'esquiliche remy logged in','2011-10-05 17:20:42','2011-10-05 17:20:42',NULL),(524,15,'Pouille max logged in','2011-10-05 17:21:11','2011-10-05 17:21:11',NULL),(525,217,'Ginis Brent logged in','2011-10-05 17:44:10','2011-10-05 17:44:10',NULL),(526,10,'Richard Maya logged in','2011-10-05 18:03:05','2011-10-05 18:03:05',NULL),(527,53,'De Boeck Ilse logged in','2011-10-05 18:37:26','2011-10-05 18:37:26',NULL),(528,218,'Guillemeau Chloë logged in','2011-10-05 18:46:45','2011-10-05 18:46:45',NULL),(529,174,'Famelaer Laura logged in','2011-10-05 18:58:30','2011-10-05 18:58:30',NULL),(530,12,'Van Hellemont Charlotte logged in','2011-10-05 18:59:53','2011-10-05 18:59:53',NULL),(531,191,'Van der Cruysse Laura  logged in','2011-10-05 19:14:52','2011-10-05 19:14:52',NULL),(532,174,'Famelaer Laura logged in','2011-10-05 19:26:46','2011-10-05 19:26:46',NULL),(533,1,'Matthijssens Roeland logged in','2011-10-05 19:48:56','2011-10-05 19:48:56',NULL),(534,13,'van Beljouw Jesse logged in','2011-10-05 20:21:50','2011-10-05 20:21:50',NULL),(535,230,'Ignoul David logged in','2011-10-05 20:23:47','2011-10-05 20:23:47',NULL),(536,5,'Vanmechelen Rik logged in','2011-10-05 21:57:37','2011-10-05 21:57:37',NULL),(537,138,'De Coster Matthias logged in','2011-10-05 22:22:27','2011-10-05 22:22:27',NULL),(538,93,'Karadurmus Aytac logged in','2011-10-05 22:48:16','2011-10-05 22:48:16',NULL),(539,121,'D\'Ooghe Dennis logged in','2011-10-05 23:09:30','2011-10-05 23:09:30',NULL),(540,8,'Edit supply 111','2011-10-05 23:11:00','2011-10-05 23:11:00',NULL),(541,8,'Edit supply 111','2011-10-05 23:12:08','2011-10-05 23:12:08',NULL),(542,233,'Mester Timea logged in','2011-10-06 06:49:58','2011-10-06 06:49:58',NULL),(543,174,'Famelaer Laura logged in','2011-10-06 07:15:52','2011-10-06 07:15:52',NULL),(544,49,'van het Groenewoud Jennifer logged in','2011-10-06 07:23:37','2011-10-06 07:23:37',NULL),(545,49,'van het Groenewoud Jennifer logged in','2011-10-06 07:24:01','2011-10-06 07:24:01',NULL),(546,58,'Van den Eede Kevin logged in','2011-10-06 07:28:55','2011-10-06 07:28:55',NULL),(547,89,'Buggenhout Anniek logged in','2011-10-06 08:11:39','2011-10-06 08:11:39',0),(548,89,'Buggenhout Anniek logged in','2011-10-06 08:12:01','2011-10-06 08:12:01',0),(549,89,'Buggenhout Anniek logged in','2011-10-06 08:12:47','2011-10-06 08:12:47',0),(550,175,'Schoukens lizelotte logged in','2011-10-06 08:48:15','2011-10-06 08:48:15',0),(551,72,'Sohrevardi Mohammad logged in','2011-10-06 08:57:15','2011-10-06 08:57:15',0),(552,237,'Geens Linsie logged in','2011-10-06 08:59:15','2011-10-06 08:59:15',0),(553,110,'Du Bois Sabrina logged in','2011-10-06 09:33:33','2011-10-06 09:33:33',NULL),(554,110,'Du Bois Sabrina logged in','2011-10-06 09:34:23','2011-10-06 09:34:23',NULL),(555,118,'Vercruysse Ayrton logged in','2011-10-06 09:43:00','2011-10-06 09:43:00',NULL),(556,36,'Vanwalle Ruth logged in','2011-10-06 09:47:25','2011-10-06 09:47:25',NULL),(557,3,'Edit supply 106','2011-10-06 10:01:20','2011-10-06 10:01:20',NULL),(558,36,'Vanwalle Ruth logged in','2011-10-06 10:25:03','2011-10-06 10:25:03',NULL),(559,8,'van den Berg Noémie logged in','2011-10-06 10:32:46','2011-10-06 10:32:46',NULL),(560,8,'van den Berg Noémie logged in','2011-10-06 10:38:25','2011-10-06 10:38:25',NULL),(561,8,'van den Berg Noémie logged in','2011-10-06 10:43:52','2011-10-06 10:43:52',NULL),(562,39,'Vettori Sarah  logged in','2011-10-06 10:44:50','2011-10-06 10:44:50',NULL),(563,39,'Vettori Sarah  logged in','2011-10-06 10:50:16','2011-10-06 10:50:16',NULL),(564,243,'Willems Julie logged in','2011-10-06 11:04:04','2011-10-06 11:04:04',NULL),(565,183,'Maurissen Annelien logged in','2011-10-06 11:06:58','2011-10-06 11:06:58',NULL),(566,174,'Famelaer Laura logged in','2011-10-06 11:09:01','2011-10-06 11:09:01',NULL),(567,169,'T\'Seyen Eva logged in','2011-10-06 11:12:04','2011-10-06 11:12:04',NULL),(568,182,'De Crits Nel logged in','2011-10-06 11:14:22','2011-10-06 11:14:22',NULL),(569,182,'De Crits Nel logged in','2011-10-06 11:14:30','2011-10-06 11:14:30',NULL),(570,218,'Guillemeau Chloë logged in','2011-10-06 11:16:10','2011-10-06 11:16:10',NULL),(571,231,'Viaene Liesbeth logged in','2011-10-06 11:17:25','2011-10-06 11:17:25',NULL),(572,185,'Bowring Jordan logged in','2011-10-06 11:18:28','2011-10-06 11:18:28',NULL),(573,184,'Fernandez Helena logged in','2011-10-06 11:20:58','2011-10-06 11:20:58',NULL),(574,247,'Scheers Carolien logged in','2011-10-06 11:28:02','2011-10-06 11:28:02',NULL),(575,245,'schuljin margot logged in','2011-10-06 11:29:52','2011-10-06 11:29:52',NULL),(576,187,'Mullens Francisca logged in','2011-10-06 11:30:00','2011-10-06 11:30:00',NULL),(577,245,'schuljin margot logged in','2011-10-06 11:30:38','2011-10-06 11:30:38',NULL),(578,3,'Tyca Tyca logged in','2011-10-06 11:31:51','2011-10-06 11:31:51',NULL),(579,178,'Helen Wyns logged in','2011-10-06 11:32:15','2011-10-06 11:32:15',NULL),(580,171,'Dahmani Sanna logged in','2011-10-06 11:33:27','2011-10-06 11:33:27',NULL),(581,180,'De Ceuninck Alissa logged in','2011-10-06 11:33:51','2011-10-06 11:33:51',NULL),(582,78,'Van Stappen Niel logged in','2011-10-06 11:39:29','2011-10-06 11:39:29',NULL),(583,78,'Van Stappen Niel logged in','2011-10-06 11:39:29','2011-10-06 11:39:29',NULL),(584,8,'van den Berg Noémie logged in','2011-10-06 11:40:30','2011-10-06 11:40:30',NULL),(585,8,'van den Berg Noémie logged in','2011-10-06 11:41:15','2011-10-06 11:41:15',NULL),(586,249,'Van Tittelboom Evert logged in','2011-10-06 11:50:30','2011-10-06 11:50:30',NULL),(587,3,'Tyca Tyca logged in','2011-10-06 12:20:52','2011-10-06 12:20:52',NULL),(588,119,'Brouwers Sebastiaan logged in','2011-10-06 12:51:39','2011-10-06 12:51:39',NULL),(589,93,'Karadurmus Aytac logged in','2011-10-06 13:03:05','2011-10-06 13:03:05',NULL),(590,117,'Roels Bob logged in','2011-10-06 13:27:53','2011-10-06 13:27:53',NULL),(591,3,'Tyca Tyca logged in','2011-10-06 13:47:56','2011-10-06 13:47:56',NULL),(592,1,'Matthijssens Roeland logged in','2011-10-06 13:47:59','2011-10-06 13:47:59',NULL),(593,9,'Bollu Stoffel logged in','2011-10-06 13:50:54','2011-10-06 13:50:54',NULL),(594,39,'Vettori Sarah  logged in','2011-10-06 13:52:38','2011-10-06 13:52:38',NULL),(595,3,'Tyca Tyca logged in','2011-10-06 13:53:48','2011-10-06 13:53:48',NULL),(596,9,'Created discipline sociologie','2011-10-06 14:02:31','2011-10-06 14:02:31',NULL),(597,3,'Tyca Tyca logged in','2011-10-06 14:02:32','2011-10-06 14:02:32',NULL),(598,171,'Dahmani Sanna logged in','2011-10-06 14:33:26','2011-10-06 14:33:26',NULL),(599,155,'Cancho Grande Céline logged in','2011-10-06 14:45:41','2011-10-06 14:45:41',NULL),(600,178,'Helen Wyns logged in','2011-10-06 14:53:44','2011-10-06 14:53:44',NULL),(601,32,'Vankevelaer Jules logged in','2011-10-06 15:21:33','2011-10-06 15:21:33',NULL),(602,93,'Karadurmus Aytac logged in','2011-10-06 15:43:37','2011-10-06 15:43:37',NULL),(603,148,'Peeters Amelia logged in','2011-10-06 15:58:22','2011-10-06 15:58:22',NULL),(604,131,'de Robiano Frederic logged in','2011-10-06 16:01:50','2011-10-06 16:01:50',NULL),(605,131,'de Robiano Frederic logged in','2011-10-06 16:04:23','2011-10-06 16:04:23',NULL),(606,93,'Karadurmus Aytac logged in','2011-10-06 16:18:23','2011-10-06 16:18:23',NULL),(607,77,'Van Assche David logged in','2011-10-06 16:19:10','2011-10-06 16:19:10',NULL),(608,200,'Verbeeck Griet logged in','2011-10-06 17:22:28','2011-10-06 17:22:28',NULL),(609,93,'Karadurmus Aytac logged in','2011-10-06 18:03:31','2011-10-06 18:03:31',NULL),(610,174,'Famelaer Laura logged in','2011-10-06 19:19:49','2011-10-06 19:19:49',NULL),(611,15,'Pouille max logged in','2011-10-06 19:23:44','2011-10-06 19:23:44',NULL),(612,190,'Lajhad El Hassan  logged in','2011-10-06 19:30:01','2011-10-06 19:30:01',NULL),(613,237,'Geens Linsie logged in','2011-10-06 20:53:57','2011-10-06 20:53:57',NULL),(614,268,'Aleksanjan Julieta logged in','2011-10-06 21:02:26','2011-10-06 21:02:26',NULL),(615,130,'Dahman Wail logged in','2011-10-06 21:16:32','2011-10-06 21:16:32',NULL),(616,138,'De Coster Matthias logged in','2011-10-06 22:49:28','2011-10-06 22:49:28',NULL),(617,121,'D\'Ooghe Dennis logged in','2011-10-07 02:45:41','2011-10-07 02:45:41',NULL),(618,116,'Van Twembeke Ellen logged in','2011-10-07 06:43:33','2011-10-07 06:43:33',NULL),(619,116,'Van Twembeke Ellen logged in','2011-10-07 06:54:25','2011-10-07 06:54:25',NULL),(620,108,'Den Doncker Jill logged in','2011-10-07 08:16:57','2011-10-07 08:16:57',NULL),(621,110,'Du Bois Sabrina logged in','2011-10-07 08:49:49','2011-10-07 08:49:49',NULL),(622,110,'Du Bois Sabrina logged in','2011-10-07 09:00:23','2011-10-07 09:00:23',NULL),(623,54,'boone laure logged in','2011-10-07 09:00:32','2011-10-07 09:00:32',NULL),(624,89,'Buggenhout Anniek logged in','2011-10-07 09:09:52','2011-10-07 09:09:52',NULL),(625,89,'Buggenhout Anniek logged in','2011-10-07 09:11:14','2011-10-07 09:11:14',NULL),(626,89,'Buggenhout Anniek logged in','2011-10-07 09:11:41','2011-10-07 09:11:41',NULL),(627,264,'Bouzerda Yasmine logged in','2011-10-07 09:23:50','2011-10-07 09:23:50',NULL),(628,32,'Vankevelaer Jules logged in','2011-10-07 09:52:42','2011-10-07 09:52:42',NULL),(629,78,'Van Stappen Niel logged in','2011-10-07 09:53:00','2011-10-07 09:53:00',NULL),(630,120,'Peeters Stefanie logged in','2011-10-07 09:58:12','2011-10-07 09:58:12',NULL),(631,11,'Eggerickx Laurence logged in','2011-10-07 09:58:24','2011-10-07 09:58:24',NULL),(632,32,'Vankevelaer Jules logged in','2011-10-07 09:59:10','2011-10-07 09:59:10',NULL),(633,32,'Vankevelaer Jules logged in','2011-10-07 10:05:33','2011-10-07 10:05:33',NULL),(634,32,'Vankevelaer Jules logged in','2011-10-07 10:07:17','2011-10-07 10:07:17',NULL),(635,32,'Vankevelaer Jules logged in','2011-10-07 10:18:40','2011-10-07 10:18:40',NULL),(636,191,'Van der Cruysse Laura  logged in','2011-10-07 10:21:47','2011-10-07 10:21:47',NULL),(637,32,'Vankevelaer Jules logged in','2011-10-07 10:22:19','2011-10-07 10:22:19',NULL),(638,264,'Bouzerda Yasmine logged in','2011-10-07 10:23:58','2011-10-07 10:23:58',NULL),(639,11,'Eggerickx Laurence logged in','2011-10-07 10:30:50','2011-10-07 10:30:50',NULL),(640,32,'Vankevelaer Jules logged in','2011-10-07 10:36:17','2011-10-07 10:36:17',NULL),(641,100,'Punie Vincent logged in','2011-10-07 10:39:13','2011-10-07 10:39:13',NULL),(642,32,'Vankevelaer Jules logged in','2011-10-07 10:40:02','2011-10-07 10:40:02',NULL),(643,280,'Bouzerda Majda logged in','2011-10-07 10:41:50','2011-10-07 10:41:50',NULL),(644,32,'Vankevelaer Jules logged in','2011-10-07 10:42:24','2011-10-07 10:42:24',NULL),(645,32,'Vankevelaer Jules logged in','2011-10-07 10:47:47','2011-10-07 10:47:47',NULL),(646,100,'Punie Vincent logged in','2011-10-07 10:50:22','2011-10-07 10:50:22',NULL),(647,32,'Vankevelaer Jules logged in','2011-10-07 10:53:24','2011-10-07 10:53:24',NULL),(648,282,'Hassanu Asmae logged in','2011-10-07 10:53:45','2011-10-07 10:53:45',NULL),(649,32,'Vankevelaer Jules logged in','2011-10-07 11:29:40','2011-10-07 11:29:40',NULL),(650,85,'Beckmann maaike logged in','2011-10-07 11:36:32','2011-10-07 11:36:32',NULL),(651,32,'Vankevelaer Jules logged in','2011-10-07 11:37:37','2011-10-07 11:37:37',NULL),(652,52,'O Yannick logged in','2011-10-07 11:43:15','2011-10-07 11:43:15',NULL),(653,32,'Vankevelaer Jules logged in','2011-10-07 11:56:28','2011-10-07 11:56:28',NULL),(654,32,'Vankevelaer Jules logged in','2011-10-07 11:56:51','2011-10-07 11:56:51',NULL),(655,32,'Vankevelaer Jules logged in','2011-10-07 11:59:28','2011-10-07 11:59:28',NULL),(656,189,'Vierendeels Lennert logged in','2011-10-07 12:33:32','2011-10-07 12:33:32',NULL),(657,3,'Edit discipline Bedrijfskunde','2011-10-07 13:26:36','2011-10-07 13:26:36',NULL),(658,237,'Geens Linsie logged in','2011-10-07 13:27:26','2011-10-07 13:27:26',NULL),(659,214,'Aelbrecht Lien logged in','2011-10-07 13:28:21','2011-10-07 13:28:21',NULL),(660,8,'van den Berg Noémie logged in','2011-10-07 13:31:45','2011-10-07 13:31:45',NULL),(661,286,'Huysmans Jana logged in','2011-10-07 13:37:26','2011-10-07 13:37:26',NULL),(662,279,'Coppens Elien logged in','2011-10-07 14:05:33','2011-10-07 14:05:33',NULL),(663,1,'Edit supply 16','2011-10-07 14:45:04','2011-10-07 14:45:04',NULL),(664,1,'Edit supply 16','2011-10-07 14:45:07','2011-10-07 14:45:07',NULL),(665,290,'Kakouros Konstantinos logged in','2011-10-07 14:50:25','2011-10-07 14:50:25',NULL),(666,8,'Edit supply 19','2011-10-07 14:59:35','2011-10-07 14:59:35',NULL),(667,1,'Matthijssens Roeland logged in','2011-10-07 15:00:22','2011-10-07 15:00:22',NULL),(668,8,'Edit supply 19','2011-10-07 15:02:07','2011-10-07 15:02:07',NULL),(669,8,'Edit supply 35','2011-10-07 15:04:31','2011-10-07 15:04:31',NULL),(670,8,'Edit supply 27','2011-10-07 15:13:53','2011-10-07 15:13:53',NULL),(671,8,'Edit supply 34','2011-10-07 15:21:01','2011-10-07 15:21:01',NULL),(672,8,'Edit supply 33','2011-10-07 15:28:29','2011-10-07 15:28:29',NULL),(673,198,'De Groote Pauline logged in','2011-10-07 15:51:18','2011-10-07 15:51:18',NULL),(674,282,'Hassanu Asmae logged in','2011-10-07 15:58:09','2011-10-07 15:58:09',NULL),(675,8,'Edit supply 41','2011-10-07 16:47:00','2011-10-07 16:47:00',NULL),(676,90,'Essakhi Fatima logged in','2011-10-08 00:44:19','2011-10-08 00:44:19',NULL),(677,125,'De Maeyer Christel logged in','2011-10-08 06:03:26','2011-10-08 06:03:26',NULL),(678,289,'Dewaele Annabel logged in','2011-10-08 09:37:25','2011-10-08 09:37:25',NULL),(679,89,'Buggenhout Anniek logged in','2011-10-08 10:09:57','2011-10-08 10:09:57',NULL),(680,290,'Kakouros Konstantinos logged in','2011-10-08 10:42:57','2011-10-08 10:42:57',NULL),(681,298,'Slegten Caroline logged in','2011-10-08 11:37:14','2011-10-08 11:37:14',NULL),(682,94,'Peumans Dries logged in','2011-10-08 11:37:47','2011-10-08 11:37:47',NULL),(683,217,'Ginis Brent logged in','2011-10-08 12:27:19','2011-10-08 12:27:19',NULL),(684,233,'Mester Timea logged in','2011-10-08 12:54:58','2011-10-08 12:54:58',NULL),(685,8,'Edit supply 45','2011-10-08 13:47:12','2011-10-08 13:47:12',NULL),(686,8,'Edit supply 49','2011-10-08 13:55:14','2011-10-08 13:55:14',NULL),(687,8,'Edit supply 111','2011-10-08 13:59:01','2011-10-08 13:59:01',NULL),(688,110,'Du Bois Sabrina logged in','2011-10-08 14:11:48','2011-10-08 14:11:48',NULL),(689,110,'Du Bois Sabrina logged in','2011-10-08 14:12:25','2011-10-08 14:12:25',NULL),(690,1,'Matthijssens Roeland logged in','2011-10-08 15:14:15','2011-10-08 15:14:15',NULL),(691,130,'Dahman Wail logged in','2011-10-08 15:42:11','2011-10-08 15:42:11',NULL),(692,174,'Famelaer Laura logged in','2011-10-08 15:42:41','2011-10-08 15:42:41',NULL),(693,8,'Edit supply 20','2011-10-08 16:52:16','2011-10-08 16:52:16',NULL),(694,260,'Johanesová Lucia logged in','2011-10-08 19:45:25','2011-10-08 19:45:25',NULL),(695,114,'Impatient Isabelle logged in','2011-10-08 19:47:15','2011-10-08 19:47:15',NULL),(696,290,'Kakouros Konstantinos logged in','2011-10-09 00:36:35','2011-10-09 00:36:35',NULL),(697,26,'Das Dimitri logged in','2011-10-09 08:03:37','2011-10-09 08:03:37',NULL),(698,110,'Du Bois Sabrina logged in','2011-10-09 09:54:10','2011-10-09 09:54:10',NULL),(699,110,'Du Bois Sabrina logged in','2011-10-09 09:54:31','2011-10-09 09:54:31',NULL),(700,72,'Sohrevardi Mohammad logged in','2011-10-09 09:56:17','2011-10-09 09:56:17',NULL),(701,72,'Sohrevardi Mohammad logged in','2011-10-09 09:59:02','2011-10-09 09:59:02',NULL),(702,277,'vandamme stijn logged in','2011-10-09 09:59:38','2011-10-09 09:59:38',NULL),(703,72,'Sohrevardi Mohammad logged in','2011-10-09 10:09:51','2011-10-09 10:09:51',NULL),(704,174,'Famelaer Laura logged in','2011-10-09 11:06:18','2011-10-09 11:06:18',NULL),(705,52,'O Yannick logged in','2011-10-09 11:38:18','2011-10-09 11:38:18',NULL),(706,287,'Van Geel Stefanie logged in','2011-10-09 12:15:45','2011-10-09 12:15:45',NULL),(707,16,'Smedts Gaelle logged in','2011-10-09 12:16:43','2011-10-09 12:16:43',NULL),(708,134,'Vanhaeght Anne-Sofie logged in','2011-10-09 12:45:31','2011-10-09 12:45:31',NULL),(709,134,'Vanhaeght Anne-Sofie logged in','2011-10-09 12:46:33','2011-10-09 12:46:33',NULL),(710,134,'Vanhaeght Anne-Sofie logged in','2011-10-09 12:46:56','2011-10-09 12:46:56',NULL),(711,279,'Coppens Elien logged in','2011-10-09 13:44:51','2011-10-09 13:44:51',NULL),(712,181,'Van haecht Lynn logged in','2011-10-09 14:00:46','2011-10-09 14:00:46',NULL),(713,212,'Ekutshu Farah logged in','2011-10-09 14:09:15','2011-10-09 14:09:15',NULL),(714,8,'Edit supply 23','2011-10-09 14:27:32','2011-10-09 14:27:32',NULL),(715,212,'Ekutshu Farah logged in','2011-10-09 14:27:57','2011-10-09 14:27:57',NULL),(716,287,'Van Geel Stefanie logged in','2011-10-09 14:32:58','2011-10-09 14:32:58',NULL),(717,212,'Ekutshu Farah logged in','2011-10-09 14:43:00','2011-10-09 14:43:00',NULL),(718,179,'Braine Alexander logged in','2011-10-09 14:43:21','2011-10-09 14:43:21',NULL),(719,125,'De Maeyer Christel logged in','2011-10-09 14:57:38','2011-10-09 14:57:38',NULL),(720,233,'Mester Timea logged in','2011-10-09 15:29:45','2011-10-09 15:29:45',NULL),(721,189,'Edit supply 128','2011-10-09 15:55:00','2011-10-09 15:55:00',NULL),(722,189,'Edit supply 128','2011-10-09 15:58:09','2011-10-09 15:58:09',NULL),(723,106,'Scharlaeken Cindy logged in','2011-10-09 16:47:24','2011-10-09 16:47:24',NULL),(724,252,'Popovic Stephanie Popovic logged in','2011-10-09 17:00:22','2011-10-09 17:00:22',NULL),(725,23,'Uz Süleyman logged in','2011-10-09 17:07:36','2011-10-09 17:07:36',NULL),(726,189,'Edit supply 129','2011-10-09 18:08:14','2011-10-09 18:08:14',NULL),(727,174,'Famelaer Laura logged in','2011-10-09 18:12:38','2011-10-09 18:12:38',NULL),(728,202,'Berneman Nathaniel logged in','2011-10-09 18:54:05','2011-10-09 18:54:05',NULL),(729,314,'Storms Nikee  logged in','2011-10-09 19:15:40','2011-10-09 19:15:40',NULL),(730,8,'van den Berg Noémie logged in','2011-10-09 19:31:04','2011-10-09 19:31:04',NULL),(731,322,'passchyn jeremy logged in','2011-10-09 19:42:07','2011-10-09 19:42:07',NULL),(732,338,'Sybers David logged in','2011-10-09 20:12:54','2011-10-09 20:12:54',NULL),(733,8,'van den Berg Noémie logged in','2011-10-09 20:37:18','2011-10-09 20:37:18',NULL),(734,165,'Cooreman Lynn logged in','2011-10-09 20:49:44','2011-10-09 20:49:44',NULL),(735,105,'Coppens Yannick logged in','2011-10-09 20:54:18','2011-10-09 20:54:18',NULL),(736,341,'Körvers Martijn logged in','2011-10-10 02:38:45','2011-10-10 02:38:45',NULL),(737,342,'van bael dirk logged in','2011-10-10 05:17:09','2011-10-10 05:17:09',NULL),(738,342,'van bael dirk logged in','2011-10-10 05:21:55','2011-10-10 05:21:55',NULL),(739,342,'van bael dirk logged in','2011-10-10 05:23:25','2011-10-10 05:23:25',NULL),(740,119,'Brouwers Sebastiaan logged in','2011-10-10 06:24:08','2011-10-10 06:24:08',NULL),(741,119,'Brouwers Sebastiaan logged in','2011-10-10 06:24:56','2011-10-10 06:24:56',NULL),(742,344,'prima_copy primacopy logged in','2011-10-10 06:48:22','2011-10-10 06:48:22',NULL),(743,15,'Pouille max logged in','2011-10-10 07:19:14','2011-10-10 07:19:14',NULL),(744,15,'Pouille max logged in','2011-10-10 07:29:03','2011-10-10 07:29:03',NULL),(745,348,'Debrouwer Dorien logged in','2011-10-10 07:53:23','2011-10-10 07:53:23',NULL),(746,350,'Van Buggenhaut jmvbugge logged in','2011-10-10 08:38:50','2011-10-10 08:38:50',NULL),(747,189,'Edit supply 133','2011-10-10 08:43:31','2011-10-10 08:43:31',NULL),(748,174,'Famelaer Laura logged in','2011-10-10 08:43:32','2011-10-10 08:43:32',NULL),(749,350,'Van Buggenhaut jmvbugge logged in','2011-10-10 08:46:05','2011-10-10 08:46:05',NULL),(750,93,'Karadurmus Aytac logged in','2011-10-10 08:46:20','2011-10-10 08:46:20',NULL),(751,93,'Karadurmus Aytac logged in','2011-10-10 08:50:46','2011-10-10 08:50:46',NULL),(752,265,'van Dienst Yentl logged in','2011-10-10 08:52:08','2011-10-10 08:52:08',NULL),(753,52,'O Yannick logged in','2011-10-10 09:11:52','2011-10-10 09:11:52',NULL),(754,31,'Deschuyteneer Gregory logged in','2011-10-10 09:15:58','2011-10-10 09:15:58',NULL),(755,189,'Edit supply 136','2011-10-10 09:22:14','2011-10-10 09:22:14',NULL),(756,350,'Van Buggenhaut jmvbugge logged in','2011-10-10 09:23:58','2011-10-10 09:23:58',NULL),(757,350,'Van Buggenhaut jmvbugge logged in','2011-10-10 09:25:25','2011-10-10 09:25:25',NULL),(758,350,'Van Buggenhaut jmvbugge logged in','2011-10-10 09:27:29','2011-10-10 09:27:29',NULL),(759,189,'Edit supply 137','2011-10-10 09:33:00','2011-10-10 09:33:00',NULL),(760,189,'Edit supply 135','2011-10-10 09:34:20','2011-10-10 09:34:20',NULL),(761,350,'Van Buggenhaut jmvbugge logged in','2011-10-10 09:34:27','2011-10-10 09:34:27',NULL),(762,52,'O Yannick logged in','2011-10-10 09:39:15','2011-10-10 09:39:15',NULL),(763,52,'O Yannick logged in','2011-10-10 09:39:32','2011-10-10 09:39:32',NULL),(764,189,'Edit supply 134','2011-10-10 09:53:09','2011-10-10 09:53:09',NULL),(765,272,'Werner Laura logged in','2011-10-10 09:54:32','2011-10-10 09:54:32',NULL),(766,15,'Pouille max logged in','2011-10-10 09:59:49','2011-10-10 09:59:49',NULL),(767,189,'Edit supply 138','2011-10-10 10:01:40','2011-10-10 10:01:40',NULL),(768,9,'Bollu Stoffel logged in','2011-10-10 10:03:31','2011-10-10 10:03:31',NULL),(769,75,'Magerotte Allan logged in','2011-10-10 10:04:23','2011-10-10 10:04:23',NULL),(770,110,'Du Bois Sabrina logged in','2011-10-10 10:04:51','2011-10-10 10:04:51',NULL),(771,110,'Du Bois Sabrina logged in','2011-10-10 10:06:01','2011-10-10 10:06:01',NULL),(772,15,'Pouille max logged in','2011-10-10 10:08:11','2011-10-10 10:08:11',NULL),(773,15,'Pouille max logged in','2011-10-10 10:20:13','2011-10-10 10:20:13',NULL),(774,227,'Van der Brempt Kaat logged in','2011-10-10 10:20:22','2011-10-10 10:20:22',NULL),(775,51,'De Graef Sabe logged in','2011-10-10 10:23:10','2011-10-10 10:23:10',NULL),(776,105,'Coppens Yannick logged in','2011-10-10 10:24:21','2011-10-10 10:24:21',NULL),(777,15,'Pouille max logged in','2011-10-10 10:25:37','2011-10-10 10:25:37',NULL),(778,360,'Vandenberghe Marileen  logged in','2011-10-10 10:26:13','2011-10-10 10:26:13',NULL),(779,36,'Vanwalle Ruth logged in','2011-10-10 10:30:55','2011-10-10 10:30:55',NULL),(780,15,'Pouille max logged in','2011-10-10 10:31:08','2011-10-10 10:31:08',NULL),(781,189,'Edit supply 142','2011-10-10 10:31:53','2011-10-10 10:31:53',NULL),(782,36,'Vanwalle Ruth logged in','2011-10-10 10:33:15','2011-10-10 10:33:15',NULL),(783,15,'Pouille max logged in','2011-10-10 10:34:15','2011-10-10 10:34:15',NULL),(784,36,'Vanwalle Ruth logged in','2011-10-10 10:37:37','2011-10-10 10:37:37',NULL),(785,15,'Pouille max logged in','2011-10-10 10:38:22','2011-10-10 10:38:22',NULL),(786,15,'Pouille max logged in','2011-10-10 10:40:30','2011-10-10 10:40:30',NULL),(787,105,'Coppens Yannick logged in','2011-10-10 10:40:56','2011-10-10 10:40:56',NULL),(788,365,'sodermans glenn logged in','2011-10-10 10:42:37','2011-10-10 10:42:37',NULL),(789,105,'Coppens Yannick logged in','2011-10-10 10:44:56','2011-10-10 10:44:56',NULL),(790,15,'Pouille max logged in','2011-10-10 10:45:31','2011-10-10 10:45:31',NULL),(791,105,'Coppens Yannick logged in','2011-10-10 10:46:18','2011-10-10 10:46:18',NULL),(792,15,'Pouille max logged in','2011-10-10 10:47:49','2011-10-10 10:47:49',NULL),(793,15,'Pouille max logged in','2011-10-10 10:57:08','2011-10-10 10:57:08',NULL),(794,15,'Pouille max logged in','2011-10-10 10:59:38','2011-10-10 10:59:38',NULL),(795,15,'New message posted 6','2011-10-10 11:01:53','2011-10-10 11:01:53',NULL),(796,9,'Bollu Stoffel logged in','2011-10-10 11:10:11','2011-10-10 11:10:11',NULL),(797,370,'Pittevils Tom logged in','2011-10-10 11:26:06','2011-10-10 11:26:06',NULL),(798,55,'de prez reinout logged in','2011-10-10 11:26:22','2011-10-10 11:26:22',NULL),(799,15,'Pouille max logged in','2011-10-10 11:33:19','2011-10-10 11:33:19',NULL),(800,170,'Cabo Kimberley logged in','2011-10-10 11:34:38','2011-10-10 11:34:38',NULL),(801,324,'Schellemans Jana logged in','2011-10-10 11:35:10','2011-10-10 11:35:10',NULL),(802,15,'Pouille max logged in','2011-10-10 11:35:15','2011-10-10 11:35:15',NULL),(803,9,'Bollu Stoffel logged in','2011-10-10 11:35:58','2011-10-10 11:35:58',NULL),(804,324,'Schellemans Jana logged in','2011-10-10 11:36:51','2011-10-10 11:36:51',NULL),(805,9,'Bollu Stoffel logged in','2011-10-10 11:37:41','2011-10-10 11:37:41',NULL),(806,15,'Pouille max logged in','2011-10-10 11:38:02','2011-10-10 11:38:02',NULL),(807,105,'Coppens Yannick logged in','2011-10-10 11:40:32','2011-10-10 11:40:32',NULL),(808,105,'Coppens Yannick logged in','2011-10-10 11:41:52','2011-10-10 11:41:52',NULL),(809,105,'Coppens Yannick logged in','2011-10-10 11:42:18','2011-10-10 11:42:18',NULL),(810,105,'Coppens Yannick logged in','2011-10-10 11:43:13','2011-10-10 11:43:13',NULL),(811,105,'Coppens Yannick logged in','2011-10-10 11:43:47','2011-10-10 11:43:47',NULL),(812,105,'Coppens Yannick logged in','2011-10-10 11:44:26','2011-10-10 11:44:26',NULL),(813,105,'Coppens Yannick logged in','2011-10-10 11:44:55','2011-10-10 11:44:55',NULL),(814,375,'Lermyte Geert logged in','2011-10-10 11:49:32','2011-10-10 11:49:32',NULL),(815,3,'Tyca Tyca logged in','2011-10-10 11:51:25','2011-10-10 11:51:25',NULL),(816,15,'Pouille max logged in','2011-10-10 12:05:53','2011-10-10 12:05:53',NULL),(817,15,'Pouille max logged in','2011-10-10 12:09:11','2011-10-10 12:09:11',NULL),(818,9,'Bollu Stoffel logged in','2011-10-10 12:14:41','2011-10-10 12:14:41',NULL),(819,344,'prima_copy primacopy logged in','2011-10-10 12:34:42','2011-10-10 12:34:42',NULL),(820,9,'Bollu Stoffel logged in','2011-10-10 12:44:55','2011-10-10 12:44:55',NULL),(821,344,'prima_copy primacopy logged in','2011-10-10 12:50:04','2011-10-10 12:50:04',NULL),(822,102,'Van Elsen Bram logged in','2011-10-10 12:50:46','2011-10-10 12:50:46',NULL),(823,108,'Den Doncker Jill logged in','2011-10-10 12:53:22','2011-10-10 12:53:22',NULL),(824,164,'Vandromme Hildegard  logged in','2011-10-10 13:15:30','2011-10-10 13:15:30',NULL),(825,3,'Tyca Tyca logged in','2011-10-10 13:42:30','2011-10-10 13:42:30',NULL),(826,189,'Edit supply 143','2011-10-10 13:49:43','2011-10-10 13:49:43',NULL),(827,258,'Gordts Nika logged in','2011-10-10 14:11:42','2011-10-10 14:11:42',NULL),(828,2,'Vanmechelen Rik logged in','2011-10-10 14:17:55','2011-10-10 14:17:55',NULL),(829,1,'Matthijssens Roeland logged in','2011-10-10 14:17:56','2011-10-10 14:17:56',NULL),(830,344,'prima_copy primacopy logged in','2011-10-10 14:18:31','2011-10-10 14:18:31',NULL),(831,2,'Vanmechelen Rik logged in','2011-10-10 14:18:54','2011-10-10 14:18:54',NULL),(832,3,'Tyca Tyca logged in','2011-10-10 15:05:43','2011-10-10 15:05:43',NULL),(833,344,'prima_copy primacopy logged in','2011-10-10 15:07:22','2011-10-10 15:07:22',NULL),(834,344,'prima_copy primacopy logged in','2011-10-10 15:10:54','2011-10-10 15:10:54',NULL),(835,3,'Tyca Tyca logged in','2011-10-10 15:11:24','2011-10-10 15:11:24',NULL),(836,32,'Vankevelaer Jules logged in','2011-10-10 15:18:07','2011-10-10 15:18:07',NULL),(837,14,'Van Lysebetten Michael logged in','2011-10-10 15:20:28','2011-10-10 15:20:28',NULL),(838,150,'Tommelein Niels logged in','2011-10-10 15:21:24','2011-10-10 15:21:24',NULL),(839,89,'Buggenhout Anniek logged in','2011-10-10 15:24:56','2011-10-10 15:24:56',NULL),(840,89,'Buggenhout Anniek logged in','2011-10-10 15:26:28','2011-10-10 15:26:28',NULL),(841,14,'Edit supply 32','2011-10-10 15:37:02','2011-10-10 15:37:02',NULL),(842,344,'prima_copy primacopy logged in','2011-10-10 15:47:45','2011-10-10 15:47:45',NULL),(843,98,'Dubois Florian-thomas logged in','2011-10-10 15:51:43','2011-10-10 15:51:43',NULL),(844,216,'De Visch Stefanie logged in','2011-10-10 15:56:39','2011-10-10 15:56:39',NULL),(845,383,'Chenu Quentin logged in','2011-10-10 16:00:06','2011-10-10 16:00:06',NULL),(846,393,'De Greef Debra logged in','2011-10-10 16:01:33','2011-10-10 16:01:33',NULL),(847,297,'Drees Lieze logged in','2011-10-10 16:11:39','2011-10-10 16:11:39',NULL),(848,110,'Du Bois Sabrina logged in','2011-10-10 16:20:11','2011-10-10 16:20:11',NULL),(849,175,'Schoukens lizelotte logged in','2011-10-10 16:29:16','2011-10-10 16:29:16',NULL),(850,112,'Baevegems Jasmien logged in','2011-10-10 16:38:32','2011-10-10 16:38:32',NULL),(851,32,'Vankevelaer Jules logged in','2011-10-10 16:43:17','2011-10-10 16:43:17',NULL),(852,399,'Delbecque Saskia logged in','2011-10-10 17:07:02','2011-10-10 17:07:02',NULL),(853,404,'Geerardyn Egon logged in','2011-10-10 17:29:58','2011-10-10 17:29:58',NULL),(854,18,'Verbestel Karel logged in','2011-10-10 17:34:38','2011-10-10 17:34:38',NULL),(855,268,'Aleksanjan Julieta logged in','2011-10-10 17:38:46','2011-10-10 17:38:46',NULL),(856,174,'Famelaer Laura logged in','2011-10-10 17:52:34','2011-10-10 17:52:34',NULL),(857,174,'Famelaer Laura logged in','2011-10-10 17:52:59','2011-10-10 17:52:59',NULL),(858,110,'Du Bois Sabrina logged in','2011-10-10 17:56:14','2011-10-10 17:56:14',NULL),(859,110,'Du Bois Sabrina logged in','2011-10-10 17:57:11','2011-10-10 17:57:11',NULL),(860,175,'Schoukens lizelotte logged in','2011-10-10 17:57:33','2011-10-10 17:57:33',NULL),(861,406,'Van Nerum Jano logged in','2011-10-10 17:57:45','2011-10-10 17:57:45',NULL),(862,147,'Pické pieter logged in','2011-10-10 18:29:02','2011-10-10 18:29:02',NULL),(863,411,'Vrancken Nandi logged in','2011-10-10 18:45:56','2011-10-10 18:45:56',NULL),(864,412,'Raaffels Linsy logged in','2011-10-10 19:01:03','2011-10-10 19:01:03',NULL),(865,217,'Ginis Brent logged in','2011-10-10 19:02:42','2011-10-10 19:02:42',NULL),(866,271,'Vandenplas Ruben logged in','2011-10-10 19:08:17','2011-10-10 19:08:17',NULL),(867,205,'Van Bourgognie Thomas logged in','2011-10-10 19:46:06','2011-10-10 19:46:06',NULL),(868,106,'Scharlaeken Cindy logged in','2011-10-10 19:53:12','2011-10-10 19:53:12',NULL),(869,3,'Tyca Tyca logged in','2011-10-10 20:11:40','2011-10-10 20:11:40',NULL),(870,415,'swijsen herman logged in','2011-10-10 20:22:23','2011-10-10 20:22:23',NULL),(871,109,'qarmoudi redouan logged in','2011-10-10 21:15:18','2011-10-10 21:15:18',NULL),(872,212,'Ekutshu Farah logged in','2011-10-10 21:19:36','2011-10-10 21:19:36',NULL),(873,169,'T\'Seyen Eva logged in','2011-10-11 07:21:25','2011-10-11 07:21:25',NULL),(874,115,'Merckx Liesbeth logged in','2011-10-11 08:16:02','2011-10-11 08:16:02',NULL),(875,344,'prima_copy primacopy logged in','2011-10-11 08:19:14','2011-10-11 08:19:14',NULL),(876,413,'Rondags Lore logged in','2011-10-11 08:25:58','2011-10-11 08:25:58',NULL),(877,197,'Mertens Jo  logged in','2011-10-11 08:43:50','2011-10-11 08:43:50',NULL),(878,93,'Karadurmus Aytac logged in','2011-10-11 09:09:16','2011-10-11 09:09:16',NULL),(879,63,'Danhieux Joeri logged in','2011-10-11 09:26:05','2011-10-11 09:26:05',NULL),(880,208,'Claeys Sil logged in','2011-10-11 09:46:20','2011-10-11 09:46:20',NULL),(881,426,'De Nutte Andreas logged in','2011-10-11 09:58:46','2011-10-11 09:58:46',NULL),(882,9,'Bollu Stoffel logged in','2011-10-11 09:59:28','2011-10-11 09:59:28',NULL),(883,101,'Gilliaert Wesley logged in','2011-10-11 10:04:49','2011-10-11 10:04:49',NULL),(884,174,'Famelaer Laura logged in','2011-10-11 10:07:52','2011-10-11 10:07:52',NULL),(885,9,'Bollu Stoffel logged in','2011-10-11 10:07:52','2011-10-11 10:07:52',NULL),(886,9,'Bollu Stoffel logged in','2011-10-11 10:26:16','2011-10-11 10:26:16',NULL),(887,290,'Kakouros Konstantinos logged in','2011-10-11 10:47:11','2011-10-11 10:47:11',NULL),(888,247,'Scheers Carolien logged in','2011-10-11 11:01:42','2011-10-11 11:01:42',NULL),(889,292,'fyens mireille logged in','2011-10-11 11:01:49','2011-10-11 11:01:49',NULL),(890,370,'Pittevils Tom logged in','2011-10-11 11:05:00','2011-10-11 11:05:00',NULL),(891,185,'Bowring Jordan logged in','2011-10-11 11:20:45','2011-10-11 11:20:45',NULL),(892,9,'Bollu Stoffel logged in','2011-10-11 11:21:33','2011-10-11 11:21:33',NULL),(893,9,'Bollu Stoffel logged in','2011-10-11 11:25:46','2011-10-11 11:25:46',NULL),(894,180,'De Ceuninck Alissa logged in','2011-10-11 11:29:06','2011-10-11 11:29:06',NULL),(895,421,'Van Hoe Maaike logged in','2011-10-11 11:33:23','2011-10-11 11:33:23',NULL),(896,9,'Bollu Stoffel logged in','2011-10-11 11:40:37','2011-10-11 11:40:37',NULL),(897,9,'Bollu Stoffel logged in','2011-10-11 11:46:51','2011-10-11 11:46:51',NULL),(898,423,'Monserez Lynn logged in','2011-10-11 11:55:45','2011-10-11 11:55:45',NULL),(899,106,'Scharlaeken Cindy logged in','2011-10-11 11:58:27','2011-10-11 11:58:27',NULL),(900,9,'Bollu Stoffel logged in','2011-10-11 11:59:50','2011-10-11 11:59:50',NULL),(901,217,'Ginis Brent logged in','2011-10-11 12:31:20','2011-10-11 12:31:20',NULL),(902,314,'Storms Nikee  logged in','2011-10-11 12:34:28','2011-10-11 12:34:28',NULL),(903,128,'De Clerck Hanne logged in','2011-10-11 13:07:43','2011-10-11 13:07:43',NULL),(904,189,'Vierendeels Lennert logged in','2011-10-11 13:09:59','2011-10-11 13:09:59',NULL),(905,273,'De Velder Marjolein logged in','2011-10-11 13:10:21','2011-10-11 13:10:21',NULL),(906,5,'Vanmechelen Rik logged in','2011-10-11 13:32:50','2011-10-11 13:32:50',NULL),(907,35,'student student logged in','2011-10-11 13:41:50','2011-10-11 13:41:50',NULL),(908,3,'Tyca Tyca logged in','2011-10-11 13:45:17','2011-10-11 13:45:17',NULL),(909,437,'Xu Chen Gema logged in','2011-10-11 13:49:00','2011-10-11 13:49:00',NULL),(910,244,'Vander Linden Jessie logged in','2011-10-11 13:54:27','2011-10-11 13:54:27',NULL),(911,35,'student student logged in','2011-10-11 13:54:30','2011-10-11 13:54:30',NULL),(912,3,'Tyca Tyca logged in','2011-10-11 13:57:23','2011-10-11 13:57:23',NULL);
/*!40000 ALTER TABLE `action_logs` ENABLE KEYS */;
UNLOCK TABLES;

--
-- Table structure for table `attachments`
--

DROP TABLE IF EXISTS `attachments`;
/*!40101 SET @saved_cs_client     = @@character_set_client */;
/*!40101 SET character_set_client = utf8 */;
CREATE TABLE `attachments` (
  `id` int(11) NOT NULL auto_increment,
  `material_id` int(11) default NULL,
  `item` varchar(255) collate utf8_unicode_ci default NULL,
  `content_type` varchar(255) collate utf8_unicode_ci default NULL,
  `file_size` int(11) default NULL,
  `created_at` datetime default NULL,
  `updated_at` datetime default NULL,
  `deleted` tinyint(1) default '0',
  PRIMARY KEY  (`id`)
) ENGINE=InnoDB AUTO_INCREMENT=207 DEFAULT CHARSET=utf8 COLLATE=utf8_unicode_ci;
/*!40101 SET character_set_client = @saved_cs_client */;

--
-- Dumping data for table `attachments`
--

LOCK TABLES `attachments` WRITE;
/*!40000 ALTER TABLE `attachments` DISABLE KEYS */;
INSERT INTO `attachments` VALUES (22,20,'Bedrijfsfinanciering.pdf','application/pdf',4914124,'2011-10-02 14:03:13','2011-10-02 14:03:13',0),(23,21,'ondernemingsrecht_Examenvragen_2.pdf','application/pdf',173255,'2011-10-02 14:07:34','2011-10-02 14:07:34',0),(24,22,'ondernemingsrecht_Examenvragen_2.pdf','application/pdf',173255,'2011-10-02 14:08:04','2011-10-02 14:08:04',0),(25,23,'Sociologie_Samenvatting.pdf','application/pdf',941763,'2011-10-02 14:09:31','2011-10-02 14:09:31',0),(26,24,'Politicologie_Samenvatting.pdf','application/pdf',488844,'2011-10-02 14:17:24','2011-10-02 14:17:24',0),(27,25,'Gesch_v.h_politieke_denken_Samenvatting_2.pdf','application/pdf',137019,'2011-10-02 14:23:29','2011-10-02 14:23:29',0),(28,26,'De_grote_stromingen_in_de_wijsbegeerte_van_de_oudheid_tot_heden_Samenvatting.pdf','application/pdf',273244,'2011-10-02 15:42:14','2011-10-02 15:42:14',0),(29,27,'Overheidsfinanci_n-Samenvatting.pdf','application/pdf',520734,'2011-10-02 15:49:51','2011-10-02 15:49:51',0),(30,28,'311C_-_Managementpsychologie-cursus.pdf','application/pdf',3293086,'2011-10-02 15:55:58','2011-10-02 15:55:58',0),(31,29,'Macro-Economie-handgeschreven_nota_s.pdf','application/pdf',7692990,'2011-10-02 16:01:22','2011-10-02 16:01:22',0),(33,31,'241C_-_Cognitieve_Psychologie_1_Reader.pdf','application/pdf',3363744,'2011-10-02 16:08:21','2011-10-02 16:08:21',0),(34,32,'122C_-_Agologie__Reader.pdf','application/pdf',831643,'2011-10-02 16:15:45','2011-10-02 16:15:45',0),(35,33,'Management_Samenvatting.pdf','application/pdf',257346,'2011-10-02 16:15:56','2011-10-02 16:15:56',0),(36,34,'gesch_vh_dagelijks_leven_samenvatting.pdf','application/pdf',150269,'2011-10-02 16:17:25','2011-10-02 16:17:25',0),(37,35,'00_Nieuwe_Tijd_Notities.pdf','application/pdf',454876,'2011-10-02 16:18:44','2011-10-02 16:18:44',0),(38,36,'242C_-_Cognitieve_Psychologie_2_Reader.pdf','application/pdf',2733481,'2011-10-02 16:20:25','2011-10-02 16:20:25',0),(39,37,'Theorie_van_de_internationale_betrekkingen_samenvatting.pdf','application/pdf',1402174,'2011-10-02 16:20:53','2011-10-02 16:20:53',0),(40,38,'Management_Samenvatting.pdf','application/pdf',257346,'2011-10-02 16:24:48','2011-10-02 16:24:48',0),(41,39,'242C_-_Cognitieve_Psychologie_2_Reader.pdf','application/pdf',2733481,'2011-10-02 16:26:00','2011-10-02 16:26:00',0),(42,40,'Inleiding_tot_het_recht_samenvatting.pdf','application/pdf',1083879,'2011-10-02 16:27:48','2011-10-02 16:27:48',0),(43,41,'politieke_structuren_en_processen_van_de_eu_samenvatting.pdf','application/pdf',551665,'2011-10-02 16:33:22','2011-10-02 16:33:22',0),(44,42,'00_Middeleeuwen_Notities.pdf','application/pdf',632874,'2011-10-02 16:39:50','2011-10-02 16:39:50',0),(45,43,'Gesch_v.h_politieke_denken_Samenvatting_2.pdf','application/pdf',137019,'2011-10-02 16:42:49','2011-10-02 16:42:49',0),(46,44,'arbeidsverhoudingen_samenvatting__nota_s_teksten_.pdf','application/pdf',368081,'2011-10-02 16:44:19','2011-10-02 16:44:19',0),(47,45,'arbeidsverhoudingen_samenvatting__nota_s_teksten_.pdf','application/pdf',368081,'2011-10-02 16:47:07','2011-10-02 16:47:07',0),(48,46,'Bestuurswetenschappen_nota_s.pdf','application/pdf',207904,'2011-10-02 16:53:10','2011-10-02 16:53:10',0),(49,47,'Bestuurswetenschappen_nota_s.pdf','application/pdf',207904,'2011-10-02 16:53:41','2011-10-02 16:53:41',0),(50,47,'Bestuurswetenschappen_samenvatting.pdf','application/pdf',345993,'2011-10-02 16:57:19','2011-10-02 16:57:19',0),(51,48,'52C_-_Bestuurswetenschappen__Instellingen_en_Beleid_Notas.pdf','application/pdf',428007,'2011-10-02 19:11:33','2011-10-02 19:11:33',0),(52,49,'79C_-_Bestuurswetenschappen__Instellingen_en_Beleid_Samenvatting.pdf','application/pdf',916950,'2011-10-02 19:13:31','2011-10-02 19:13:31',0),(54,51,'geschiedenis_van_de_buitenlandse_betrekkingen_samenvatting.pdf','application/pdf',438290,'2011-10-02 20:51:51','2011-10-02 20:51:51',0),(55,52,'inleiding_tot_het_recht_examenvragen.pdf','application/pdf',593346,'2011-10-02 21:25:32','2011-10-02 21:25:32',0),(56,53,'Sociaal_wetenschappelijke_theorieen_en_stromingen_samenvatting.pdf','application/pdf',154784,'2011-10-02 22:33:52','2011-10-02 22:33:52',0),(57,54,'Cultuursociologiesamenvatting.pdf','application/pdf',243597,'2011-10-02 22:43:10','2011-10-02 22:43:10',0),(58,56,'Sociologie_van_gelijkheid_en_ongelijkheid_samenvatting.pdf','application/pdf',173073,'2011-10-02 23:02:58','2011-10-02 23:02:58',0),(61,59,'Actuele_welzijnsproblemen_samenvatting.pdf','application/pdf',253987,'2011-10-02 23:26:34','2011-10-02 23:26:34',0),(62,60,'Bedrijfsfinanciering.pdf','application/pdf',4914124,'2011-10-02 23:34:21','2011-10-02 23:34:21',0),(64,62,'243C_-_Sociale_en_historische_inleiding_tot_de_Agogische_Wetenschappen_Cursus.pdf','application/pdf',8562596,'2011-10-03 08:17:03','2011-10-03 08:17:03',0),(65,57,'cursus_boekhoud-_en_jaarrekeningenrecht.pdf','application/pdf',850693,'2011-10-03 08:17:12','2011-10-03 08:17:12',0),(66,58,'slides_algemeen_deel.pdf','application/pdf',402233,'2011-10-03 08:19:54','2011-10-03 08:19:54',0),(67,63,'113C_-_Sociale_psychologie_II_Samenvatting.pdf','application/pdf',1454811,'2011-10-03 08:27:09','2011-10-03 08:27:09',0),(68,64,'Sociologie_voorblad.pdf','application/pdf',15591,'2011-10-03 08:46:54','2011-10-03 08:46:54',0),(69,64,'sociologie_samenvatting_vragen.pdf','application/pdf',651437,'2011-10-03 08:46:54','2011-10-03 08:46:54',0),(70,66,'kwalitatieve_onderzoeksmethoden_voorblad.pdf','application/pdf',16306,'2011-10-03 09:21:20','2011-10-03 09:21:20',0),(71,66,'Kwalitatieve_Onderzoeksmethoden_Samenvatting.pdf','application/pdf',224898,'2011-10-03 09:21:20','2011-10-03 09:21:20',0),(72,67,'108A_-_Communicatie-onderzoek_IV__beleidsanalyse_Samenvatting.pdf','application/pdf',10113,'2011-10-03 09:25:08','2011-10-03 09:25:08',0),(73,67,'108C_-_Communicatie-onderzoek_IV__beleidsanalyse_Samenvatting.pdf','application/pdf',976379,'2011-10-03 09:25:08','2011-10-03 09:25:08',0),(74,68,'Politieke_Problemen_voorblad.pdf','application/pdf',15752,'2011-10-03 09:35:03','2011-10-03 09:35:03',0),(75,68,'politieke_problemen_betreffende_de_hedendaagse_periode.pdf','application/pdf',1504527,'2011-10-03 09:35:04','2011-10-03 09:35:04',0),(76,69,'advanced_theoretical_debates_voorblad.pdf','application/pdf',15750,'2011-10-03 09:41:53','2011-10-03 09:41:53',0),(77,69,'advanced_theoretical_debates_media_and_culture.pdf','application/pdf',1065134,'2011-10-03 09:41:53','2011-10-03 09:41:53',0),(78,70,'162C_-_Gedragstherapie_Reader.pdf','application/pdf',4351652,'2011-10-03 09:54:21','2011-10-03 09:54:21',0),(79,71,'163C_-_Arbeids-_en_personeelspsychologie_Cursus.pdf','application/pdf',17752197,'2011-10-03 10:03:08','2011-10-03 10:03:08',0),(80,74,'Part___Bouw_technologie_1.pdf','application/pdf',41412530,'2011-10-03 13:17:42','2011-10-03 13:17:42',0),(82,76,'273C_-_Aspecten_van_Middenveldparticipatie_Reader.pdf','application/pdf',20793711,'2011-10-03 14:31:42','2011-10-03 14:31:42',0),(84,77,'129C_-_Diachronische_studie_van_het_Nederlands_Syllabus.pdf','application/pdf',2570678,'2011-10-03 14:52:36','2011-10-03 14:52:36',0),(86,78,'225C_-_Geschiedenis_van_de_Nederlandstalige_Letterkunde_1850-1945_Cursus.pdf','application/pdf',1178426,'2011-10-03 15:07:36','2011-10-03 15:07:36',0),(87,79,'206A_-_Onderwijs_van_Nederlands_aan_anderstaligen_Samenvatting.pdf','application/pdf',55219,'2011-10-03 15:22:12','2011-10-03 15:22:12',0),(88,79,'206C_-_Onderwijs_van_Nederlands_aan_anderstaligen_Samenvatting.pdf','application/pdf',2360600,'2011-10-03 15:22:12','2011-10-03 15:22:12',0),(89,80,'204C_-_Onderwijs_van_Nederlands_aan_anderstaligen_Reader.pdf','application/pdf',8708629,'2011-10-03 15:29:40','2011-10-03 15:29:40',0),(90,81,'202C_-_Pragmatiek_Reader.pdf','application/pdf',18497330,'2011-10-03 15:36:45','2011-10-03 15:36:45',0),(91,82,'Numerieke_Algorithm_version_derniere.pdf','application/pdf',5656634,'2011-10-03 15:38:23','2011-10-03 15:38:23',0),(92,83,'Hogere_Bouwkunde_a_verifier.pdf','application/pdf',9620249,'2011-10-03 16:01:48','2011-10-03 16:01:48',0),(93,84,'Slides_Mechanica_van_materialen__vloeistoffen_en_construties.pdf','application/pdf',26027665,'2011-10-03 17:53:40','2011-10-03 17:53:40',0),(94,85,'Labo_Electronica.pdf','application/pdf',21191738,'2011-10-03 18:08:32','2011-10-03 18:08:32',0),(95,86,'Inleiding_tot_de_elektrotechniek.pdf','application/pdf',6516121,'2011-10-03 18:12:11','2011-10-03 18:12:11',0),(96,87,'Inleiding_tot_de_elektrotechniek.pdf','application/pdf',6516121,'2011-10-03 18:41:26','2011-10-03 18:41:26',0),(97,88,'Inleiding_tot_de_elektrotechniek.pdf','application/pdf',6516121,'2011-10-03 18:43:16','2011-10-03 18:43:16',0),(98,89,'Inleiding_tot_de_elektrotechniek.pdf','application/pdf',6516121,'2011-10-03 18:45:12','2011-10-03 18:45:12',0),(99,90,'Inleiding_tot_de_elektrotechniek.pdf','application/pdf',6516121,'2011-10-03 18:49:59','2011-10-03 18:49:59',0),(100,91,'Grondmechanica.pdf','application/pdf',10614629,'2011-10-03 19:30:15','2011-10-03 19:30:15',0),(101,92,'Hydraulica.pdf','application/pdf',1816811,'2011-10-03 19:34:36','2011-10-03 19:34:36',0),(102,93,'LAbo_Systeem_en_controle_theorie.pdf','application/pdf',1144179,'2011-10-03 19:42:18','2011-10-03 19:42:18',0),(103,94,'LAbo_Systeem_en_controle_theorie.pdf','application/pdf',1144179,'2011-10-03 19:52:11','2011-10-03 19:52:11',0),(104,95,'Bouwmaterialen_Wastiels.pdf','application/pdf',2554817,'2011-10-03 19:55:24','2011-10-03 19:55:24',0),(105,96,'Cursus_Mechanica_van_het_Continuum.pdf','application/pdf',3305673,'2011-10-03 20:05:20','2011-10-03 20:05:20',0),(106,97,'Cursus_Mechanica_van_het_Continuum.pdf','application/pdf',3305673,'2011-10-03 20:16:14','2011-10-03 20:16:14',0),(107,98,'Turbomachines.pdf','application/pdf',12847995,'2011-10-04 08:31:42','2011-10-04 08:31:42',0),(108,99,'Aanvullingen_van_de_Wiskunde___oefeningen.pdf','application/pdf',953210,'2011-10-04 08:37:05','2011-10-04 08:37:05',0),(109,100,'Nota_s_Elektronische_Componenten.pdf','application/pdf',2394431,'2011-10-04 08:40:59','2011-10-04 08:40:59',0),(110,101,'Slides_Elektronisch_Meten_en_Regelen.pdf','application/pdf',5739580,'2011-10-04 08:45:24','2011-10-04 08:45:24',0),(111,102,'Slides_Elektronisch_Meten_en_Regelen.pdf','application/pdf',5739580,'2011-10-04 08:46:46','2011-10-04 08:46:46',0),(112,103,'Slides_Elektronisch_Meten_en_Regelen.pdf','application/pdf',5739580,'2011-10-04 10:40:25','2011-10-04 10:40:25',0),(113,104,'l1acj2011-12_handouts-zoalsopPointCarr__.pdf','application/pdf',312451,'2011-10-04 10:45:59','2011-10-04 10:45:59',0),(114,105,'Metalen_en_hun_eigenschappen.pdf','application/pdf',89461808,'2011-10-04 10:46:36','2011-10-04 10:46:36',0),(115,106,'Metalen_en_hun_eigenschappen.pdf','application/pdf',89461808,'2011-10-04 10:52:17','2011-10-04 10:52:17',0),(116,107,'l2ac201112.pdf','application/pdf',725385,'2011-10-04 10:57:04','2011-10-04 10:57:04',0),(117,108,'wsl1_05102011_ac201112_handouts_.pdf','application/pdf',1694546,'2011-10-04 10:58:40','2011-10-04 10:58:40',0),(118,109,'warmte_en_stromingsleer_-_warmte_slides.pdf','application/pdf',14343736,'2011-10-04 13:30:53','2011-10-04 13:30:53',0),(119,110,'warmte_en_stromingsleer_-_warmte_slides.pdf','application/pdf',14343736,'2011-10-04 13:34:42','2011-10-04 13:34:42',0),(120,111,'warmte_en_stromingsleer_-_warmte_slides.pdf','application/pdf',14343736,'2011-10-04 13:39:33','2011-10-04 13:39:33',0),(121,112,'warmte_en_stromingsleer_-_warmte_slides.pdf','application/pdf',14343736,'2011-10-04 13:40:47','2011-10-04 13:40:47',0),(122,113,'warmte_en_stromingsleer_-_warmte_slides.pdf','application/pdf',14343736,'2011-10-04 13:43:49','2011-10-04 13:43:49',0),(123,114,'Hst1_Regelgeving_in_de_bouwsector_2011.pptx','application/vnd.openxmlformats-officedocument.presentationml.presentation',1941586,'2011-10-04 19:04:41','2011-10-04 19:04:41',0),(124,115,'Module_Kinematica_1BA.pdf','application/pdf',5045855,'2011-10-05 10:58:42','2011-10-05 10:58:42',0),(125,116,'Massaverdeling.pdf','application/pdf',5636888,'2011-10-05 11:02:45','2011-10-05 11:02:45',0),(126,117,'Kinematica.pdf','application/pdf',685349,'2011-10-05 11:06:58','2011-10-05 11:06:58',0),(127,118,'Mechanica_2_BA.pdf','application/pdf',1506377,'2011-10-05 11:11:07','2011-10-05 11:11:07',0),(130,120,'ency3.pdf','application/pdf',48954095,'2011-10-05 17:45:36','2011-10-05 17:45:36',0),(131,121,'20111004104729681.pdf','application/pdf',109419116,'2011-10-05 18:05:21','2011-10-05 18:05:21',0),(132,122,'20111004111051371.pdf','application/pdf',103788493,'2011-10-05 18:07:33','2011-10-05 18:07:33',0),(133,123,'voorblad_1.pdf','application/pdf',19181,'2011-10-05 18:57:05','2011-10-05 18:57:05',0),(134,123,'Jenkins.pdf','application/pdf',5197630,'2011-10-05 18:57:05','2011-10-05 18:57:05',0),(135,123,'Burgess.pdf','application/pdf',308671,'2011-10-05 18:57:05','2011-10-05 18:57:05',0),(136,123,'voorblad_2.pdf','application/pdf',16688,'2011-10-05 18:57:05','2011-10-05 18:57:05',0),(137,123,'Terranova.pdf','application/pdf',128547,'2011-10-05 18:57:05','2011-10-05 18:57:05',0),(138,123,'Hartley.pdf','application/pdf',130027,'2011-10-05 18:57:05','2011-10-05 18:57:05',0),(139,124,'Algemeen_Boekhouden_Samenvatting.pdf','application/pdf',224570,'2011-10-05 23:09:04','2011-10-05 23:09:04',0),(140,125,'Econometrie_samenvatting.pdf','application/pdf',12498004,'2011-10-06 10:47:45','2011-10-06 10:47:45',0),(142,127,'KL_IPW_Bijlage_1.pdf','application/pdf',23537470,'2011-10-06 13:54:48','2011-10-06 13:54:48',0),(144,129,'79A-rv_-_Bestuurswetenschappen__Instellingen_en_Beleid_Samenvatting.pdf','application/pdf',7578,'2011-10-07 13:38:48','2011-10-07 13:38:48',0),(145,50,'Staatsrecht_samenvatting.pdf','application/pdf',445746,'2011-10-07 14:53:09','2011-10-07 14:53:09',0),(146,130,'politieke_structuren_en_processen_van_de_eu_samenvatting.pdf','application/pdf',551665,'2011-10-07 15:37:29','2011-10-07 15:37:29',0),(147,131,'Bestuurswetenschappen_samenvatting.pdf','application/pdf',345993,'2011-10-07 17:06:39','2011-10-07 17:06:39',0),(148,132,'Bestuurswetenschappen_nota_s.pdf','application/pdf',207904,'2011-10-07 17:09:28','2011-10-07 17:09:28',0),(149,133,'marketing_samenvatting.pdf','application/pdf',1203892,'2011-10-08 16:00:26','2011-10-08 16:00:26',0),(150,134,'Bedrijfsfinanciering.pdf','application/pdf',4914124,'2011-10-08 16:10:05','2011-10-08 16:10:05',0),(151,135,'Macro-Economie_Samenvatting.pdf','application/pdf',2347499,'2011-10-08 16:19:42','2011-10-08 16:19:42',0),(152,136,'Geld-___Kapitaalmarkten_Samenvatting.pdf','application/pdf',506918,'2011-10-08 16:29:05','2011-10-08 16:29:05',0),(153,137,'MAnagementaccounting_Samenvatting.pdf','application/pdf',269090,'2011-10-08 16:34:54','2011-10-08 16:34:54',0),(154,138,'Micro-economie_Samenvatting.pdf','application/pdf',8628602,'2011-10-08 16:47:37','2011-10-08 16:47:37',0),(155,139,'Monetaire_economie_samenvatting.pdf','application/pdf',944928,'2011-10-09 13:38:44','2011-10-09 13:38:44',0),(156,140,'Jaarrekeninganalyse_en_auditing_Samenvatting.pdf','application/pdf',1626549,'2011-10-09 13:58:28','2011-10-09 13:58:28',0),(157,141,'materiaal_productie_samenvatting.pdf','application/pdf',2504092,'2011-10-09 14:05:58','2011-10-09 14:05:58',0),(158,30,'Sociale_Wetgeving_samenvatting_2009.pdf','application/pdf',228579,'2011-10-09 14:25:56','2011-10-09 14:25:56',0),(163,142,'Wiskunde1_-_Bewijzen_Formules_Examenvragen_-_met_adv.pdf','application/pdf',26995436,'2011-10-10 07:53:33','2011-10-10 07:53:33',0),(164,126,'Boekhouden_-_Overzicht_Boekingen_-_NIEUW_-_met_adv.pdf','application/pdf',250944,'2011-10-10 07:56:38','2011-10-10 07:56:38',0),(165,128,'Algemene_Economie_1_-_Samenvatting_-_NIEUW_-_met_adv.pdf','application/pdf',698517,'2011-10-10 08:00:11','2011-10-10 08:00:11',0),(166,143,'Algemeen_Boekhouden_-_Slides_1_pp_-_met_adv.pdf','application/pdf',1193706,'2011-10-10 08:11:15','2011-10-10 08:11:15',0),(167,144,'Algemeen_Boekhouden_-_Slides_2_pp_-_met_adv.pdf','application/pdf',1131219,'2011-10-10 08:17:13','2011-10-10 08:17:13',0),(168,146,'Wiskunde_2_-_Oefeningen_-_met_adv.pdf','application/pdf',27078866,'2011-10-10 08:38:10','2011-10-10 08:38:10',0),(169,145,'Wiskunde_2_-_Bewijzen_-_met_adv.pdf','application/pdf',34175707,'2011-10-10 08:41:04','2011-10-10 08:41:04',0),(170,147,'Bedrijfsfinanciering_-_Samevatting_Examenvragen_-_NIEUW_-_met_adv.pdf','application/pdf',4246834,'2011-10-10 08:59:16','2011-10-10 08:59:16',0),(171,148,'Bedrijfsfinanciering_-_Samevatting_Examenvragen_-_NIEUW_-_met_adv.pdf','application/pdf',4246834,'2011-10-10 09:03:51','2011-10-10 09:03:51',0),(172,149,'Bedrijfsfinanciering_-_Samevatting_Examenvragen_-_NIEUW_-_met_adv.pdf','application/pdf',4246834,'2011-10-10 09:06:40','2011-10-10 09:06:40',0),(173,150,'Chemie_-_Opgeloste_Examenvragen_-_Oud_-_met_adv.pdf','application/pdf',568883,'2011-10-10 09:20:05','2011-10-10 09:20:05',0),(174,151,'Management_-_Samenvatting_NIEUW_-_met_adv.pdf','application/pdf',6302441,'2011-10-10 09:28:14','2011-10-10 09:28:14',0),(175,152,'A_O_-_Samenvatting_NIEUW_-_met_adv.pdf','application/pdf',1628233,'2011-10-10 09:59:54','2011-10-10 09:59:54',0),(176,153,'IT_Modeling_and_Economics_-_Samenvattingen_NIEUW_-_met_adv.pdf','application/pdf',2365133,'2011-10-10 10:09:55','2011-10-10 10:09:55',0),(177,154,'Operationeel_Onderzoek_-_Samenvatting_OUD_-_met_adv.pdf','application/pdf',941130,'2011-10-10 10:15:30','2011-10-10 10:15:30',0),(178,155,'advanced_accounting_-_Samenvatting_NIEUW_-_met_adv.pdf','application/pdf',675721,'2011-10-10 10:20:46','2011-10-10 10:20:46',0),(179,156,'Advanced_Accounting_Slides___notities_bij_slides_met_adv.pdf','application/pdf',30739213,'2011-10-10 10:30:53','2011-10-10 10:30:53',0),(180,70,'Titelblad_Gedragstherapie.doc','application/msword',22016,'2011-10-10 12:29:45','2011-10-10 12:29:45',0),(181,63,'Titelblad_Sociale_Psychologie_2.doc','application/msword',22016,'2011-10-10 12:42:31','2011-10-10 12:42:31',0),(182,28,'Titelblad_Managementpsychologie.doc','application/msword',22016,'2011-10-10 12:43:02','2011-10-10 12:43:02',0),(183,127,'Titelblad_Inleiding_tot_de_pedagogische_wetenschappen.doc','application/msword',22016,'2011-10-10 12:43:28','2011-10-10 12:43:28',0),(184,31,'Titelblad_Cognitieve_Psychologie_1.doc','application/msword',22016,'2011-10-10 12:46:11','2011-10-10 12:46:11',0),(185,71,'Titelblad_Arbeids-_en_Personeelspsychologie.doc','application/msword',22016,'2011-10-10 12:46:47','2011-10-10 12:46:47',0),(186,23,'Titelblad_Sociologie.doc','application/msword',22016,'2011-10-10 12:47:12','2011-10-10 12:47:12',0),(187,62,'Titelblad_Sociale_en_historiche_inleiding_tot_de_agogische_wetenschappen.doc','application/msword',22528,'2011-10-10 12:47:38','2011-10-10 12:47:38',0),(188,32,'Titelblad_Agologie_in_Hoofdzaken.doc','application/msword',22528,'2011-10-10 13:10:00','2011-10-10 13:10:00',0),(189,39,'Titelblad_Cognitieve_Psychologie_2.doc','application/msword',22016,'2011-10-10 13:10:43','2011-10-10 13:10:43',0),(190,39,'Titelblad_Cognitieve_Psychologie_2.doc','application/msword',22016,'2011-10-10 13:12:44','2011-10-10 13:12:44',0),(191,158,'Biotechnologie_-_Samenvatting_-_NIEUW_met_adv.pdf','application/pdf',4565778,'2011-10-10 14:04:11','2011-10-10 14:04:11',0),(192,159,'IT_Modeling_and_Economics_-_Samenvattingen_NIEUW_-_met_adv.pdf','application/pdf',2365133,'2011-10-10 14:10:41','2011-10-10 14:10:41',0),(193,160,'Jaarrekeninganalyse_en_auditing_-_Samenvatting_-_NIEUW_met_adv.pdf','application/pdf',1996097,'2011-10-10 14:19:21','2011-10-10 14:19:21',0),(194,161,'Vermogensbeheer_Samenvatting_-_OUD_met_adv.pdf','application/pdf',1193531,'2011-10-10 14:34:20','2011-10-10 14:34:20',0),(195,162,'Vermogensbeheer_Examenvragen_met_adv.pdf','application/pdf',8637861,'2011-10-10 14:43:08','2011-10-10 14:43:08',0),(196,163,'Vermogensbeheer_Slides_pp4_met_adv.pdf','application/pdf',5101914,'2011-10-10 14:47:13','2011-10-10 14:47:13',0),(200,42,'TitelbladME.pdf','application/pdf',4273,'2011-10-10 15:45:44','2011-10-10 15:45:44',0),(201,74,'Bouwtechnologie_Voorblad.pdf','application/pdf',3719,'2011-10-10 15:45:53','2011-10-10 15:45:53',0),(202,35,'TitelBlad_NT.pdf','application/pdf',4322,'2011-10-10 15:47:12','2011-10-10 15:47:12',0),(203,77,'Titel_blad_Diachronische_studie_van_het_Nederlands.pdf','application/pdf',4567,'2011-10-10 15:48:53','2011-10-10 15:48:53',0),(204,99,'Aanvullingen_van_de_wiskunde_Voorblad.pdf','application/pdf',4348,'2011-10-10 15:51:06','2011-10-10 15:51:06',0),(205,78,'Titelblad_gsch_NL_1850-1945.pdf','application/pdf',4267,'2011-10-10 15:54:24','2011-10-10 15:54:24',0),(206,26,'Titelblad_Wijsb..pdf','application/pdf',12257,'2011-10-10 20:37:30','2011-10-10 20:37:30',0);
/*!40000 ALTER TABLE `attachments` ENABLE KEYS */;
UNLOCK TABLES;

--
-- Table structure for table `book_costs`
--

DROP TABLE IF EXISTS `book_costs`;
/*!40101 SET @saved_cs_client     = @@character_set_client */;
/*!40101 SET character_set_client = utf8 */;
CREATE TABLE `book_costs` (
  `id` int(11) NOT NULL auto_increment,
  `amount` float default NULL,
  `supply_id` int(11) default NULL,
  `deleted` tinyint(1) default NULL,
  `created_at` datetime default NULL,
  `updated_at` datetime default NULL,
  PRIMARY KEY  (`id`)
) ENGINE=InnoDB AUTO_INCREMENT=9 DEFAULT CHARSET=utf8 COLLATE=utf8_unicode_ci;
/*!40101 SET character_set_client = @saved_cs_client */;

--
-- Dumping data for table `book_costs`
--

LOCK TABLES `book_costs` WRITE;
/*!40000 ALTER TABLE `book_costs` DISABLE KEYS */;
INSERT INTO `book_costs` VALUES (1,5,4,NULL,'2011-10-01 11:54:25','2011-10-01 11:54:25'),(2,5,5,NULL,'2011-10-01 12:01:36','2011-10-01 12:01:36'),(3,0,7,NULL,'2011-10-01 19:43:36','2011-10-01 19:43:36'),(4,0,1,NULL,'2011-10-02 11:14:28','2011-10-02 11:14:28'),(5,0,1,NULL,'2011-10-02 11:14:36','2011-10-02 11:14:36'),(6,40,46,NULL,'2011-10-02 22:47:13','2011-10-02 22:47:13'),(7,40,61,NULL,'2011-10-03 10:10:59','2011-10-03 10:10:59'),(8,0,106,NULL,'2011-10-05 17:34:39','2011-10-05 17:34:39');
/*!40000 ALTER TABLE `book_costs` ENABLE KEYS */;
UNLOCK TABLES;

--
-- Table structure for table `disciplines`
--

DROP TABLE IF EXISTS `disciplines`;
/*!40101 SET @saved_cs_client     = @@character_set_client */;
/*!40101 SET character_set_client = utf8 */;
CREATE TABLE `disciplines` (
  `id` int(11) NOT NULL auto_increment,
  `name` varchar(255) collate utf8_unicode_ci default NULL,
  `faculty_id` int(11) default NULL,
  `created_at` datetime default NULL,
  `updated_at` datetime default NULL,
  `deleted` tinyint(1) default '0',
  PRIMARY KEY  (`id`)
) ENGINE=InnoDB AUTO_INCREMENT=32 DEFAULT CHARSET=utf8 COLLATE=utf8_unicode_ci;
/*!40101 SET character_set_client = @saved_cs_client */;

--
-- Dumping data for table `disciplines`
--

LOCK TABLES `disciplines` WRITE;
/*!40000 ALTER TABLE `disciplines` DISABLE KEYS */;
INSERT INTO `disciplines` VALUES (1,'Computerwetenschappen',1,'2011-09-28 14:12:52','2011-09-28 14:12:52',0),(2,'Fysica',1,'2011-09-28 14:13:25','2011-09-28 14:13:25',0),(3,'Chemie',1,'2011-09-28 14:13:51','2011-09-28 14:13:51',0),(4,'Biologie',1,'2011-09-28 14:14:22','2011-09-28 14:14:22',0),(5,'Wiskunde',1,'2011-09-28 14:14:52','2011-09-28 14:14:52',0),(6,'Geografie',1,'2011-09-28 14:15:15','2011-09-28 14:15:15',0),(7,'Bio-ingenieurswetenschappen',1,'2011-09-28 14:16:03','2011-09-28 14:16:03',0),(8,'Politieke Wetenschappen',7,'2011-09-28 14:16:32','2011-09-28 14:16:32',0),(9,'Ingenieurswetenschappen',5,'2011-09-28 14:20:36','2011-09-28 14:40:02',0),(10,'Geschiedenis',4,'2011-09-28 14:21:25','2011-09-28 14:21:25',0),(11,' Lichamelijke opvoeding en bewegingswetenschappen',6,'2011-09-28 14:23:03','2011-09-28 14:23:03',0),(12,'psychologie',3,'2011-09-28 14:24:48','2011-09-28 14:24:48',0),(13,'Rechten',2,'2011-09-28 14:25:23','2011-09-28 14:25:23',0),(14,'Communicatiewetenschappen',4,'2011-09-28 14:32:13','2011-09-28 14:32:13',0),(15,'Handelsingenieur',7,'2011-09-28 14:36:25','2011-09-28 14:36:25',0),(16,'Criminologie',2,'2011-09-30 09:02:56','2011-09-30 09:02:56',0),(17,'SEP',8,'2011-10-01 10:33:01','2011-10-01 10:33:01',0),(18,'Agogische Wetenschappen',3,'2011-10-02 11:30:00','2011-10-02 11:30:00',0),(19,'Sociale Wetenschappen',7,'2011-10-02 14:21:55','2011-10-02 14:21:55',0),(20,'Toegepaste Economische Wetenschappen',7,'2011-10-02 14:23:00','2011-10-02 14:23:00',0),(21,'Bedrijfskunde',7,'2011-10-02 14:23:18','2011-10-07 13:26:36',0),(22,'Taal- en Letterkunde',4,'2011-10-02 17:19:07','2011-10-02 17:19:07',0),(23,'Kunstwetenschappen en Archeologie',4,'2011-10-02 17:19:57','2011-10-02 17:19:57',0),(24,'Wijsbegeerte',4,'2011-10-02 17:20:48','2011-10-02 17:20:48',0),(25,'Bouwkunde',5,'2011-10-03 17:48:17','2011-10-03 17:48:17',0),(26,'Chemie en Materialen',5,'2011-10-03 18:01:11','2011-10-03 18:01:11',0),(27,'Elektronica en Informatietechnologie',5,'2011-10-03 18:01:45','2011-10-03 18:01:45',0),(28,'Werktuigkunde-Elektrotechniek',5,'2011-10-03 18:02:16','2011-10-03 18:02:16',0),(29,'Architectuur',5,'2011-10-04 08:35:50','2011-10-04 08:35:50',0),(30,'Kinesitherapie',6,'2011-10-05 13:35:56','2011-10-05 13:35:56',0),(31,'sociologie',3,'2011-10-06 14:02:31','2011-10-06 14:02:31',0);
/*!40000 ALTER TABLE `disciplines` ENABLE KEYS */;
UNLOCK TABLES;

--
-- Table structure for table `disciplines_guilds`
--

DROP TABLE IF EXISTS `disciplines_guilds`;
/*!40101 SET @saved_cs_client     = @@character_set_client */;
/*!40101 SET character_set_client = utf8 */;
CREATE TABLE `disciplines_guilds` (
  `guild_id` int(11) default NULL,
  `discipline_id` int(11) default NULL
) ENGINE=InnoDB DEFAULT CHARSET=utf8 COLLATE=utf8_unicode_ci;
/*!40101 SET character_set_client = @saved_cs_client */;

--
-- Dumping data for table `disciplines_guilds`
--

LOCK TABLES `disciplines_guilds` WRITE;
/*!40000 ALTER TABLE `disciplines_guilds` DISABLE KEYS */;
INSERT INTO `disciplines_guilds` VALUES (1,14),(2,6),(3,12),(4,15),(5,8),(6,10),(7,9),(8,13),(9,1),(10,17),(11,11),(11,30);
/*!40000 ALTER TABLE `disciplines_guilds` ENABLE KEYS */;
UNLOCK TABLES;

--
-- Table structure for table `disciplines_users`
--

DROP TABLE IF EXISTS `disciplines_users`;
/*!40101 SET @saved_cs_client     = @@character_set_client */;
/*!40101 SET character_set_client = utf8 */;
CREATE TABLE `disciplines_users` (
  `user_id` int(11) default NULL,
  `discipline_id` int(11) default NULL
) ENGINE=InnoDB DEFAULT CHARSET=utf8 COLLATE=utf8_unicode_ci;
/*!40101 SET character_set_client = @saved_cs_client */;

--
-- Dumping data for table `disciplines_users`
--

LOCK TABLES `disciplines_users` WRITE;
/*!40000 ALTER TABLE `disciplines_users` DISABLE KEYS */;
/*!40000 ALTER TABLE `disciplines_users` ENABLE KEYS */;
UNLOCK TABLES;

--
-- Table structure for table `faculties`
--

DROP TABLE IF EXISTS `faculties`;
/*!40101 SET @saved_cs_client     = @@character_set_client */;
/*!40101 SET character_set_client = utf8 */;
CREATE TABLE `faculties` (
  `id` int(11) NOT NULL auto_increment,
  `name` varchar(255) collate utf8_unicode_ci default NULL,
  `institute_id` int(11) default NULL,
  `created_at` datetime default NULL,
  `updated_at` datetime default NULL,
  `initials` varchar(255) collate utf8_unicode_ci default NULL,
  `deleted` tinyint(1) default '0',
  PRIMARY KEY  (`id`),
  KEY `index_faculties_on_institute_id` (`institute_id`)
) ENGINE=InnoDB AUTO_INCREMENT=9 DEFAULT CHARSET=utf8 COLLATE=utf8_unicode_ci;
/*!40101 SET character_set_client = @saved_cs_client */;

--
-- Dumping data for table `faculties`
--

LOCK TABLES `faculties` WRITE;
/*!40000 ALTER TABLE `faculties` DISABLE KEYS */;
INSERT INTO `faculties` VALUES (1,'Wetenschappen en Bio-ingenieurswetenschappen',1,'2011-09-28 14:12:35','2011-09-28 14:12:35','WE',0),(2,'Recht en Criminologie',1,'2011-09-28 14:12:58','2011-09-28 14:12:58','RC',0),(3,'Psychologie en Educatiewetenschappen',1,'2011-09-28 14:13:36','2011-09-28 14:13:36','PE',0),(4,'Letteren en Wijsbegeerte',1,'2011-09-28 14:14:06','2011-09-28 14:14:06','LW',0),(5,'Ingenieurswetenschappen',1,'2011-09-28 14:14:32','2011-09-28 14:14:32','IR',0),(6,'Lichamelijke Opvoeding en Kinesitherapie',1,'2011-09-28 14:15:01','2011-09-28 14:15:01','LK',0),(7,'Faculteit Economische, Sociale en Politieke Wetenschappen & Solvay Business School',1,'2011-09-28 14:15:58','2011-09-28 14:15:58','ES',0),(8,'Open Bibliotheek',2,'2011-10-01 10:32:53','2011-10-01 12:33:11','OB',0);
/*!40000 ALTER TABLE `faculties` ENABLE KEYS */;
UNLOCK TABLES;

--
-- Table structure for table `foobars`
--

DROP TABLE IF EXISTS `foobars`;
/*!40101 SET @saved_cs_client     = @@character_set_client */;
/*!40101 SET character_set_client = utf8 */;
CREATE TABLE `foobars` (
  `id` int(11) NOT NULL auto_increment,
  `deleted` tinyint(1) default NULL,
  `name` varchar(255) collate utf8_unicode_ci default NULL,
  `created_at` datetime default NULL,
  `updated_at` datetime default NULL,
  PRIMARY KEY  (`id`)
) ENGINE=InnoDB DEFAULT CHARSET=utf8 COLLATE=utf8_unicode_ci;
/*!40101 SET character_set_client = @saved_cs_client */;

--
-- Dumping data for table `foobars`
--

LOCK TABLES `foobars` WRITE;
/*!40000 ALTER TABLE `foobars` DISABLE KEYS */;
/*!40000 ALTER TABLE `foobars` ENABLE KEYS */;
UNLOCK TABLES;

--
-- Table structure for table `guilds`
--

DROP TABLE IF EXISTS `guilds`;
/*!40101 SET @saved_cs_client     = @@character_set_client */;
/*!40101 SET character_set_client = utf8 */;
CREATE TABLE `guilds` (
  `id` int(11) NOT NULL auto_increment,
  `name` varchar(255) collate utf8_unicode_ci default NULL,
  `initials` varchar(255) collate utf8_unicode_ci default NULL,
  `discipline_id` int(11) default NULL,
  `deleted` tinyint(1) default '0',
  PRIMARY KEY  (`id`)
) ENGINE=InnoDB AUTO_INCREMENT=12 DEFAULT CHARSET=utf8 COLLATE=utf8_unicode_ci;
/*!40101 SET character_set_client = @saved_cs_client */;

--
-- Dumping data for table `guilds`
--

LOCK TABLES `guilds` WRITE;
/*!40000 ALTER TABLE `guilds` DISABLE KEYS */;
INSERT INTO `guilds` VALUES (1,'Perskring','PERS',NULL,0),(2,'Wetenschappelijke Kring ','WK',NULL,0),(3,'Psycho-Pedagogische Kring ','PPK',NULL,0),(4,'Solvay','SOLVAY',NULL,0),(5,'ESP Cursusdienst','ESP',NULL,0),(6,'Letteren -en Wijsbegeerte Kring ','LWK',NULL,0),(7,'Polytechnische Kring ','PK',NULL,0),(8,'Het Vlaams Rechtsgenootschap','VRG',NULL,0),(9,'Infogroep','ig',NULL,0),(10,'Overkoepelende StudentencursusDienst','OSD',NULL,0),(11,'Mesacosa','mc',NULL,0);
/*!40000 ALTER TABLE `guilds` ENABLE KEYS */;
UNLOCK TABLES;

--
-- Table structure for table `guilds_users`
--

DROP TABLE IF EXISTS `guilds_users`;
/*!40101 SET @saved_cs_client     = @@character_set_client */;
/*!40101 SET character_set_client = utf8 */;
CREATE TABLE `guilds_users` (
  `guild_id` int(11) default NULL,
  `user_id` int(11) default NULL
) ENGINE=InnoDB DEFAULT CHARSET=utf8 COLLATE=utf8_unicode_ci;
/*!40101 SET character_set_client = @saved_cs_client */;

--
-- Dumping data for table `guilds_users`
--

LOCK TABLES `guilds_users` WRITE;
/*!40000 ALTER TABLE `guilds_users` DISABLE KEYS */;
INSERT INTO `guilds_users` VALUES (5,3),(5,6),(5,7),(5,8),(1,10),(1,11),(1,12),(1,13),(3,15),(7,16),(6,14),(8,17),(8,24),(8,25),(4,26),(8,28),(5,31),(9,5),(5,4),(9,2),(5,33),(5,34),(5,35),(8,36),(3,9),(6,3),(8,37),(8,38),(1,39),(3,40),(8,41),(8,42),(8,43),(10,44),(7,45),(8,46),(8,47),(8,48),(8,49),(5,50),(8,51),(8,52),(1,53),(8,54),(8,55),(8,56),(5,57),(8,58),(8,59),(1,3),(10,60),(5,61),(8,62),(8,63),(5,64),(8,65),(5,66),(1,67),(8,68),(8,69),(8,3),(3,70),(8,71),(5,72),(8,73),(1,74),(8,75),(8,76),(7,77),(8,78),(8,79),(9,1),(9,80),(8,81),(8,82),(8,83),(8,84),(8,85),(6,86),(3,87),(8,88),(5,89),(8,90),(8,91),(8,92),(8,93),(7,94),(5,95),(8,96),(8,97),(4,98),(4,99),(6,100),(2,101),(10,102),(7,32),(10,103),(8,104),(8,105),(8,106),(8,107),(1,108),(5,109),(5,110),(1,111),(1,112),(8,113),(10,114),(1,115),(1,116),(8,117),(9,118),(3,119),(1,120),(9,121),(8,122),(8,123),(8,124),(1,125),(7,126),(8,127),(1,128),(8,129),(8,130),(5,131),(1,132),(5,133),(1,134),(8,135),(1,136),(10,137),(8,138),(5,139),(5,140),(4,141),(8,142),(8,143),(8,144),(8,145),(5,146),(10,147),(3,148),(10,149),(7,150),(10,151),(5,152),(8,153),(1,154),(8,155),(8,156),(5,157),(1,158),(5,159),(1,160),(8,161),(5,162),(8,163),(8,164),(8,165),(8,166),(5,167),(3,168),(1,169),(8,170),(8,171),(10,172),(1,173),(1,174),(1,175),(10,176),(4,177),(1,178),(8,179),(1,180),(1,181),(1,182),(1,183),(6,184),(6,185),(7,186),(1,187),(8,188),(4,189),(1,190),(1,191),(5,192),(4,193),(8,194),(5,195),(8,196),(8,197),(8,198),(5,199),(8,200),(1,201),(2,202),(8,203),(8,204),(8,205),(8,206),(8,207),(1,208),(1,209),(8,210),(8,211),(1,212),(11,15),(4,213),(1,214),(6,215),(1,216),(8,217),(1,218),(3,219),(4,220),(8,221),(5,222),(1,223),(1,224),(1,225),(3,226),(1,227),(8,228),(5,229),(5,230),(1,231),(8,232),(1,233),(1,234),(5,235),(8,236),(5,237),(5,238),(1,239),(1,240),(8,241),(10,242),(5,243),(4,244),(1,245),(1,246),(1,247),(8,248),(4,249),(1,250),(7,251),(1,252),(1,253),(1,254),(1,255),(8,256),(5,257),(1,258),(5,259),(5,260),(3,261),(1,262),(3,263),(1,264),(1,265),(8,266),(7,267),(1,268),(8,269),(8,270),(1,271),(1,272),(3,273),(8,274),(8,275),(8,276),(6,277),(1,278),(8,279),(8,280),(1,281),(5,282),(1,283),(3,284),(8,285),(1,286),(8,287),(10,3),(8,288),(8,289),(1,290),(8,291),(8,292),(8,293),(7,294),(8,295),(1,296),(1,297),(5,298),(5,299),(1,300),(1,301),(8,302),(8,303),(8,304),(8,305),(1,306),(4,307),(1,308),(4,309),(4,310),(5,311),(1,312),(3,313),(8,314),(1,315),(8,316),(8,317),(8,318),(8,319),(1,320),(7,321),(5,322),(8,323),(8,324),(8,325),(2,326),(8,327),(5,328),(5,329),(8,330),(2,331),(8,332),(8,333),(2,334),(8,335),(1,336),(10,337),(2,338),(8,339),(8,340),(10,341),(6,342),(10,343),(7,345),(7,346),(10,347),(10,348),(3,349),(10,350),(7,351),(5,352),(10,353),(1,354),(10,355),(10,356),(4,357),(3,358),(7,359),(10,360),(8,361),(10,362),(8,363),(8,364),(8,365),(8,366),(5,367),(7,368),(5,369),(5,370),(7,371),(8,372),(10,373),(8,374),(10,375),(7,376),(7,377),(1,378),(7,379),(1,380),(8,381),(10,382),(5,383),(7,384),(8,385),(8,386),(10,387),(7,388),(10,389),(7,390),(7,391),(7,392),(8,393),(7,394),(8,395),(7,396),(5,397),(7,398),(8,399),(7,400),(3,401),(7,402),(8,403),(7,404),(7,405),(10,406),(7,407),(7,408),(1,409),(5,410),(10,411),(7,412),(8,413),(7,414),(8,415),(8,416),(7,417),(7,418),(8,419),(5,420),(8,421),(8,422),(8,423),(1,424),(8,425),(3,426),(3,427),(5,428),(8,429),(2,430),(4,431),(1,432),(8,433),(5,434),(1,435),(8,436),(3,437),(4,438),(1,439);
/*!40000 ALTER TABLE `guilds_users` ENABLE KEYS */;
UNLOCK TABLES;

--
-- Table structure for table `info_strings`
--

DROP TABLE IF EXISTS `info_strings`;
/*!40101 SET @saved_cs_client     = @@character_set_client */;
/*!40101 SET character_set_client = utf8 */;
CREATE TABLE `info_strings` (
  `id` int(11) NOT NULL auto_increment,
  `key` varchar(255) collate utf8_unicode_ci default NULL,
  `content` text collate utf8_unicode_ci,
  `guild_id` int(11) default NULL,
  `created_at` datetime default NULL,
  `updated_at` datetime default NULL,
  `deleted` tinyint(1) default '0',
  PRIMARY KEY  (`id`)
) ENGINE=InnoDB AUTO_INCREMENT=34 DEFAULT CHARSET=utf8 COLLATE=utf8_unicode_ci;
/*!40101 SET character_set_client = @saved_cs_client */;

--
-- Dumping data for table `info_strings`
--

LOCK TABLES `info_strings` WRITE;
/*!40000 ALTER TABLE `info_strings` DISABLE KEYS */;
INSERT INTO `info_strings` VALUES (1,'Info Cash-Betaling','<p>Ga naar het OSD-lokaal tijdens de openingsuren om u betaling uit te voeren. Weet je het lokaal niet zijn? <a title=\"Kijk hier!\" href=\"../../pages/guide\" target=\"_self\">Kijk hier</a>!</p>',5,'2011-09-30 14:46:39','2011-10-01 15:58:11',0),(2,'cash','<p>Je kan u cashbetaling uitvoeren in het OSD-lokaal tijdens de openingsuren. Weet je het lokaal nog niet zijn? <a title=\"Kijk hier!\" href=\"../../pages/guide\" target=\"_blank\">Kijk hier!</a></p>\r\n<p>lol</p>',5,'2011-09-30 14:47:05','2011-10-06 09:22:00',0),(3,'transfer','<p>Wenst u te betalen via overschrijving, plaats dan de order key als mededeling in u overschrijving</p>\r\n<p>Overschrijven kan op volgend rekeningnummer: 363-0944543-94</p>',5,'2011-09-30 14:49:08','2011-10-03 12:57:51',0),(4,'general_payment','<p>U bestelling wordt pas behandeld vanaf het ogenblik dat de betaling is ontvangen.</p>\r\n<p>U wordt per mail op de hoogte gebracht bij ontvangst van de overschrijving. Wanneer uw bestelling klaar ligt in het OSD-lokaal wordt dit opnieuw via mail gestuurd',5,'2011-09-30 14:49:25','2011-10-03 10:45:49',0),(5,'about_CD','<p>Infogroep is SOO <strong>10100111001</strong></p>',9,'2011-10-04 14:34:01','2011-10-10 16:26:10',0),(6,'cash','<p>Je kan u cashbetaling uitvoeren in het OSD-lokaal tijdens de openingsuren. Weet je het lokaal nog niet zijn? <a title=\"Kijk hier!\" href=\"http://esp.cursusdienst.net/pages/guide\" target=\"_blank\">Kijk hier!</a></p>',11,'2011-10-05 13:41:21','2011-10-05 13:41:21',0),(7,'cash','<p>Je kan u cashbetaling uitvoeren in het OSD-lokaal tijdens de openingsuren. Weet je het lokaal nog niet zijn? <a href=\"ppk.cursusdienst.net/pages/guide\" target=\"_self\">Kijk hier</a>!</p>',3,'2011-10-05 13:42:05','2011-10-05 13:47:43',0),(8,'transfer','<p>Wenst u te betalen via overschrijving, plaats dan de order key als mededeling in u overschrijving</p>\r\n<p>Overschrijven kan op volgend rekeningnummer: 363-0944543-94</p>',11,'2011-10-05 13:42:54','2011-10-05 13:42:54',0),(9,'transfer','<p>Wenst u te betalen via overschrijving, plaats dan de order key als mededeling in u overschrijving<br /><br />Overschrijven kan op volgend rekeningnummer: 363-0944543-94</p>',3,'2011-10-05 13:43:03','2011-10-05 13:43:03',0),(10,'general_payment','<p>U bestelling wordt pas behandeld vanaf het ogenblik dat de betaling is ontvangen.</p>\r\n<p>U wordt per mail op de hoogte gebracht bij ontvangst van de overschrijving. Wanneer uw bestelling klaar ligt in het OSD-lokaal wordt dit opnieuw via mail gestuurd',11,'2011-10-05 13:43:07','2011-10-05 13:43:07',0),(11,'general_payment','<p>U bestelling wordt pas behandeld vanaf het ogenblik dat de betaling is ontvangen.<br /><br />U wordt per mail op de hoogte gebracht bij ontvangst van de overschrijving. Wanneer uw bestelling klaar ligt in het OSD-lokaal wordt dit opnieuw via mail gestu',3,'2011-10-05 13:43:27','2011-10-05 13:43:27',0),(12,'cash','<p>Je kan u cashbetaling uitvoeren in het OSD-lokaal tijdens de openingsuren. Weet je het lokaal nog niet zijn? Kijk hier!</p>',4,'2011-10-05 13:45:25','2011-10-05 13:45:25',0),(13,'cash','<p>Je kan u cashbetaling uitvoeren in het OSD-lokaal tijdens de openingsuren. Weet je het lokaal nog niet zijn? <a title=\"Kijk hier!\" href=\"../../pages/guide\" target=\"_blank\">Kijk hier!</a></p>',8,'2011-10-05 13:45:36','2011-10-05 13:47:41',0),(14,'transfer','<p>Wenst u te betalen via overschrijving, plaats dan de order key als mededeling in u overschrijving<br /><br />Overschrijven kan op volgend rekeningnummer: 363-0944543-94</p>',4,'2011-10-05 13:45:39','2011-10-05 13:45:39',0),(15,'general_payment','<p>U bestelling wordt pas behandeld vanaf het ogenblik dat de betaling is ontvangen.<br /><br />U wordt per mail op de hoogte gebracht bij ontvangst van de overschrijving. Wanneer uw bestelling klaar ligt in het OSD-lokaal wordt dit opnieuw via mail gestu',4,'2011-10-05 13:45:54','2011-10-05 13:45:54',0),(16,'transfer','<p>Wenst u te betalen via overschrijving, plaats dan de order key als mededeling in u overschrijving</p>\r\n<p>Overschrijven kan op volgend rekeningnummer: 363-0944543-94</p>',8,'2011-10-05 13:46:12','2011-10-05 13:46:12',0),(17,'cash','<p>Je kan u cashbetaling uitvoeren in het OSD-lokaal tijdens de openingsuren. Weet je het lokaal nog niet zijn? Kijk hier!</p>',7,'2011-10-05 13:48:26','2011-10-05 13:48:26',0),(18,'transfer','<p>Wenst u te betalen via overschrijving, plaats dan de order key als mededeling in u overschrijving<br /><br />Overschrijven kan op volgend rekeningnummer: 363-0944543-94</p>',7,'2011-10-05 13:48:47','2011-10-05 13:48:47',0),(19,'general_payment','<p>U bestelling wordt pas behandeld vanaf het ogenblik dat de betaling is ontvangen.</p>\r\n<p>U wordt per mail op de hoogte gebracht bij ontvangst van de overschrijving. Wanneer uw bestelling klaar ligt in het OSD-lokaal wordt dit opnieuw via mail gestuurd',8,'2011-10-05 13:48:57','2011-10-05 13:48:57',0),(20,'general_payment','<p>U bestelling wordt pas behandeld vanaf het ogenblik dat de betaling is ontvangen.<br /><br />U wordt per mail op de hoogte gebracht bij ontvangst van de overschrijving. Wanneer uw bestelling klaar ligt in het OSD-lokaal wordt dit opnieuw via mail gestu',7,'2011-10-05 13:49:02','2011-10-05 13:49:43',0),(21,'cash','<p>Je kan u cashbetaling uitvoeren in het OSD-lokaal tijdens de openingsuren. Weet je het lokaal nog niet zijn? <a title=\"Kijk hier!\" href=\"../pages/guide\" target=\"_blank\">Kijk hier!</a></p>',1,'2011-10-05 13:49:37','2011-10-05 13:49:37',0),(22,'transfer','<p>Wenst u te betalen via overschrijving, plaats dan de order key als mededeling in u overschrijving</p>\r\n<p>Overschrijven kan op volgend rekeningnummer: 363-0944543-94</p>',1,'2011-10-05 13:49:52','2011-10-05 13:49:52',0),(23,'general_payment','<p>U bestelling wordt pas behandeld vanaf het ogenblik dat de betaling is ontvangen.</p>\r\n<p>U wordt per mail op de hoogte gebracht bij ontvangst van de overschrijving. Wanneer uw bestelling klaar ligt in het OSD-lokaal wordt dit opnieuw via mail gestuurd',1,'2011-10-05 13:50:09','2011-10-05 13:50:09',0),(24,'cash','<p>Je kan u cashbetaling uitvoeren in het OSD-lokaal tijdens de openingsuren. Weet je het lokaal nog niet zijn? Kijk hier!</p>',2,'2011-10-05 13:50:59','2011-10-05 13:50:59',0),(25,'transfer','<p>Wenst u te betalen via overschrijving, plaats dan de order key als mededeling in u overschrijving<br /><br />Overschrijven kan op volgend rekeningnummer: 363-0944543-94</p>',2,'2011-10-05 13:51:49','2011-10-05 13:51:49',0),(26,'general_payment','<p>U bestelling wordt pas behandeld vanaf het ogenblik dat de betaling is ontvangen.<br /><br />U wordt per mail op de hoogte gebracht bij ontvangst van de overschrijving. Wanneer uw bestelling klaar ligt in het OSD-lokaal wordt dit opnieuw via mail gestu',2,'2011-10-05 13:52:25','2011-10-05 13:52:25',0),(27,'cash','<p>Je kan u cashbetaling uitvoeren in het OSD-lokaal tijdens de openingsuren. Weet je het lokaal nog niet zijn? <a title=\"Kijk hier!\" href=\"../pages/guide\" target=\"_blank\">Kijk hier!</a></p>',9,'2011-10-05 14:10:17','2011-10-06 09:32:44',0),(28,'transfer','<p>Wenst u te betalen via overschrijving, plaats dan de order key als mededeling in u overschrijving</p>\r\n<p>Overschrijven kan op volgend rekeningnummer: 363-0944543-94</p>',9,'2011-10-05 14:10:28','2011-10-05 14:10:28',0),(29,'general_payment','<p>Jouw bestelling wordt pas behandeld vanaf het ogenblik dat de betaling is ontvangen.</p>\r\n<p>Je wordt per mail op de hoogte gebracht bij ontvangst van de overschrijving. Wanneer uw bestelling klaar ligt in het OSD-lokaal wordt dit opnieuw via mail gest',9,'2011-10-05 14:10:50','2011-10-05 14:10:50',0),(30,'cash','<p>Je kan u cashbetaling uitvoeren in het OSD-lokaal tijdens de openingsuren. Weet je het lokaal nog niet zijn? <a title=\"Kijk hier!\" href=\"../pages/guide\" target=\"_blank\">Kijk hier!</a></p>',6,'2011-10-05 14:12:02','2011-10-05 14:12:02',0),(31,'transfer','<p>Wenst u te betalen via overschrijving, plaats dan de order key als mededeling in u overschrijving</p>\r\n<p>Overschrijven kan op volgend rekeningnummer: 363-0944543-94</p>',6,'2011-10-05 14:12:12','2011-10-05 14:12:12',0),(32,'general_payment','<p>U bestelling wordt pas behandeld vanaf het ogenblik dat de betaling is ontvangen.</p>\r\n<p>U wordt per mail op de hoogte gebracht bij ontvangst van de overschrijving. Wanneer uw bestelling klaar ligt in het OSD-lokaal wordt dit opnieuw via mail gestuurd',6,'2011-10-05 14:12:27','2011-10-05 14:12:27',0),(33,'footer_banner','<p><a title=\"Deloitte Careers\" href=\"http://careers.deloitte.com/belgium/students/studentgrad.aspx\" target=\"_blank\"><img src=\"http://www.solvaykring.be/uploads/Solvay/banners/n/62/deloittewebsitelogo.jpg\" alt=\"Deloitte\" width=\"154\" height=\"63\" /></a><a title=\"KBC\" href=\"https://www.kbc.be/IPA/D9e01?t=~/gangmakers&amp;CID=SV&amp;PLA=L-Solvay_HP&amp;TYPE=Spo&amp;CRE=logo\" target=\"_blank\"><img style=\"vertical-align: middle;\" src=\"http://www.solvaykring.be/uploads/Solvay/banners/n/60/kbcwebsitelogo.jpg\" alt=\"KBC\" width=\"149\" height=\"71\" /></a><a title=\"KPMG\" href=\"http://www.kpmg.be\" target=\"_blank\"><img src=\"http://www.solvaykring.be/uploads/Solvay/banners/n/65/KPMGWEBSITE.jpg\" alt=\"KPMG\" width=\"148\" height=\"63\" /></a></p>',4,'2011-10-06 11:38:12','2011-10-06 12:41:21',0);
/*!40000 ALTER TABLE `info_strings` ENABLE KEYS */;
UNLOCK TABLES;

--
-- Table structure for table `institutes`
--

DROP TABLE IF EXISTS `institutes`;
/*!40101 SET @saved_cs_client     = @@character_set_client */;
/*!40101 SET character_set_client = utf8 */;
CREATE TABLE `institutes` (
  `id` int(11) NOT NULL auto_increment,
  `name` varchar(255) collate utf8_unicode_ci default NULL,
  `initials` varchar(255) collate utf8_unicode_ci default NULL,
  `location` varchar(255) collate utf8_unicode_ci default NULL,
  `created_at` datetime default NULL,
  `updated_at` datetime default NULL,
  `deleted` tinyint(1) default '0',
  PRIMARY KEY  (`id`)
) ENGINE=InnoDB AUTO_INCREMENT=3 DEFAULT CHARSET=utf8 COLLATE=utf8_unicode_ci;
/*!40101 SET character_set_client = @saved_cs_client */;

--
-- Dumping data for table `institutes`
--

LOCK TABLES `institutes` WRITE;
/*!40000 ALTER TABLE `institutes` DISABLE KEYS */;
INSERT INTO `institutes` VALUES (1,'Vrije Universiteit Brussel','VUB','Brussels Gewest','2011-09-28 14:09:24','2011-10-01 12:36:29',0),(2,'Tyca','Tyca','Brussels Gewest','2011-10-01 10:32:09','2011-10-01 10:32:09',0);
/*!40000 ALTER TABLE `institutes` ENABLE KEYS */;
UNLOCK TABLES;

--
-- Table structure for table `material_orders`
--

DROP TABLE IF EXISTS `material_orders`;
/*!40101 SET @saved_cs_client     = @@character_set_client */;
/*!40101 SET character_set_client = utf8 */;
CREATE TABLE `material_orders` (
  `id` int(11) NOT NULL auto_increment,
  `order_id` int(11) default NULL,
  `material_id` int(11) default NULL,
  `created_at` datetime default NULL,
  `updated_at` datetime default NULL,
  `guild_id` int(11) default NULL,
  `amount` int(11) default NULL,
  `deleted` tinyint(1) default '0',
  `price` float default NULL,
  `status` varchar(255) collate utf8_unicode_ci default NULL,
  `print_job_id` int(11) default NULL,
  PRIMARY KEY  (`id`)
) ENGINE=InnoDB AUTO_INCREMENT=309 DEFAULT CHARSET=utf8 COLLATE=utf8_unicode_ci;
/*!40101 SET character_set_client = @saved_cs_client */;

--
-- Dumping data for table `material_orders`
--

LOCK TABLES `material_orders` WRITE;
/*!40000 ALTER TABLE `material_orders` DISABLE KEYS */;
INSERT INTO `material_orders` VALUES (1,2,57,'2011-10-03 08:24:38','2011-10-04 10:10:36',8,1,0,4,'Payed',NULL),(2,3,58,'2011-10-03 08:48:23','2011-10-03 10:16:33',8,1,0,5,'Payed',NULL),(3,4,57,'2011-10-03 09:30:40','2011-10-03 09:30:40',8,1,0,4,'Posted',NULL),(4,5,51,'2011-10-03 09:39:50','2011-10-03 09:39:50',5,1,0,4.5,'Posted',NULL),(5,5,37,'2011-10-03 09:39:50','2011-10-03 09:39:50',5,1,0,4.5,'Posted',NULL),(6,6,35,'2011-10-03 09:42:10','2011-10-03 09:42:10',6,1,0,4,'Posted',NULL),(7,7,58,'2011-10-03 09:49:38','2011-10-03 10:04:58',8,2,0,10,'Payed',NULL),(8,8,58,'2011-10-03 09:50:20','2011-10-03 09:50:20',8,1,0,5,'Posted',NULL),(9,9,55,'2011-10-03 10:14:51','2011-10-03 10:16:47',8,1,0,46,'Payed',NULL),(10,10,58,'2011-10-03 10:32:59','2011-10-03 10:32:59',8,1,0,5,'Posted',NULL),(11,11,58,'2011-10-03 10:40:24','2011-10-03 10:43:28',8,1,0,5,'Payed',NULL),(12,12,58,'2011-10-03 10:41:36','2011-10-03 10:43:28',8,1,0,5,'Payed',NULL),(13,14,55,'2011-10-03 10:42:20','2011-10-05 11:30:41',8,1,0,46,'Payed',NULL),(14,14,57,'2011-10-03 10:42:20','2011-10-05 11:30:41',8,1,0,4,'Payed',NULL),(15,16,58,'2011-10-03 10:45:14','2011-10-03 10:45:52',8,1,0,5,'Payed',NULL),(16,17,70,'2011-10-03 11:10:12','2011-10-10 12:33:48',3,1,0,5,'Ordered',4),(17,18,70,'2011-10-03 11:10:23','2011-10-10 12:33:48',3,1,0,5,'Ordered',4),(18,19,57,'2011-10-03 11:31:26','2011-10-03 11:32:07',8,1,0,4,'Payed',NULL),(19,20,57,'2011-10-03 11:33:16','2011-10-03 11:33:34',8,1,0,4,'Payed',NULL),(20,21,57,'2011-10-03 12:02:23','2011-10-10 10:34:30',8,1,0,4,'Payed',NULL),(21,22,73,'2011-10-03 12:27:17','2011-10-03 12:29:31',7,1,0,7.8,'Payed',NULL),(22,23,58,'2011-10-03 12:41:07','2011-10-03 12:41:56',8,1,0,5,'Payed',NULL),(23,24,23,'2011-10-03 12:55:26','2011-10-03 12:55:26',5,1,0,4,'Posted',NULL),(24,25,66,'2011-10-03 13:29:08','2011-10-03 13:29:08',1,1,0,5.5,'Posted',NULL),(25,26,70,'2011-10-03 14:55:55','2011-10-03 14:55:55',3,1,0,5,'Posted',NULL),(26,27,66,'2011-10-03 15:45:22','2011-10-03 15:45:22',1,1,0,5.5,'Posted',NULL),(27,27,67,'2011-10-03 15:45:22','2011-10-03 15:45:22',1,1,0,6.5,'Posted',NULL),(28,28,66,'2011-10-03 16:25:13','2011-10-03 16:25:13',1,1,0,5.5,'Posted',NULL),(29,28,67,'2011-10-03 16:25:13','2011-10-03 16:25:13',1,1,0,6.5,'Posted',NULL),(30,29,58,'2011-10-04 08:49:31','2011-10-04 08:49:31',8,1,0,5,'Posted',NULL),(31,30,65,'2011-10-04 10:00:48','2011-10-04 10:00:48',1,1,0,8.5,'Posted',NULL),(32,31,26,'2011-10-04 10:01:26','2011-10-04 10:01:26',5,1,0,3.6,'Posted',NULL),(33,32,57,'2011-10-04 10:15:36','2011-10-04 10:16:26',8,3,0,12,'Payed',NULL),(34,33,108,'2011-10-04 12:40:12','2011-10-04 12:40:12',8,1,0,2.5,'Posted',NULL),(35,33,107,'2011-10-04 12:40:12','2011-10-04 12:40:12',8,1,0,2,'Posted',NULL),(36,33,104,'2011-10-04 12:40:12','2011-10-04 12:40:12',8,1,0,2,'Posted',NULL),(37,34,58,'2011-10-04 16:20:39','2011-10-04 16:21:41',8,1,0,5,'Payed',NULL),(38,35,57,'2011-10-04 17:22:29','2011-10-04 17:22:29',8,2,0,8,'Posted',NULL),(39,36,57,'2011-10-04 18:51:09','2011-10-04 18:51:09',8,1,0,4,'Posted',NULL),(40,37,95,'2011-10-05 07:26:42','2011-10-05 07:26:42',7,1,0,5.3,'Posted',NULL),(41,37,86,'2011-10-05 07:26:42','2011-10-05 07:26:42',7,1,0,15,'Posted',NULL),(42,37,91,'2011-10-05 07:26:42','2011-10-05 07:26:42',7,1,0,6.5,'Posted',NULL),(43,38,57,'2011-10-05 08:07:39','2011-10-05 08:07:39',8,1,0,4,'Posted',NULL),(44,39,27,'2011-10-05 08:55:47','2011-10-05 08:55:47',5,1,0,3.6,'Posted',NULL),(45,39,30,'2011-10-05 08:55:47','2011-10-05 08:55:47',5,1,0,2.5,'Posted',NULL),(46,40,57,'2011-10-05 09:55:29','2011-10-05 09:55:29',8,1,0,4,'Posted',NULL),(47,41,50,'2011-10-05 10:10:48','2011-10-05 10:10:48',5,1,0,3.5,'Posted',NULL),(48,42,58,'2011-10-05 10:56:30','2011-10-05 10:58:24',8,1,0,5,'Payed',NULL),(49,43,58,'2011-10-05 11:24:48','2011-10-05 11:26:49',8,1,0,5,'Payed',NULL),(50,44,23,'2011-10-05 13:38:22','2011-10-05 13:38:22',3,1,0,4,'Posted',NULL),(51,45,119,'2011-10-05 17:37:52','2011-10-11 11:28:14',1,1,0,3,'Payed',NULL),(52,46,70,'2011-10-05 17:46:36','2011-10-05 17:46:36',3,1,0,5,'Posted',NULL),(53,47,119,'2011-10-05 18:07:37','2011-10-06 14:07:51',1,1,0,3,'Payed',NULL),(54,48,119,'2011-10-05 18:39:01','2011-10-05 18:39:01',1,1,0,3,'Posted',NULL),(55,48,120,'2011-10-05 18:39:01','2011-10-05 18:39:01',1,1,0,6,'Posted',NULL),(56,48,121,'2011-10-05 18:39:01','2011-10-05 18:39:01',1,1,0,8,'Posted',NULL),(57,48,122,'2011-10-05 18:39:01','2011-10-05 18:39:01',1,1,0,7.5,'Posted',NULL),(58,49,29,'2011-10-05 18:47:22','2011-10-05 18:47:22',5,1,0,4,'Posted',NULL),(59,49,38,'2011-10-05 18:47:22','2011-10-05 18:47:22',5,1,0,3,'Posted',NULL),(60,50,121,'2011-10-05 19:16:28','2011-10-05 19:16:28',1,1,0,8,'Posted',NULL),(61,50,119,'2011-10-05 19:16:28','2011-10-05 19:16:28',1,1,0,3,'Posted',NULL),(62,51,120,'2011-10-05 19:27:26','2011-10-06 12:29:25',1,1,0,6,'Payed',NULL),(63,51,121,'2011-10-05 19:27:26','2011-10-06 12:29:25',1,1,0,8,'Payed',NULL),(64,51,122,'2011-10-05 19:27:26','2011-10-06 12:29:25',1,1,0,7.5,'Payed',NULL),(65,52,121,'2011-10-05 19:29:14','2011-10-07 10:19:13',1,1,0,8,'Payed',NULL),(66,52,65,'2011-10-05 19:29:14','2011-10-07 10:19:13',1,1,0,8.5,'Payed',NULL),(67,52,120,'2011-10-05 19:29:14','2011-10-07 10:19:13',1,1,0,6,'Payed',NULL),(68,52,122,'2011-10-05 19:29:14','2011-10-07 10:19:13',1,1,0,7.5,'Payed',NULL),(69,53,121,'2011-10-05 19:57:06','2011-10-10 10:22:01',1,1,0,8,'Payed',NULL),(70,53,120,'2011-10-05 19:57:06','2011-10-10 10:22:01',1,1,0,6,'Payed',NULL),(71,53,122,'2011-10-05 19:57:06','2011-10-10 10:22:01',1,1,0,7.5,'Payed',NULL),(72,54,121,'2011-10-05 20:32:02','2011-10-06 14:09:24',1,1,0,8,'Payed',NULL),(73,55,57,'2011-10-05 20:59:15','2011-10-05 20:59:15',8,1,0,4,'Posted',NULL),(74,56,121,'2011-10-06 06:58:14','2011-10-06 06:58:14',1,1,0,8,'Posted',NULL),(75,56,120,'2011-10-06 06:58:14','2011-10-06 06:58:14',1,1,0,6,'Posted',NULL),(76,56,122,'2011-10-06 06:58:14','2011-10-06 06:58:14',1,1,0,7.5,'Posted',NULL),(77,57,122,'2011-10-06 07:01:32','2011-10-06 07:01:32',1,1,0,7.5,'Posted',NULL),(78,57,120,'2011-10-06 07:01:32','2011-10-06 07:01:32',1,1,0,6,'Posted',NULL),(79,57,121,'2011-10-06 07:01:32','2011-10-06 07:01:32',1,1,0,8,'Posted',NULL),(80,58,57,'2011-10-06 07:24:32','2011-10-06 07:24:32',8,1,0,4,'Posted',NULL),(81,59,119,'2011-10-06 08:07:16','2011-10-10 10:08:39',1,2,0,6,'Payed',NULL),(82,59,120,'2011-10-06 08:07:16','2011-10-10 10:08:39',1,2,0,12,'Payed',NULL),(83,59,121,'2011-10-06 08:07:16','2011-10-10 10:08:39',1,2,0,16,'Payed',NULL),(84,59,122,'2011-10-06 08:07:16','2011-10-10 10:08:39',1,2,0,15,'Payed',NULL),(85,59,66,'2011-10-06 08:07:16','2011-10-10 10:08:39',1,2,0,11,'Payed',NULL),(86,60,120,'2011-10-06 09:06:58','2011-10-06 09:06:58',1,1,0,6,'Posted',NULL),(87,60,121,'2011-10-06 09:06:58','2011-10-06 09:06:58',1,1,0,8,'Posted',NULL),(88,60,122,'2011-10-06 09:06:58','2011-10-06 09:06:58',1,1,0,7.5,'Posted',NULL),(89,60,66,'2011-10-06 09:06:58','2011-10-06 09:06:58',1,1,0,5.5,'Posted',NULL),(90,61,119,'2011-10-06 09:15:40','2011-10-06 09:15:40',1,1,0,3,'Posted',NULL),(91,61,120,'2011-10-06 09:15:40','2011-10-06 09:15:40',1,1,0,6,'Posted',NULL),(92,61,121,'2011-10-06 09:15:40','2011-10-06 09:15:40',1,1,0,8,'Posted',NULL),(93,61,122,'2011-10-06 09:15:40','2011-10-06 09:15:40',1,1,0,7.5,'Posted',NULL),(94,62,23,'2011-10-06 10:35:26','2011-10-06 10:35:26',5,1,0,4,'Posted',NULL),(95,62,51,'2011-10-06 10:35:26','2011-10-06 10:35:26',5,1,0,4.5,'Posted',NULL),(96,63,66,'2011-10-06 11:05:40','2011-10-06 11:20:03',1,1,0,5.5,'Payed',NULL),(97,63,121,'2011-10-06 11:05:40','2011-10-06 11:20:03',1,1,0,8,'Payed',NULL),(98,63,120,'2011-10-06 11:05:40','2011-10-06 11:20:03',1,1,0,6,'Payed',NULL),(99,63,122,'2011-10-06 11:05:40','2011-10-06 11:20:03',1,1,0,7.5,'Payed',NULL),(100,64,121,'2011-10-06 11:08:06','2011-10-06 11:24:05',1,1,0,8,'Payed',NULL),(101,64,120,'2011-10-06 11:08:06','2011-10-06 11:24:05',1,1,0,6,'Payed',NULL),(102,64,122,'2011-10-06 11:08:06','2011-10-06 11:24:05',1,1,0,7.5,'Payed',NULL),(103,64,66,'2011-10-06 11:08:06','2011-10-06 11:24:05',1,1,0,5.5,'Payed',NULL),(104,65,121,'2011-10-06 11:11:42','2011-10-06 14:07:04',1,1,0,8,'Payed',NULL),(105,66,121,'2011-10-06 11:12:24','2011-10-06 14:08:34',1,1,0,8,'Payed',NULL),(106,67,121,'2011-10-06 11:14:52','2011-10-06 14:09:01',1,1,0,8,'Payed',NULL),(107,68,121,'2011-10-06 11:16:37','2011-10-06 14:09:13',1,1,0,8,'Payed',NULL),(108,69,119,'2011-10-06 11:20:03','2011-10-06 14:09:40',1,1,0,6,'Payed',NULL),(109,69,120,'2011-10-06 11:20:03','2011-10-06 14:09:40',1,1,0,6,'Payed',NULL),(110,69,121,'2011-10-06 11:20:03','2011-10-06 14:09:40',1,1,0,8,'Payed',NULL),(111,69,122,'2011-10-06 11:20:03','2011-10-06 14:09:40',1,1,0,7.5,'Payed',NULL),(112,70,121,'2011-10-06 11:21:17','2011-10-06 14:09:49',1,1,0,8,'Payed',NULL),(113,71,119,'2011-10-06 11:24:04','2011-10-06 14:10:08',1,1,0,6,'Payed',NULL),(114,71,120,'2011-10-06 11:24:04','2011-10-06 14:10:08',1,1,0,6,'Payed',NULL),(115,71,121,'2011-10-06 11:24:04','2011-10-06 14:10:08',1,1,0,8,'Payed',NULL),(116,71,122,'2011-10-06 11:24:04','2011-10-06 14:10:08',1,1,0,7.5,'Payed',NULL),(117,72,58,'2011-10-06 11:27:52','2011-10-06 11:32:21',8,1,0,5,'Payed',NULL),(118,73,119,'2011-10-06 11:29:07','2011-10-06 14:10:10',1,1,0,6,'Payed',NULL),(119,73,120,'2011-10-06 11:29:07','2011-10-06 14:10:10',1,1,0,6,'Payed',NULL),(120,73,122,'2011-10-06 11:29:07','2011-10-06 14:10:10',1,1,0,7.5,'Payed',NULL),(121,73,121,'2011-10-06 11:29:07','2011-10-06 14:10:10',1,1,0,8,'Payed',NULL),(122,74,121,'2011-10-06 11:30:55','2011-10-06 14:10:28',1,1,0,8,'Payed',NULL),(123,74,119,'2011-10-06 11:30:55','2011-10-06 14:10:28',1,1,0,6,'Payed',NULL),(124,74,120,'2011-10-06 11:30:55','2011-10-06 14:10:28',1,1,0,6,'Payed',NULL),(125,74,122,'2011-10-06 11:30:55','2011-10-06 14:10:28',1,1,0,7.5,'Payed',NULL),(126,75,119,'2011-10-06 11:31:18','2011-10-06 11:32:07',1,3,0,18,'Payed',NULL),(127,75,120,'2011-10-06 11:31:18','2011-10-06 11:32:07',1,3,0,18,'Payed',NULL),(128,75,121,'2011-10-06 11:31:18','2011-10-06 11:32:07',1,3,0,24,'Payed',NULL),(129,75,122,'2011-10-06 11:31:18','2011-10-06 11:32:07',1,3,0,22.5,'Payed',NULL),(130,76,119,'2011-10-06 11:33:06','2011-10-06 11:33:06',1,1,0,6,'Posted',NULL),(131,76,121,'2011-10-06 11:33:06','2011-10-06 11:33:06',1,1,0,8,'Posted',NULL),(132,76,122,'2011-10-06 11:33:06','2011-10-06 11:33:06',1,1,0,7.5,'Posted',NULL),(133,76,120,'2011-10-06 11:33:06','2011-10-06 11:33:06',1,1,0,6,'Posted',NULL),(134,77,121,'2011-10-06 11:34:17','2011-10-06 11:36:07',1,1,0,8,'Payed',NULL),(135,77,120,'2011-10-06 11:34:17','2011-10-06 11:36:07',1,1,0,6,'Payed',NULL),(136,78,119,'2011-10-06 11:37:55','2011-10-06 11:41:38',1,2,0,12,'Payed',NULL),(137,78,120,'2011-10-06 11:37:55','2011-10-06 11:41:38',1,2,0,12,'Payed',NULL),(138,78,121,'2011-10-06 11:37:55','2011-10-06 11:41:38',1,2,0,16,'Payed',NULL),(139,78,122,'2011-10-06 11:37:55','2011-10-06 11:41:38',1,2,0,15,'Payed',NULL),(140,79,66,'2011-10-06 13:13:32','2011-10-06 13:13:32',1,1,0,5.5,'Posted',NULL),(141,79,67,'2011-10-06 13:13:32','2011-10-06 13:13:32',1,1,0,6.5,'Posted',NULL),(142,79,119,'2011-10-06 13:13:32','2011-10-06 13:13:32',1,1,0,6,'Posted',NULL),(143,79,120,'2011-10-06 13:13:32','2011-10-06 13:13:32',1,1,0,6,'Posted',NULL),(144,79,121,'2011-10-06 13:13:32','2011-10-06 13:13:32',1,1,0,8,'Posted',NULL),(145,79,122,'2011-10-06 13:13:32','2011-10-06 13:13:32',1,1,0,7.5,'Posted',NULL),(146,80,119,'2011-10-06 13:26:26','2011-10-07 10:43:31',1,1,0,6,'Payed',NULL),(147,80,120,'2011-10-06 13:26:26','2011-10-07 10:43:31',1,1,0,6,'Payed',NULL),(148,80,121,'2011-10-06 13:26:26','2011-10-07 10:43:31',1,1,0,8,'Payed',NULL),(149,80,122,'2011-10-06 13:26:26','2011-10-07 10:43:31',1,1,0,7.5,'Payed',NULL),(150,81,119,'2011-10-06 15:56:12','2011-10-06 15:56:12',1,1,0,6,'Posted',NULL),(151,81,120,'2011-10-06 15:56:12','2011-10-06 15:56:12',1,1,0,6,'Posted',NULL),(152,81,121,'2011-10-06 15:56:12','2011-10-06 15:56:12',1,1,0,8,'Posted',NULL),(153,81,122,'2011-10-06 15:56:12','2011-10-06 15:56:12',1,1,0,7.5,'Posted',NULL),(154,82,70,'2011-10-06 16:04:53','2011-10-06 16:04:53',3,1,0,5,'Posted',NULL),(155,83,70,'2011-10-06 16:31:30','2011-10-06 16:31:30',3,2,0,10,'Posted',NULL),(156,84,107,'2011-10-06 17:25:47','2011-10-06 17:25:47',8,1,0,2,'Posted',NULL),(157,84,104,'2011-10-06 17:25:47','2011-10-06 17:25:47',8,1,0,2,'Posted',NULL),(158,84,57,'2011-10-06 17:25:47','2011-10-06 17:25:47',8,1,0,4,'Posted',NULL),(159,85,121,'2011-10-06 17:58:15','2011-10-10 12:07:46',1,1,0,8,'Payed',NULL),(160,86,119,'2011-10-06 18:13:01','2011-10-06 18:13:01',1,1,0,6,'Posted',NULL),(161,86,120,'2011-10-06 18:13:01','2011-10-06 18:13:01',1,1,0,6,'Posted',NULL),(162,86,121,'2011-10-06 18:13:01','2011-10-06 18:13:01',1,1,0,8,'Posted',NULL),(163,86,122,'2011-10-06 18:13:01','2011-10-06 18:13:01',1,1,0,7.5,'Posted',NULL),(164,87,119,'2011-10-06 19:20:45','2011-10-07 10:12:04',1,1,0,6,'Payed',NULL),(165,88,121,'2011-10-06 21:07:07','2011-10-06 21:07:07',1,1,0,8,'Posted',NULL),(166,88,119,'2011-10-06 21:07:07','2011-10-06 21:07:07',1,1,0,6,'Posted',NULL),(167,89,121,'2011-10-07 06:56:32','2011-10-07 06:56:32',1,1,0,8,'Posted',NULL),(168,89,119,'2011-10-07 06:56:32','2011-10-07 06:56:32',1,1,0,6,'Posted',NULL),(169,89,120,'2011-10-07 06:56:32','2011-10-07 06:56:32',1,1,0,6,'Posted',NULL),(170,89,122,'2011-10-07 06:56:32','2011-10-07 06:56:32',1,1,0,7.5,'Posted',NULL),(171,90,57,'2011-10-07 08:42:39','2011-10-07 09:53:21',8,1,0,4,'Payed',NULL),(172,91,122,'2011-10-07 08:44:04','2011-10-07 08:44:04',1,1,0,7.5,'Posted',NULL),(173,91,121,'2011-10-07 08:44:04','2011-10-07 08:44:04',1,1,0,8,'Posted',NULL),(174,91,120,'2011-10-07 08:44:04','2011-10-07 08:44:04',1,1,0,6,'Posted',NULL),(175,91,119,'2011-10-07 08:44:04','2011-10-07 08:44:04',1,1,0,6,'Posted',NULL),(176,92,125,'2011-10-07 08:53:54','2011-10-07 08:53:54',5,1,0,4,'Posted',NULL),(177,93,121,'2011-10-07 09:14:49','2011-10-07 09:14:49',1,1,0,8,'Posted',NULL),(178,93,122,'2011-10-07 09:14:49','2011-10-07 09:14:49',1,1,0,7.5,'Posted',NULL),(179,93,120,'2011-10-07 09:14:49','2011-10-07 09:14:49',1,1,0,6,'Posted',NULL),(180,93,119,'2011-10-07 09:14:49','2011-10-07 09:14:49',1,1,0,6,'Posted',NULL),(181,94,58,'2011-10-07 09:49:20','2011-10-07 09:49:20',8,1,0,5,'Posted',NULL),(182,95,57,'2011-10-07 09:53:56','2011-10-07 10:08:21',8,1,0,4,'Payed',NULL),(183,96,57,'2011-10-07 09:56:11','2011-10-07 10:07:35',8,1,0,4,'Payed',NULL),(184,97,119,'2011-10-07 10:00:30','2011-10-07 10:00:30',1,1,0,6,'Posted',NULL),(185,97,120,'2011-10-07 10:00:30','2011-10-07 10:00:30',1,1,0,6,'Posted',NULL),(186,97,122,'2011-10-07 10:00:30','2011-10-07 10:00:30',1,1,0,7.5,'Posted',NULL),(187,97,121,'2011-10-07 10:00:30','2011-10-07 10:00:30',1,1,0,8,'Posted',NULL),(188,98,121,'2011-10-07 10:21:44','2011-10-07 10:21:44',1,1,0,8,'Posted',NULL),(189,99,66,'2011-10-07 10:23:52','2011-10-07 10:23:52',1,2,0,11,'Posted',NULL),(190,99,119,'2011-10-07 10:23:52','2011-10-07 10:23:52',1,1,0,6,'Posted',NULL),(191,99,120,'2011-10-07 10:23:52','2011-10-07 10:23:52',1,1,0,6,'Posted',NULL),(192,99,121,'2011-10-07 10:23:52','2011-10-07 10:23:52',1,1,0,8,'Posted',NULL),(193,99,122,'2011-10-07 10:23:52','2011-10-07 10:23:52',1,1,0,7.5,'Posted',NULL),(194,100,57,'2011-10-07 10:29:04','2011-10-07 10:40:21',8,1,0,4,'Payed',NULL),(195,100,58,'2011-10-07 10:29:04','2011-10-07 10:40:21',8,1,0,5,'Payed',NULL),(196,101,121,'2011-10-07 10:31:44','2011-10-07 10:36:35',1,1,0,8,'Payed',NULL),(197,102,57,'2011-10-07 10:42:10','2011-10-07 10:43:02',8,2,0,8,'Payed',NULL),(198,103,70,'2011-10-07 12:54:27','2011-10-07 12:54:27',3,1,0,5,'Posted',NULL),(199,104,57,'2011-10-07 13:18:47','2011-10-07 13:18:47',8,1,0,4,'Posted',NULL),(200,105,119,'2011-10-07 13:29:15','2011-10-07 13:29:15',1,1,0,6,'Posted',NULL),(201,105,120,'2011-10-07 13:29:15','2011-10-07 13:29:15',1,1,0,6,'Posted',NULL),(202,105,121,'2011-10-07 13:29:15','2011-10-07 13:29:15',1,1,0,8,'Posted',NULL),(203,105,122,'2011-10-07 13:29:15','2011-10-07 13:29:15',1,1,0,7.5,'Posted',NULL),(204,106,119,'2011-10-07 13:35:21','2011-10-07 13:35:21',1,1,0,6,'Posted',NULL),(205,107,57,'2011-10-07 13:45:38','2011-10-07 13:45:38',8,2,0,8,'Posted',NULL),(206,108,57,'2011-10-07 14:17:10','2011-10-07 14:17:10',8,1,0,4,'Posted',NULL),(207,109,58,'2011-10-07 15:04:37','2011-10-07 15:04:37',8,1,0,5,'Posted',NULL),(208,110,57,'2011-10-07 15:51:46','2011-10-07 15:51:46',8,1,0,4,'Posted',NULL),(209,111,57,'2011-10-08 08:57:41','2011-10-08 08:57:41',8,1,0,4,'Posted',NULL),(210,112,66,'2011-10-08 10:27:55','2011-10-08 10:27:55',1,1,0,5.5,'Posted',NULL),(211,113,119,'2011-10-08 12:55:51','2011-10-08 12:55:51',1,1,0,6,'Posted',NULL),(212,114,119,'2011-10-08 14:13:50','2011-10-08 14:13:50',1,1,0,6,'Posted',NULL),(213,114,120,'2011-10-08 14:13:51','2011-10-08 14:13:51',1,1,0,6,'Posted',NULL),(214,114,121,'2011-10-08 14:13:51','2011-10-08 14:13:51',1,1,0,8,'Posted',NULL),(215,114,122,'2011-10-08 14:13:51','2011-10-08 14:13:51',1,1,0,7.5,'Posted',NULL),(216,115,119,'2011-10-08 16:19:32','2011-10-08 16:19:32',1,1,0,6,'Posted',NULL),(217,115,120,'2011-10-08 16:19:32','2011-10-08 16:19:32',1,1,0,6,'Posted',NULL),(218,115,121,'2011-10-08 16:19:32','2011-10-08 16:19:32',1,1,0,8,'Posted',NULL),(219,115,122,'2011-10-08 16:19:32','2011-10-08 16:19:32',1,1,0,7.5,'Posted',NULL),(220,116,33,'2011-10-09 08:36:05','2011-10-09 08:36:05',5,1,0,3,'Posted',NULL),(221,116,135,'2011-10-09 08:36:05','2011-10-09 08:36:05',5,1,0,4.5,'Posted',NULL),(222,116,134,'2011-10-09 08:36:05','2011-10-09 08:36:05',5,1,0,4,'Posted',NULL),(223,117,29,'2011-10-09 09:20:33','2011-10-09 09:20:33',5,1,0,4,'Posted',NULL),(224,117,135,'2011-10-09 09:20:33','2011-10-09 09:20:33',5,1,0,4.5,'Posted',NULL),(225,117,33,'2011-10-09 09:20:33','2011-10-09 09:20:33',5,1,0,3,'Posted',NULL),(226,117,134,'2011-10-09 09:20:33','2011-10-09 09:20:33',5,1,0,4,'Posted',NULL),(227,118,122,'2011-10-09 10:01:28','2011-10-10 10:58:54',1,1,0,7.5,'Payed',NULL),(228,118,119,'2011-10-09 10:01:28','2011-10-10 10:58:54',1,1,0,6,'Payed',NULL),(229,118,120,'2011-10-09 10:01:28','2011-10-10 10:58:54',1,1,0,6,'Payed',NULL),(230,118,121,'2011-10-09 10:01:28','2011-10-10 10:58:54',1,1,0,8,'Payed',NULL),(231,119,58,'2011-10-09 10:39:50','2011-10-09 10:39:50',8,1,0,5,'Posted',NULL),(232,120,66,'2011-10-09 12:40:39','2011-10-09 12:40:39',1,1,0,5.5,'Posted',NULL),(233,120,119,'2011-10-09 12:40:39','2011-10-09 12:40:39',1,1,0,6,'Posted',NULL),(234,120,120,'2011-10-09 12:40:39','2011-10-09 12:40:39',1,1,0,6,'Posted',NULL),(235,120,121,'2011-10-09 12:40:39','2011-10-09 12:40:39',1,1,0,8,'Posted',NULL),(236,120,122,'2011-10-09 12:40:39','2011-10-09 12:40:39',1,1,0,7.5,'Posted',NULL),(237,121,66,'2011-10-09 12:44:44','2011-10-09 12:44:44',1,1,0,5.5,'Posted',NULL),(238,121,119,'2011-10-09 12:44:44','2011-10-09 12:44:44',1,1,0,6,'Posted',NULL),(239,121,120,'2011-10-09 12:44:44','2011-10-09 12:44:44',1,1,0,6,'Posted',NULL),(240,121,121,'2011-10-09 12:44:44','2011-10-09 12:44:44',1,1,0,8,'Posted',NULL),(241,121,122,'2011-10-09 12:44:44','2011-10-09 12:44:44',1,1,0,7.5,'Posted',NULL),(242,122,66,'2011-10-09 14:01:17','2011-10-09 14:01:17',1,1,0,5.5,'Posted',NULL),(243,123,123,'2011-10-09 14:38:58','2011-10-09 14:38:58',1,1,0,6,'Posted',NULL),(244,124,66,'2011-10-09 14:59:15','2011-10-09 14:59:15',1,1,0,5.5,'Posted',NULL),(245,124,119,'2011-10-09 14:59:15','2011-10-09 14:59:15',1,1,0,6,'Posted',NULL),(246,124,120,'2011-10-09 14:59:15','2011-10-09 14:59:15',1,1,0,6,'Posted',NULL),(247,124,121,'2011-10-09 14:59:15','2011-10-09 14:59:15',1,1,0,8,'Posted',NULL),(248,124,122,'2011-10-09 14:59:15','2011-10-09 14:59:15',1,1,0,7.5,'Posted',NULL),(249,124,123,'2011-10-09 14:59:15','2011-10-09 14:59:15',1,1,0,6,'Posted',NULL),(250,125,57,'2011-10-09 15:02:26','2011-10-09 15:02:26',8,1,0,4,'Posted',NULL),(251,126,58,'2011-10-09 15:14:12','2011-10-09 15:14:12',8,1,0,5,'Posted',NULL),(252,127,57,'2011-10-09 15:44:48','2011-10-09 15:44:48',8,1,0,4,'Posted',NULL),(253,128,121,'2011-10-09 17:05:30','2011-10-09 17:05:30',1,2,0,16,'Posted',NULL),(254,128,67,'2011-10-09 17:05:30','2011-10-09 17:05:30',1,1,0,6.5,'Posted',NULL),(255,129,57,'2011-10-09 17:16:24','2011-10-10 10:34:14',8,1,0,4,'Payed',NULL),(256,130,57,'2011-10-09 18:02:06','2011-10-10 10:26:00',8,1,0,4,'Payed',NULL),(257,131,57,'2011-10-09 20:25:57','2011-10-10 10:38:45',8,1,0,4,'Payed',NULL),(258,132,24,'2011-10-10 08:38:55','2011-10-10 08:38:55',5,1,0,4,'Posted',NULL),(259,132,130,'2011-10-10 08:38:55','2011-10-10 08:38:55',5,1,0,5,'Posted',NULL),(260,132,131,'2011-10-10 08:38:55','2011-10-10 08:38:55',5,1,0,4.5,'Posted',NULL),(261,132,50,'2011-10-10 08:38:55','2011-10-10 08:38:55',5,1,0,4,'Posted',NULL),(262,132,40,'2011-10-10 08:38:55','2011-10-10 08:38:55',5,1,0,4,'Posted',NULL),(263,132,34,'2011-10-10 08:38:55','2011-10-10 08:38:55',5,1,0,3.5,'Posted',NULL),(264,132,26,'2011-10-10 08:38:55','2011-10-10 08:38:55',5,1,0,3.5,'Posted',NULL),(265,132,23,'2011-10-10 08:38:55','2011-10-10 08:38:55',5,1,0,4,'Posted',NULL),(266,133,122,'2011-10-10 08:45:14','2011-10-10 08:45:14',1,1,0,7.5,'Posted',NULL),(267,133,121,'2011-10-10 08:45:14','2011-10-10 08:45:14',1,1,0,8,'Posted',NULL),(268,133,120,'2011-10-10 08:45:14','2011-10-10 08:45:14',1,1,0,6,'Posted',NULL),(269,133,119,'2011-10-10 08:45:14','2011-10-10 08:45:14',1,1,0,6,'Posted',NULL),(270,134,119,'2011-10-10 10:21:21','2011-10-10 10:21:47',1,1,0,6,'Payed',NULL),(271,135,57,'2011-10-10 10:30:05','2011-10-10 10:31:35',8,1,0,4,'Payed',NULL),(272,136,57,'2011-10-10 10:30:18','2011-10-10 10:31:36',8,1,0,4,'Payed',NULL),(273,137,57,'2011-10-10 10:37:01','2011-10-10 10:37:53',8,3,0,12,'Payed',NULL),(274,139,57,'2011-10-10 10:40:13','2011-10-10 10:45:45',8,1,0,4,'Payed',NULL),(275,140,57,'2011-10-10 10:47:31','2011-10-10 10:48:07',8,1,0,4,'Payed',NULL),(276,141,27,'2011-10-10 10:59:20','2011-10-10 10:59:55',5,1,0,3.5,'Payed',NULL),(277,141,30,'2011-10-10 10:59:20','2011-10-10 10:59:55',5,1,0,3,'Payed',NULL),(278,142,57,'2011-10-10 11:33:04','2011-10-10 11:33:53',8,1,0,4,'Payed',NULL),(279,143,57,'2011-10-10 11:35:02','2011-10-10 11:35:32',8,1,0,4,'Payed',NULL),(280,144,57,'2011-10-10 11:37:13','2011-10-10 11:37:55',8,2,0,8,'Payed',NULL),(281,145,57,'2011-10-10 11:37:49','2011-10-10 11:38:37',8,1,0,4,'Payed',NULL),(282,146,121,'2011-10-10 12:14:26','2011-10-10 12:14:55',1,1,0,8,'Payed',NULL),(283,147,119,'2011-10-10 12:37:23','2011-10-11 11:26:37',1,1,0,6,'Payed',NULL),(284,147,120,'2011-10-10 12:37:23','2011-10-11 11:26:37',1,1,0,6,'Payed',NULL),(285,147,121,'2011-10-10 12:37:23','2011-10-11 11:26:37',1,1,0,8,'Payed',NULL),(286,147,122,'2011-10-10 12:37:23','2011-10-11 11:26:37',1,1,0,7.5,'Payed',NULL),(287,148,119,'2011-10-10 12:41:54','2011-10-10 12:41:54',1,1,0,6,'Posted',NULL),(288,148,120,'2011-10-10 12:41:54','2011-10-10 12:41:54',1,1,0,6,'Posted',NULL),(289,148,121,'2011-10-10 12:41:54','2011-10-10 12:41:54',1,1,0,8,'Posted',NULL),(290,148,122,'2011-10-10 12:41:54','2011-10-10 12:41:54',1,1,0,7.5,'Posted',NULL),(291,149,57,'2011-10-10 12:57:02','2011-10-10 12:57:02',8,1,0,4,'Posted',NULL),(292,150,149,'2011-10-10 13:04:53','2011-10-10 13:04:53',4,1,0,7,'Posted',NULL),(293,151,158,'2011-10-10 14:58:01','2011-10-10 14:58:01',4,1,0,6.5,'Posted',NULL),(294,152,74,'2011-10-10 15:38:21','2011-10-10 15:38:21',7,1,0,21.3,'Posted',NULL),(295,153,136,'2011-10-10 16:01:01','2011-10-10 16:01:01',5,1,0,4,'Posted',NULL),(296,153,140,'2011-10-10 16:01:01','2011-10-10 16:01:01',5,1,0,3,'Posted',NULL),(297,154,57,'2011-10-11 12:31:25','2011-10-11 12:31:25',8,1,0,4,'Posted',NULL),(298,154,31,'2011-10-11 12:31:25','2011-10-11 12:31:25',3,1,0,6,'Posted',NULL),(299,154,140,'2011-10-11 12:31:25','2011-10-11 12:31:25',5,1,0,3,'Posted',NULL),(300,154,136,'2011-10-11 12:31:25','2011-10-11 12:31:25',5,1,0,4,'Posted',NULL),(301,154,23,'2011-10-11 12:31:25','2011-10-11 12:31:25',5,1,0,4,'Posted',NULL),(302,155,127,'2011-10-11 13:49:26','2011-10-11 13:49:26',3,1,0,8,'Posted',NULL),(303,156,121,'2011-10-11 13:51:18','2011-10-11 13:51:18',1,1,0,8,'Posted',NULL),(304,156,66,'2011-10-11 13:51:18','2011-10-11 13:51:18',1,2,0,11,'Posted',NULL),(305,156,120,'2011-10-11 13:51:18','2011-10-11 13:51:18',1,1,0,6,'Posted',NULL),(306,156,122,'2011-10-11 13:51:18','2011-10-11 13:51:18',1,1,0,7.5,'Posted',NULL),(307,156,119,'2011-10-11 13:51:18','2011-10-11 13:51:18',1,1,0,6,'Posted',NULL),(308,157,23,'2011-10-11 13:54:44','2011-10-11 13:54:44',5,2,0,8,'Posted',NULL);
/*!40000 ALTER TABLE `material_orders` ENABLE KEYS */;
UNLOCK TABLES;

--
-- Table structure for table `materials`
--

DROP TABLE IF EXISTS `materials`;
/*!40101 SET @saved_cs_client     = @@character_set_client */;
/*!40101 SET character_set_client = utf8 */;
CREATE TABLE `materials` (
  `id` int(11) NOT NULL auto_increment,
  `name` varchar(255) collate utf8_unicode_ci default NULL,
  `subject_id` int(11) default NULL,
  `created_at` datetime default NULL,
  `updated_at` datetime default NULL,
  `nr` int(11) default NULL,
  `parent_id` int(11) default NULL,
  `path_name` varchar(255) collate utf8_unicode_ci default NULL,
  `typee` varchar(255) collate utf8_unicode_ci default NULL,
  `info` varchar(255) collate utf8_unicode_ci default NULL,
  `page_count` int(11) default '-1',
  `printable` tinyint(1) default NULL,
  `deleted` tinyint(1) default '0',
  PRIMARY KEY  (`id`)
) ENGINE=InnoDB AUTO_INCREMENT=164 DEFAULT CHARSET=utf8 COLLATE=utf8_unicode_ci;
/*!40101 SET character_set_client = @saved_cs_client */;

--
-- Dumping data for table `materials`
--

LOCK TABLES `materials` WRITE;
/*!40000 ALTER TABLE `materials` DISABLE KEYS */;
INSERT INTO `materials` VALUES (20,'Versie 2007',20,'2011-10-02 14:03:13','2011-10-02 14:03:13',NULL,NULL,NULL,'Samenvatting','',84,1,0),(21,'ondernemingsrecht examenrecht 2 ',19,'2011-10-02 14:07:34','2011-10-02 14:12:52',NULL,NULL,NULL,'Examen vragen','',23,1,0),(22,'ondernemingsrecht examenrecht 2 ',19,'2011-10-02 14:08:04','2011-10-07 14:44:39',NULL,NULL,NULL,'Examen vragen','',23,1,0),(23,'Versie 2010',16,'2011-10-02 14:09:31','2011-10-02 16:28:37',NULL,NULL,NULL,'Samenvatting','',117,1,0),(24,'Versie 2011',2,'2011-10-02 14:17:24','2011-10-07 15:10:30',NULL,NULL,NULL,'Samenvatting','',76,1,0),(25,'2008',12,'2011-10-02 14:23:29','2011-10-02 16:45:16',NULL,NULL,NULL,'Samenvatting','',16,1,1),(26,'versie 2008',14,'2011-10-02 15:42:14','2011-10-08 13:09:33',NULL,NULL,NULL,'Samenvatting','Best deze samenvatting gebruiken in de les en met eigen nota\'s aanvullen.',68,1,0),(27,'Versie 2006',21,'2011-10-02 15:49:51','2011-10-08 16:51:12',NULL,NULL,NULL,'Samenvatting','',58,1,0),(28,'2010',22,'2011-10-02 15:55:58','2011-10-03 08:47:36',NULL,NULL,NULL,'Syllabus','',176,1,1),(29,'nota\'s',23,'2011-10-02 16:01:22','2011-10-02 16:02:03',NULL,NULL,NULL,'Varia','Handgeschreven',102,1,0),(30,'Versie 2009',24,'2011-10-02 16:06:24','2011-10-02 16:06:24',NULL,NULL,NULL,'Samenvatting','van handboek: Synopsis van het Belgisch arbeidsrecht (3de druk)',24,1,0),(31,'2010',25,'2011-10-02 16:08:21','2011-10-03 10:09:07',NULL,NULL,NULL,'Varia','',118,1,1),(32,'2009',28,'2011-10-02 16:15:45','2011-10-02 16:55:27',NULL,NULL,NULL,'Varia','',133,1,1),(33,'versie 2008',26,'2011-10-02 16:15:56','2011-10-02 16:15:56',NULL,NULL,NULL,'Samenvatting','',27,1,0),(34,'versie 2009',17,'2011-10-02 16:17:25','2011-10-02 16:57:22',NULL,NULL,NULL,'Samenvatting','',25,1,0),(35,'2010-2011',27,'2011-10-02 16:18:44','2011-10-02 16:18:44',NULL,NULL,NULL,'Samenvatting','Nota\'s en samenvatting',70,1,0),(36,'2010',30,'2011-10-02 16:20:25','2011-10-03 14:37:06',NULL,NULL,NULL,'Varia','',113,1,1),(37,'Versie 2009',29,'2011-10-02 16:20:53','2011-10-02 16:20:53',NULL,NULL,NULL,'Samenvatting','',136,1,0),(38,'versie 2008',31,'2011-10-02 16:24:48','2011-10-02 16:24:48',NULL,NULL,NULL,'Samenvatting','',27,1,0),(39,'2010',32,'2011-10-02 16:26:00','2011-10-02 16:26:00',NULL,NULL,NULL,'Varia','',113,1,0),(40,'Versie 2009',18,'2011-10-02 16:27:48','2011-10-02 21:23:36',NULL,NULL,NULL,'Samenvatting','',69,1,1),(41,'Versie 2009',33,'2011-10-02 16:33:22','2011-10-07 15:30:04',NULL,NULL,NULL,'Samenvatting','Hoorcollege is in het engels, deze samenvatting is in het nederlands.',113,1,1),(42,'2010-2011',34,'2011-10-02 16:39:50','2011-10-02 16:39:50',NULL,NULL,NULL,'Samenvatting','Notities',70,1,0),(43,'2008',12,'2011-10-02 16:41:28','2011-10-02 16:54:59',NULL,NULL,NULL,'Samenvatting','',16,1,1),(44,'Versie 2009',36,'2011-10-02 16:44:19','2011-10-02 16:44:19',NULL,NULL,NULL,'Samenvatting','nota\'s + teksten',51,1,0),(45,'Versie 2009',36,'2011-10-02 16:47:07','2011-10-02 16:47:07',NULL,NULL,NULL,'Samenvatting','nota\'s + teksten',51,1,0),(46,'Versie 2009',37,'2011-10-02 16:53:10','2011-10-02 19:11:33',NULL,NULL,NULL,'Varia','nota\'s',26,1,1),(47,'Versie 2009',37,'2011-10-02 16:53:41','2011-10-02 19:13:31',NULL,NULL,NULL,'Samenvatting','',107,1,1),(48,'Nota\'s 2009',37,'2011-10-02 19:11:33','2011-10-02 19:11:33',NULL,46,NULL,'Varia','',26,1,0),(49,'Samenvatting 2009',37,'2011-10-02 19:13:31','2011-10-02 19:13:31',NULL,47,NULL,'Samenvatting','',107,1,0),(50,'Versie 2009',38,'2011-10-02 20:40:58','2011-10-07 14:53:09',NULL,NULL,NULL,'Samenvatting','',62,1,0),(51,'Versie 2009',39,'2011-10-02 20:51:51','2011-10-02 20:51:51',NULL,NULL,NULL,'Samenvatting','',108,1,0),(52,'Versie 2009',18,'2011-10-02 21:25:32','2011-10-02 21:25:32',NULL,NULL,NULL,'Examen vragen','',31,1,0),(53,'Versie 2009',41,'2011-10-02 22:33:52','2011-10-02 22:33:52',NULL,NULL,NULL,'Samenvatting','',18,1,0),(54,'Versie 2009',42,'2011-10-02 22:43:10','2011-10-02 22:43:10',NULL,NULL,NULL,'Samenvatting','',48,1,0),(55,'2000',45,'2011-10-02 22:46:56','2011-10-03 08:09:04',NULL,NULL,NULL,'Boek','officieel handboek',-1,0,1),(56,'Versie 2009',46,'2011-10-02 23:02:58','2011-10-02 23:02:58',NULL,NULL,NULL,'Samenvatting','',23,1,0),(57,'2011-2012',44,'2011-10-02 23:04:39','2011-10-03 08:17:12',NULL,NULL,NULL,'Syllabus','Officiële cursus ',99,1,0),(58,'2011-2012',9,'2011-10-02 23:10:51','2011-10-02 23:10:51',NULL,NULL,NULL,'Slides','',134,1,0),(59,'Versie 2009',47,'2011-10-02 23:26:34','2011-10-02 23:26:34',NULL,NULL,NULL,'Samenvatting','',50,1,0),(60,'Versie 2007',48,'2011-10-02 23:34:21','2011-10-02 23:34:21',NULL,NULL,NULL,'Samenvatting','',84,1,0),(61,'2010',49,'2011-10-03 07:35:09','2011-10-03 07:35:09',NULL,NULL,NULL,'Varia','',331,1,0),(62,'2010',50,'2011-10-03 08:17:03','2011-10-03 08:17:03',NULL,NULL,NULL,'Syllabus','',121,1,0),(63,'2010',51,'2011-10-03 08:27:09','2011-10-03 08:27:09',NULL,NULL,NULL,'Samenvatting','',37,1,0),(64,'Sociologie',53,'2011-10-03 08:46:54','2011-10-03 08:46:54',NULL,NULL,NULL,'Samenvatting','Samenvatting hoofdstukken + opgeloste examenvragen',-1,1,0),(65,'Sociologie editie 2010',56,'2011-10-03 09:05:31','2011-10-03 09:05:31',NULL,NULL,NULL,'Samenvatting','Samenvatting hoofdstukken + opgeloste examenvragen',219,1,0),(66,'Kwalitatieve onderzoeksmethoden editie 2009',57,'2011-10-03 09:21:20','2011-10-03 09:21:20',NULL,NULL,NULL,'Samenvatting','Samenvatting',62,1,0),(67,'Beleidsanalyse editie 2009',58,'2011-10-03 09:25:08','2011-10-03 09:25:08',NULL,NULL,NULL,'Samenvatting','Samenvatting',108,1,0),(68,'Samenvatting politieke problemen betreffende de hedendaagse periode',59,'2011-10-03 09:35:03','2011-10-03 09:35:03',NULL,NULL,NULL,'Samenvatting','Samenvatting keuzevak profiel Media, democratie en journalistiek. Verplicht vak geschiedenis',128,1,0),(69,'Samenvatting advanced theoretical debates media and culture editie 2010',62,'2011-10-03 09:41:53','2011-10-03 09:41:53',NULL,NULL,NULL,'Samenvatting','Samenvatting boek Fiske en boek Lash en Lurry',114,1,0),(70,'2010',64,'2011-10-03 09:54:21','2011-10-03 09:54:21',NULL,NULL,NULL,'Varia','',166,1,0),(71,'2010',65,'2011-10-03 10:03:08','2011-10-03 10:03:08',NULL,NULL,NULL,'Syllabus','',348,1,0),(72,'2000',66,'2011-10-03 10:10:41','2011-10-03 10:14:41',NULL,NULL,NULL,'Boek','Officieel handboek',-1,0,1),(73,'versie 2010',67,'2011-10-03 12:24:18','2011-10-10 15:32:15',NULL,NULL,NULL,'Boek','',105,1,0),(74,'Versie 2008',68,'2011-10-03 13:17:42','2011-10-10 15:45:53',NULL,NULL,NULL,'Syllabus','',532,1,0),(75,'Golven en Elektromagnetisme: Slides',69,'2011-10-03 14:08:26','2011-10-03 14:08:26',NULL,NULL,NULL,'Slides','',642,1,0),(76,'2010',70,'2011-10-03 14:31:42','2011-10-03 14:31:42',NULL,NULL,NULL,'Varia','',123,1,0),(77,'2007',71,'2011-10-03 14:52:36','2011-10-04 19:01:01',NULL,NULL,NULL,'Syllabus','Externe geschiedenis van de Germaanse talen',152,1,1),(78,'2008',72,'2011-10-03 15:07:36','2011-10-03 15:07:36',NULL,NULL,NULL,'Samenvatting','Prof. dr. Bart Vervaeck (met enkele aanpassingen door Prof. dr. Hans Vandevoorde)',179,1,0),(79,'2007-2008',73,'2011-10-03 15:22:12','2011-10-03 15:22:12',NULL,NULL,NULL,'Samenvatting','De samenvatting is van de reader \'onderwijs aan anderstaligen\'.',56,1,0),(80,'Reader',73,'2011-10-03 15:29:40','2011-10-03 15:29:40',NULL,NULL,NULL,'Syllabus','Reader',277,1,0),(81,'2007-2008',74,'2011-10-03 15:36:45','2011-10-03 15:36:45',NULL,NULL,NULL,'Syllabus','Reader bij het college Pragmatiek\r\nDiscoursanalyse',395,1,0),(82,'Numerieke algoritmen',75,'2011-10-03 15:38:23','2011-10-03 15:38:23',NULL,NULL,NULL,'Slides','232 blz\r\nzwart-wit\r\nenkelzijdig afgedrukt\r\nInbinding: Ringen + plastiek',232,1,0),(83,'Hogere Bouwkunde',77,'2011-10-03 16:01:48','2011-10-03 16:02:34',NULL,NULL,NULL,'Syllabus','',125,1,0),(84,'MMVC',78,'2011-10-03 17:53:40','2011-10-03 17:53:40',NULL,NULL,NULL,'Slides','',317,1,0),(85,'Labo Elektronica',80,'2011-10-03 18:08:32','2011-10-03 18:08:32',NULL,NULL,NULL,'Syllabus','',253,1,0),(86,'Inleiding tot de elektrotechniek',81,'2011-10-03 18:12:11','2011-10-03 18:12:11',NULL,NULL,NULL,'Syllabus','',499,1,0),(87,'Inleiding tot de elektrotechniek',82,'2011-10-03 18:41:26','2011-10-03 18:41:26',NULL,NULL,NULL,'Syllabus','',499,1,0),(88,'Inleiding tot de elektrotechniek',83,'2011-10-03 18:43:16','2011-10-03 18:43:30',NULL,NULL,NULL,'Syllabus','',499,1,0),(89,'Inleiding tot de elektrotechniek',84,'2011-10-03 18:45:12','2011-10-03 18:45:12',NULL,NULL,NULL,'Syllabus','',499,0,0),(90,'Inleiding tot de elektrotechniek',85,'2011-10-03 18:49:59','2011-10-03 18:49:59',NULL,NULL,NULL,'Syllabus','',499,1,0),(91,'Grondmechanica',88,'2011-10-03 19:30:15','2011-10-03 19:30:15',NULL,NULL,NULL,'Syllabus','',161,1,0),(92,'Hydraulica',89,'2011-10-03 19:34:36','2011-10-03 19:34:36',NULL,NULL,NULL,'Syllabus','',146,1,0),(93,'Labo Systeem- en controletheorie',90,'2011-10-03 19:42:18','2011-10-03 19:42:18',NULL,NULL,NULL,'Syllabus','',84,1,0),(94,'Labo Systeem- en controletheorie',91,'2011-10-03 19:52:11','2011-10-03 19:52:11',NULL,NULL,NULL,'Syllabus','',84,1,0),(95,'Bouwmaterialen',92,'2011-10-03 19:55:24','2011-10-03 19:55:24',NULL,NULL,NULL,'Syllabus','',131,1,0),(96,'Continuumsmechanica',93,'2011-10-03 20:05:20','2011-10-03 20:05:20',NULL,NULL,NULL,'Syllabus','',183,1,0),(97,'Continuumsmechanica',94,'2011-10-03 20:16:14','2011-10-03 20:16:14',NULL,NULL,NULL,'Syllabus','',183,1,0),(98,'Turbomachines',95,'2011-10-04 08:31:42','2011-10-04 08:32:10',NULL,NULL,NULL,'Syllabus','',96,1,0),(99,'Versie 2009',96,'2011-10-04 08:37:05','2011-10-10 15:52:37',NULL,NULL,NULL,'Syllabus','',131,1,0),(100,'Elektronische componenten',97,'2011-10-04 08:40:59','2011-10-04 08:41:14',NULL,NULL,NULL,'Syllabus','',155,1,0),(101,'Elektronisch Meten en Regelen',98,'2011-10-04 08:45:24','2011-10-04 08:45:24',NULL,NULL,NULL,'Slides','',375,1,0),(102,'Elektronisch Meten en Regelen',99,'2011-10-04 08:46:46','2011-10-04 08:46:46',NULL,NULL,NULL,'Slides','',375,1,0),(103,'Slides Elektronisch Meten en Regelen',100,'2011-10-04 10:40:25','2011-10-04 10:40:25',NULL,NULL,NULL,'Slides','',375,1,0),(104,'slides les 2',7,'2011-10-04 10:45:59','2011-10-04 10:57:49',NULL,NULL,NULL,'Slides','De slides komen per les op de website. Op het einde van het semester kan u een boekje met alle slides bestellen.',29,1,0),(105,'Metalen en hun eigenschappen',101,'2011-10-04 10:46:36','2011-10-04 10:46:36',NULL,NULL,NULL,'Slides','',454,1,0),(106,'Metalen en hun eigenschappen',102,'2011-10-04 10:52:17','2011-10-04 10:52:17',NULL,NULL,NULL,'Slides','',454,1,0),(107,'slides les 3',7,'2011-10-04 10:53:01','2011-10-04 10:57:04',NULL,NULL,NULL,'Slides','De slides komen op de website per les. Op het einde van het semester kan u een boekje met alle slides bestellen.',20,1,0),(108,'slides les 1',7,'2011-10-04 10:58:40','2011-10-04 10:58:40',NULL,NULL,NULL,'Slides','De slides komen op de website per les. Op het einde van het semester kan u een boekje met alle slides bestellen.',40,1,0),(109,'Warmte en stroming - warmte theorie',103,'2011-10-04 13:30:53','2011-10-04 13:30:53',NULL,NULL,NULL,'Slides','',102,1,0),(110,'Warmte en stroming - warmte theorie',104,'2011-10-04 13:34:42','2011-10-04 13:34:42',NULL,NULL,NULL,'Slides','',102,1,0),(111,'Warmte en stroming - warmte theorie',105,'2011-10-04 13:39:33','2011-10-06 10:52:39',NULL,NULL,NULL,'Slides','',102,1,0),(112,'Warmte en stroming - warmte theorie',106,'2011-10-04 13:40:47','2011-10-04 13:40:47',NULL,NULL,NULL,'Slides','',102,1,0),(113,'Warmte en stroming - warmte theorie',105,'2011-10-04 13:43:49','2011-10-04 13:43:49',NULL,NULL,NULL,'Slides','',102,1,0),(114,'Bouwmaterialen-Regelgeving',92,'2011-10-04 19:04:41','2011-10-04 19:04:41',NULL,NULL,NULL,'Slides','',-1,1,0),(115,'Mechanica 1BA: slides',110,'2011-10-05 10:58:42','2011-10-05 10:58:42',NULL,NULL,NULL,'Slides','',253,1,0),(116,'Mechanica 2BA: cursus deel 1',111,'2011-10-05 11:02:45','2011-10-05 11:02:45',NULL,NULL,NULL,'Slides','',248,1,0),(117,'Mechanica 2BA: cursus deel 2',112,'2011-10-05 11:06:58','2011-10-05 11:06:58',NULL,NULL,NULL,'Syllabus','',58,1,0),(118,'Mechanica 2BA: slides',113,'2011-10-05 11:11:07','2011-10-05 11:11:07',NULL,NULL,NULL,'Slides','',77,1,0),(119,'Encyclopedie seminarie 2',114,'2011-10-05 17:27:07','2011-10-05 20:03:42',NULL,NULL,NULL,'Syllabus','Seminarie 2:Politieke economie',57,1,0),(120,'Encyclopedie seminarie 3',114,'2011-10-05 17:45:36','2011-10-05 17:45:36',NULL,NULL,NULL,'Syllabus','seminarie 3: cultural studies',76,1,0),(121,'Encyclopedie seminarie 1',114,'2011-10-05 18:05:21','2011-10-05 18:05:21',NULL,NULL,NULL,'Syllabus','Seminarie 1',187,1,0),(122,'Encyclopedie seminarie 4',114,'2011-10-05 18:07:33','2011-10-05 18:08:00',NULL,NULL,NULL,'Syllabus','Seminarie 4: Het communicatieproces ontleed',165,1,0),(123,'Advanced theoretical debates reader bauwens deel 1',62,'2011-10-05 18:57:05','2011-10-05 18:57:05',NULL,NULL,NULL,'Syllabus','digital culture and creativity: Henry Jenkins and Jean Burgess\r\ndigital culture and economy: Tiziana Terranova and John Hartley\r\n\r\narts and aesthetics in digital age zal later worden gepubliceerd',88,1,0),(124,'Versie 2008',15,'2011-10-05 23:09:04','2011-10-05 23:09:04',NULL,NULL,NULL,'Samenvatting','',44,1,0),(125,'Versie 2009',127,'2011-10-06 10:47:45','2011-10-06 10:47:45',NULL,NULL,NULL,'Samenvatting','',75,1,0),(126,'Overzicht Boekingen ',15,'2011-10-06 11:29:42','2011-10-10 07:56:38',NULL,NULL,NULL,'Varia','Een overzicht van de belangrijkste boekhoudkundige boekingen. Deze versie werd geupdate in het jaar 2010 - 2011.',17,1,0),(127,'2011',128,'2011-10-06 13:54:48','2011-10-06 13:54:48',NULL,NULL,NULL,'Varia','',201,1,0),(128,'Samenvatting (2010)',129,'2011-10-07 12:25:01','2011-10-10 08:52:27',NULL,NULL,NULL,'Samenvatting','Samenvatting Algemene Economie 1.\r\n\r\nDeze samenvatting werd vorig jaar geupdate.',48,1,0),(129,'2011',130,'2011-10-07 13:38:48','2011-10-07 13:38:48',NULL,NULL,NULL,'Syllabus','feest',299,1,0),(130,'Versie 2009',33,'2011-10-07 15:37:29','2011-10-07 15:37:29',NULL,NULL,NULL,'Samenvatting','Hoorcollege is in het Engels, de samenvatting is in het Nederlands.',113,1,0),(131,'Versie 2009',37,'2011-10-07 17:06:39','2011-10-07 17:06:39',NULL,NULL,NULL,'Samenvatting','',107,1,0),(132,'Versie 2009',37,'2011-10-07 17:09:28','2011-10-07 17:09:28',NULL,NULL,NULL,'Varia','Dit zijn nota\'s van de les',26,1,0),(133,'Versie 2007',131,'2011-10-08 16:00:26','2011-10-08 16:00:26',NULL,NULL,NULL,'Samenvatting','',71,1,0),(134,'Versie 2007',132,'2011-10-08 16:10:05','2011-10-08 16:10:05',NULL,NULL,NULL,'Samenvatting','',84,1,0),(135,'Versie 2008',23,'2011-10-08 16:19:42','2011-10-08 16:19:42',NULL,NULL,NULL,'Samenvatting','',99,1,0),(136,'Versie 2007',133,'2011-10-08 16:29:05','2011-10-08 16:29:05',NULL,NULL,NULL,'Samenvatting','',81,1,0),(137,'Versie 2007',134,'2011-10-08 16:34:54','2011-10-08 16:36:40',NULL,NULL,NULL,'Samenvatting','',38,1,0),(138,'Versie 2009',135,'2011-10-08 16:47:37','2011-10-08 16:47:37',NULL,NULL,NULL,'Samenvatting','',90,1,0),(139,'Versie 2007',35,'2011-10-09 13:38:44','2011-10-09 13:40:57',NULL,NULL,NULL,'Samenvatting','Samenvatting van hoofdstuk 12 t.e.m 21',96,1,0),(140,'Versie 2008',136,'2011-10-09 13:58:28','2011-10-09 13:58:28',NULL,NULL,NULL,'Samenvatting','',38,1,0),(141,'Versie 2008',137,'2011-10-09 14:05:58','2011-10-09 14:05:58',NULL,NULL,NULL,'Samenvatting','',49,1,0),(142,'Wiskunde 1: Bewijzen',138,'2011-10-09 16:11:29','2011-10-10 07:49:48',NULL,NULL,NULL,'Varia','Handgeschreven en uitgewerkte bewijzen van wiskunde 1.\r\n\r\nBevat ook een lijst met een aantal (niet alle) mogelijke examenvragen en een overzicht van de verschillende formules.',152,1,0),(143,'Slides Hoorcolleges - 1 per pagina',15,'2011-10-10 08:11:15','2011-10-10 08:12:57',NULL,NULL,NULL,'Slides','Al de slides van het hoorcollege Algemeen Boekhouden.\r\n\r\n1 slide per pagina.\r\n',169,1,0),(144,'Slides Hoorcolleges - 2 per pagina',15,'2011-10-10 08:17:13','2011-10-10 08:17:13',NULL,NULL,NULL,'Slides','Slides van het hoorcollege Algemeen Boekhouden.\r\n\r\n2 slides per pagina.',86,1,0),(145,'Wiskunde 2: Bewijzen',139,'2011-10-10 08:32:41','2011-10-10 08:32:41',NULL,NULL,NULL,'Varia','Handgeschreven en uitgewerkte bewijzen van wiskunde 2.',174,1,0),(146,'Wiskunde 2: Oefeningen',139,'2011-10-10 08:38:10','2011-10-10 08:38:10',NULL,NULL,NULL,'Varia','Uitgewerkte oefeningen voor wiskunde 2. Handgeschreven.',194,1,0),(147,'Samenvatting (2010)',20,'2011-10-10 08:59:16','2011-10-10 09:02:15',NULL,NULL,NULL,'Samenvatting','Samenvatting Bedrijfsfinanciering. Werd opgesteld in 2009 en aangepast in 2010.\r\n\r\nBevat ook een voorbeeldexamen.',146,1,1),(148,'Samenvatting (2010)',132,'2011-10-10 09:03:51','2011-10-10 09:04:10',NULL,134,NULL,'Samenvatting','Samenvatting Bedrijfsfinanciering. Werd opgesteld in 2009 en aangepast in 2010.\r\n\r\nBevat eveneens een voorbeeldexamen.',146,1,1),(149,'Samenvatting (2010)',132,'2011-10-10 09:06:19','2011-10-10 09:06:19',NULL,NULL,NULL,'Samenvatting','Samenvatting Bedrijfsinformatica. Werd gemaakt in 2009 en vorig jaar geupdate. \r\n\r\nBevat eveneens een voorbeeldexamen.',146,1,0),(150,'Opgeloste Examenvragen',140,'2011-10-10 09:20:05','2011-10-10 09:20:16',NULL,NULL,NULL,'Examen vragen','Opgeloste examenvragen chemie.\r\n\r\nOpgelet: niet alle examenvragen worden behandeld.\r\n',56,1,0),(151,'Samenvatting (2010)',26,'2011-10-10 09:28:14','2011-10-10 09:28:14',NULL,NULL,NULL,'Samenvatting','Samenvatting Management. Nieuwe versie.',68,1,0),(152,'Samenvatting (2009)',141,'2011-10-10 09:59:54','2011-10-10 09:59:54',NULL,NULL,NULL,'Samenvatting','Samenvatting A&O. Recent geupdate.',80,1,0),(153,'Samenvatting (2010)',142,'2011-10-10 10:09:55','2011-10-10 10:09:55',NULL,NULL,NULL,'Samenvatting','Samenvatting van zowel het IT Modeling als het IT Economics deel. Nieuw.',103,1,0),(154,'Samenvatting ',143,'2011-10-10 10:15:30','2011-10-10 10:15:30',NULL,NULL,NULL,'Samenvatting','Samenvatting Operationeel Onderzoek.',42,1,0),(155,'Samenvatting (2010)',144,'2011-10-10 10:20:46','2011-10-10 10:20:46',NULL,NULL,NULL,'Samenvatting','Samenvatting Advanced Accounting. Nieuw.',39,1,0),(156,'Slides met nota\'s',144,'2011-10-10 10:30:53','2011-10-10 10:30:53',NULL,155,NULL,'Varia','Slides met notities van de prof.',322,1,0),(157,'Slides zonder nota\'s',144,'2011-10-10 13:46:22','2011-10-10 13:46:22',NULL,NULL,NULL,'Slides','Slides van Advanced Accounting. 2 per pagina. Zonder nota\'s.',162,1,0),(158,'Samenvatting',145,'2011-10-10 14:04:11','2011-10-10 14:04:11',NULL,NULL,NULL,'Syllabus','Samenvatting/cursus Biotechnologie. Deze versie werd nagelezen en verbeterd door prof. Muyldermans.',115,1,0),(159,'Samenvatting (2010)',146,'2011-10-10 14:10:41','2011-10-10 14:10:41',NULL,NULL,NULL,'Samenvatting','Samenvatting van zowel het IT Modeling als het IT Economics deel. Nieuwe samenvatting.',103,1,0),(160,'Samenvatting (2010)',147,'2011-10-10 14:19:21','2011-10-10 14:19:21',NULL,NULL,NULL,'Samenvatting','Nieuwe samenvatting voor Jaarrekeninganalyse en Auditing.',101,1,0),(161,'Samenvatting',148,'2011-10-10 14:34:20','2011-10-10 14:34:20',NULL,NULL,NULL,'Samenvatting','Samenvatting vermogensbeheer',49,1,0),(162,'Examenvragen',148,'2011-10-10 14:43:08','2011-10-10 14:43:08',NULL,NULL,NULL,'Examen vragen','Handgeschreven uitgewerkte examenvragen vermogensbeheer',84,1,0),(163,'Slides',148,'2011-10-10 14:47:13','2011-10-10 14:47:13',NULL,NULL,NULL,'Slides','Slides van het hoorcollege. 4 per pagina.',170,1,0);
/*!40000 ALTER TABLE `materials` ENABLE KEYS */;
UNLOCK TABLES;

--
-- Table structure for table `materials_options`
--

DROP TABLE IF EXISTS `materials_options`;
/*!40101 SET @saved_cs_client     = @@character_set_client */;
/*!40101 SET character_set_client = utf8 */;
CREATE TABLE `materials_options` (
  `material_id` int(11) default NULL,
  `option_id` int(11) default NULL,
  `created_at` datetime default NULL,
  `updated_at` datetime default NULL
) ENGINE=InnoDB DEFAULT CHARSET=utf8 COLLATE=utf8_unicode_ci;
/*!40101 SET character_set_client = @saved_cs_client */;

--
-- Dumping data for table `materials_options`
--

LOCK TABLES `materials_options` WRITE;
/*!40000 ALTER TABLE `materials_options` DISABLE KEYS */;
INSERT INTO `materials_options` VALUES (29,11,NULL,NULL),(29,15,NULL,NULL),(33,11,NULL,NULL),(33,15,NULL,NULL),(43,11,NULL,NULL),(43,15,NULL,NULL),(47,11,NULL,NULL),(47,15,NULL,NULL),(34,11,NULL,NULL),(34,15,NULL,NULL),(46,11,NULL,NULL),(46,15,NULL,NULL),(40,11,NULL,NULL),(40,15,NULL,NULL),(59,11,NULL,NULL),(59,15,NULL,NULL),(60,11,NULL,NULL),(60,15,NULL,NULL),(61,13,NULL,NULL),(61,15,NULL,NULL),(57,11,NULL,NULL),(57,15,NULL,NULL),(58,11,NULL,NULL),(58,15,NULL,NULL),(58,19,NULL,NULL),(64,11,NULL,NULL),(64,15,NULL,NULL),(65,11,NULL,NULL),(65,15,NULL,NULL),(66,11,NULL,NULL),(66,15,NULL,NULL),(67,11,NULL,NULL),(67,15,NULL,NULL),(68,11,NULL,NULL),(68,15,NULL,NULL),(76,13,NULL,NULL),(76,15,NULL,NULL),(79,11,NULL,NULL),(79,15,NULL,NULL),(80,13,NULL,NULL),(80,15,NULL,NULL),(81,13,NULL,NULL),(81,15,NULL,NULL),(82,11,NULL,NULL),(82,17,NULL,NULL),(83,11,NULL,NULL),(83,17,NULL,NULL),(84,19,NULL,NULL),(85,11,NULL,NULL),(85,17,NULL,NULL),(86,17,NULL,NULL),(86,13,NULL,NULL),(87,13,NULL,NULL),(87,17,NULL,NULL),(88,13,NULL,NULL),(88,17,NULL,NULL),(89,13,NULL,NULL),(89,17,NULL,NULL),(90,13,NULL,NULL),(90,17,NULL,NULL),(91,11,NULL,NULL),(91,17,NULL,NULL),(92,11,NULL,NULL),(92,17,NULL,NULL),(93,11,NULL,NULL),(93,17,NULL,NULL),(94,17,NULL,NULL),(94,11,NULL,NULL),(95,11,NULL,NULL),(95,17,NULL,NULL),(96,11,NULL,NULL),(96,17,NULL,NULL),(97,11,NULL,NULL),(97,17,NULL,NULL),(98,11,NULL,NULL),(100,11,NULL,NULL),(100,17,NULL,NULL),(102,11,NULL,NULL),(102,17,NULL,NULL),(69,11,NULL,NULL),(69,15,NULL,NULL),(103,17,NULL,NULL),(103,13,NULL,NULL),(101,13,NULL,NULL),(101,17,NULL,NULL),(105,13,NULL,NULL),(105,17,NULL,NULL),(106,13,NULL,NULL),(106,17,NULL,NULL),(107,11,NULL,NULL),(107,15,NULL,NULL),(104,11,NULL,NULL),(104,15,NULL,NULL),(108,11,NULL,NULL),(108,15,NULL,NULL),(109,11,NULL,NULL),(109,17,NULL,NULL),(110,11,NULL,NULL),(110,17,NULL,NULL),(112,17,NULL,NULL),(112,11,NULL,NULL),(113,17,NULL,NULL),(113,11,NULL,NULL),(114,16,NULL,NULL),(115,17,NULL,NULL),(115,11,NULL,NULL),(116,11,NULL,NULL),(116,17,NULL,NULL),(117,11,NULL,NULL),(118,11,NULL,NULL),(121,11,NULL,NULL),(121,15,NULL,NULL),(122,11,NULL,NULL),(122,15,NULL,NULL),(120,11,NULL,NULL),(120,15,NULL,NULL),(123,13,NULL,NULL),(123,15,NULL,NULL),(119,11,NULL,NULL),(119,15,NULL,NULL),(125,11,NULL,NULL),(125,15,NULL,NULL),(111,17,NULL,NULL),(111,11,NULL,NULL),(129,11,NULL,NULL),(129,15,NULL,NULL),(22,11,NULL,NULL),(22,15,NULL,NULL),(50,11,NULL,NULL),(50,15,NULL,NULL),(24,11,NULL,NULL),(24,15,NULL,NULL),(41,11,NULL,NULL),(41,15,NULL,NULL),(130,11,NULL,NULL),(130,15,NULL,NULL),(51,11,NULL,NULL),(51,15,NULL,NULL),(131,11,NULL,NULL),(131,15,NULL,NULL),(132,11,NULL,NULL),(132,15,NULL,NULL),(53,11,NULL,NULL),(53,15,NULL,NULL),(54,11,NULL,NULL),(54,15,NULL,NULL),(56,11,NULL,NULL),(56,15,NULL,NULL),(124,11,NULL,NULL),(124,15,NULL,NULL),(133,11,NULL,NULL),(133,15,NULL,NULL),(134,11,NULL,NULL),(134,15,NULL,NULL),(135,11,NULL,NULL),(135,15,NULL,NULL),(136,11,NULL,NULL),(136,15,NULL,NULL),(137,11,NULL,NULL),(137,15,NULL,NULL),(138,11,NULL,NULL),(138,15,NULL,NULL),(27,11,NULL,NULL),(27,15,NULL,NULL),(139,11,NULL,NULL),(139,15,NULL,NULL),(140,11,NULL,NULL),(140,15,NULL,NULL),(141,11,NULL,NULL),(141,15,NULL,NULL),(30,11,NULL,NULL),(30,15,NULL,NULL),(142,11,NULL,NULL),(142,15,NULL,NULL),(126,11,NULL,NULL),(126,15,NULL,NULL),(143,11,NULL,NULL),(143,15,NULL,NULL),(144,11,NULL,NULL),(144,15,NULL,NULL),(146,15,NULL,NULL),(146,13,NULL,NULL),(145,11,NULL,NULL),(145,15,NULL,NULL),(128,11,NULL,NULL),(128,15,NULL,NULL),(148,15,NULL,NULL),(148,11,NULL,NULL),(149,15,NULL,NULL),(149,11,NULL,NULL),(150,11,NULL,NULL),(150,15,NULL,NULL),(152,11,NULL,NULL),(152,15,NULL,NULL),(151,11,NULL,NULL),(151,15,NULL,NULL),(153,11,NULL,NULL),(153,15,NULL,NULL),(154,11,NULL,NULL),(154,15,NULL,NULL),(155,11,NULL,NULL),(155,15,NULL,NULL),(156,13,NULL,NULL),(156,15,NULL,NULL),(70,13,NULL,NULL),(70,15,NULL,NULL),(63,11,NULL,NULL),(63,15,NULL,NULL),(28,11,NULL,NULL),(28,15,NULL,NULL),(127,13,NULL,NULL),(127,15,NULL,NULL),(31,11,NULL,NULL),(31,15,NULL,NULL),(71,11,NULL,NULL),(71,15,NULL,NULL),(23,11,NULL,NULL),(23,15,NULL,NULL),(62,11,NULL,NULL),(62,15,NULL,NULL),(32,13,NULL,NULL),(32,15,NULL,NULL),(39,13,NULL,NULL),(39,15,NULL,NULL),(157,11,NULL,NULL),(157,15,NULL,NULL),(158,11,NULL,NULL),(158,15,NULL,NULL),(159,11,NULL,NULL),(159,15,NULL,NULL),(160,11,NULL,NULL),(160,15,NULL,NULL),(161,11,NULL,NULL),(161,15,NULL,NULL),(162,11,NULL,NULL),(162,15,NULL,NULL),(163,11,NULL,NULL),(163,15,NULL,NULL),(73,13,NULL,NULL),(73,15,NULL,NULL),(42,11,NULL,NULL),(42,15,NULL,NULL),(74,17,NULL,NULL),(74,13,NULL,NULL),(35,11,NULL,NULL),(35,15,NULL,NULL),(77,13,NULL,NULL),(77,15,NULL,NULL),(99,11,NULL,NULL),(99,15,NULL,NULL),(78,13,NULL,NULL),(78,15,NULL,NULL),(75,17,NULL,NULL),(26,11,NULL,NULL),(26,15,NULL,NULL);
/*!40000 ALTER TABLE `materials_options` ENABLE KEYS */;
UNLOCK TABLES;

--
-- Table structure for table `messages`
--

DROP TABLE IF EXISTS `messages`;
/*!40101 SET @saved_cs_client     = @@character_set_client */;
/*!40101 SET character_set_client = utf8 */;
CREATE TABLE `messages` (
  `id` int(11) NOT NULL auto_increment,
  `guild_id` int(11) default NULL,
  `content` text collate utf8_unicode_ci,
  `created_at` datetime default NULL,
  `updated_at` datetime default NULL,
  `deleted` tinyint(1) default '0',
  PRIMARY KEY  (`id`)
) ENGINE=InnoDB AUTO_INCREMENT=7 DEFAULT CHARSET=utf8 COLLATE=utf8_unicode_ci;
/*!40101 SET character_set_client = @saved_cs_client */;

--
-- Dumping data for table `messages`
--

LOCK TABLES `messages` WRITE;
/*!40000 ALTER TABLE `messages` DISABLE KEYS */;
INSERT INTO `messages` VALUES (1,10,'<p>&nbsp;</p>\r\n<p>Welkom op de pagina van de Overkoepelende StudentenDienst.</p>\r\n<p>In samenwerking met de facultaire kringen van de VUB hebben wij nu een centrale cursusdienst geopend om jullie in de toekomst beter te bedienen.</p>\r\n<p>Weet je ons lokaal nog niet zijn, of wens je onmiddellijk naar het aanbod van u richting te gaan? Neem dan een kijkje <a href=\"http://esp.cursusdienst.net/pages/guide\"><strong>hier</strong></a> of <a href=\"http://cursusdienst.net\"><strong>hier</strong></a>!.</p>\r\n<p>Tot binnenkort,</p>\r\n<p>Het OSD-Team</p>','2011-10-01 10:33:46','2011-10-10 08:31:30',0),(2,5,'<p style=\"text-align: center;\">Welkom !</p>\r\n<p style=\"text-align: left;\">Je moet je cursusmateriaal online bestellen. Betalen kan via overschrijving of cash in de winkel. Eens je bestelling betaald is wordt hij geplaatst bij de drukker. Je krijgt een mail wanneer je bestelling klaarligt in de winkel.</p>\r\n<p style=\"text-align: left;\">Meer info over hoe bestellen&nbsp;<strong><a href=\"../../pages/guide\" target=\"_blank\">hier</a></strong></p>\r\n<p><strong>Waar :</strong></p>\r\n<p>We zijn te vinden in het BSG-lokaal (achter gebouw E).</p>\r\n<p><strong>Openingsuren :&nbsp;</strong></p>\r\n<p>Alle weekdagen van 12u tot 14u&nbsp;</p>\r\n<p>Elke dinsdag en donderdag avond van 17u30 tot 19u30</p>\r\n<p><span class=\"Apple-style-span\" style=\"color: #333333; font-family: \'lucida grande\', tahoma, verdana, arial, sans-serif; font-size: 11px; line-height: 15px;\"><span class=\"Apple-style-span\" style=\"color: #333333; font-family: \'lucida grande\', tahoma, verdana, arial, sans-serif; font-size: 11px; line-height: 15px;\"><br /></span></span></p>','2011-10-01 14:39:07','2011-10-09 20:49:10',0),(3,9,'<p>Voorlopig is ons aanbod nog beschikbaar op <a title=\"cursusdienst.infogroep.be\" href=\"http://cursusdienst.infogroep.be\" target=\"_blank\">cursusdienst.infogroep.be</a></p>\r\n<p>&nbsp;</p>','2011-10-03 19:24:03','2011-10-04 14:32:44',0),(4,3,'<p>Als je als student een PPK lidkaart hebt, dan krijg je per bestelling een euro korting. Als dit zo is, laat dan je PPK lidkaart zien in de OSD-shop. </p>','2011-10-03 19:26:14','2011-10-05 13:44:38',0),(5,5,'<p>De ESP Cursusdienst is open.</p>\r\n<p>Aarzel niet om regelmatig terug te komen en zien of we geen nieuwe samenvattingen, slides of readers uitgeven.</p>','2011-10-03 19:26:56','2011-10-03 19:26:56',0),(6,8,'<p style=\"text-align: center;\">Welkom !</p>\r\n<p style=\"text-align: left;\">Je moet je cursusmateriaal online bestellen. Betalen kan via overschrijving of cash in de winkel. Eens je bestelling betaald is wordt hij geplaatst bij de drukker. Je krijgt een mail wanneer je bestelling klaarligt in de winkel.</p>\r\n<p style=\"text-align: left;\">Meer info over hoe bestellen&nbsp;<strong><a href=\"../../pages/guide\" target=\"_blank\">hier</a></strong></p>\r\n<p><strong>Waar :</strong></p>\r\n<p>We zijn te vinden in het BSG-lokaal (achter gebouw E).</p>\r\n<p><strong>Openingsuren :&nbsp;</strong></p>\r\n<p>Alle weekdagen van 12u tot 14u&nbsp;</p>\r\n<p>Elke dinsdag en donderdag avond van 17u30 tot 19u30</p>','2011-10-10 11:01:53','2011-10-10 11:03:23',0);
/*!40000 ALTER TABLE `messages` ENABLE KEYS */;
UNLOCK TABLES;

--
-- Table structure for table `options`
--

DROP TABLE IF EXISTS `options`;
/*!40101 SET @saved_cs_client     = @@character_set_client */;
/*!40101 SET character_set_client = utf8 */;
CREATE TABLE `options` (
  `id` int(11) NOT NULL auto_increment,
  `created_at` datetime default NULL,
  `updated_at` datetime default NULL,
  `name` varchar(255) collate utf8_unicode_ci default NULL,
  `typee` varchar(255) collate utf8_unicode_ci default NULL,
  `deleted` tinyint(1) default '0',
  PRIMARY KEY  (`id`)
) ENGINE=InnoDB AUTO_INCREMENT=21 DEFAULT CHARSET=utf8 COLLATE=utf8_unicode_ci;
/*!40101 SET character_set_client = @saved_cs_client */;

--
-- Dumping data for table `options`
--

LOCK TABLES `options` WRITE;
/*!40000 ALTER TABLE `options` DISABLE KEYS */;
INSERT INTO `options` VALUES (11,'2011-09-28 16:15:25','2011-09-28 16:15:25','single sided - black and white','printer',0),(12,'2011-09-28 16:15:57','2011-09-28 16:15:57','Single sided - color','printer',0),(13,'2011-09-28 16:16:02','2011-09-28 16:16:02','Duplex - black and white','printer',0),(14,'2011-09-28 16:16:08','2011-09-28 16:16:08','Duplex - color','printer',0),(15,'2011-09-28 16:16:15','2011-09-28 16:16:15','Inbinding: Lijm + plastiek','printer',0),(16,'2011-09-28 16:16:20','2011-09-28 16:16:20','Inbinding: Lijm + zonder plastiek','printer',0),(17,'2011-09-28 16:16:25','2011-09-28 16:16:25','Inbinding: Ringen + plastiek','printer',0),(18,'2011-09-28 16:16:32','2011-09-28 16:16:32','Inbinding: Ringen + zonder plastiek','printer',0),(19,'2011-09-28 16:16:39','2011-09-28 16:16:39','1 slide per pagina','user',0),(20,'2011-09-28 16:16:48','2011-09-28 16:16:48','3 slides per pagina','user',0);
/*!40000 ALTER TABLE `options` ENABLE KEYS */;
UNLOCK TABLES;

--
-- Table structure for table `orders`
--

DROP TABLE IF EXISTS `orders`;
/*!40101 SET @saved_cs_client     = @@character_set_client */;
/*!40101 SET character_set_client = utf8 */;
CREATE TABLE `orders` (
  `id` int(11) NOT NULL auto_increment,
  `user_id` int(11) default NULL,
  `order_key` varchar(255) collate utf8_unicode_ci default NULL,
  `created_at` datetime default NULL,
  `updated_at` datetime default NULL,
  `institute_id` int(11) default NULL,
  `payment_type` varchar(255) collate utf8_unicode_ci default NULL,
  `label` varchar(255) collate utf8_unicode_ci default NULL,
  `deleted` tinyint(1) default '0',
  PRIMARY KEY  (`id`)
) ENGINE=InnoDB AUTO_INCREMENT=158 DEFAULT CHARSET=utf8 COLLATE=utf8_unicode_ci;
/*!40101 SET character_set_client = @saved_cs_client */;

--
-- Dumping data for table `orders`
--

LOCK TABLES `orders` WRITE;
/*!40000 ALTER TABLE `orders` DISABLE KEYS */;
INSERT INTO `orders` VALUES (1,43,'4342551','2011-10-03 06:59:17','2011-10-03 06:59:17',1,NULL,NULL,0),(2,36,'5788346','2011-10-03 08:24:38','2011-10-04 10:10:40',1,'cash',NULL,0),(3,58,'1004797','2011-10-03 08:48:23','2011-10-03 10:16:34',1,'cash',NULL,0),(4,63,'6509854','2011-10-03 09:30:39','2011-10-03 09:30:39',1,NULL,NULL,0),(5,64,'3870226','2011-10-03 09:39:50','2011-10-03 09:39:50',1,NULL,NULL,0),(6,64,'8908367','2011-10-03 09:42:10','2011-10-03 09:42:10',1,NULL,NULL,0),(7,68,'8438429','2011-10-03 09:49:38','2011-10-03 10:04:58',1,'cash',NULL,0),(8,69,'7376982','2011-10-03 09:50:20','2011-10-03 09:50:20',1,NULL,NULL,0),(9,37,'9208875','2011-10-03 10:14:51','2011-10-03 10:16:47',1,'cash',NULL,0),(10,79,'4123156','2011-10-03 10:32:59','2011-10-03 10:32:59',1,NULL,NULL,0),(11,82,'6932825','2011-10-03 10:40:24','2011-10-03 10:43:28',1,'cash',NULL,0),(12,83,'2523527','2011-10-03 10:41:36','2011-10-03 10:43:28',1,'cash',NULL,0),(13,3,'4338568','2011-10-03 10:41:39','2011-10-03 10:41:39',1,NULL,NULL,0),(14,38,'3435733','2011-10-03 10:42:20','2011-10-05 11:30:41',1,'cash',NULL,0),(15,3,'6166139','2011-10-03 10:43:58','2011-10-03 10:43:58',1,NULL,NULL,0),(16,19,'1056755','2011-10-03 10:45:14','2011-10-03 10:45:52',1,'cash',NULL,0),(17,70,'4833958','2011-10-03 11:10:12','2011-10-03 11:10:30',1,'cash',NULL,0),(18,87,'7240792','2011-10-03 11:10:23','2011-10-03 11:11:19',1,'cash',NULL,0),(19,91,'1299127','2011-10-03 11:31:26','2011-10-03 11:32:07',1,'cash',NULL,0),(20,92,'1873101','2011-10-03 11:33:16','2011-10-03 11:33:34',1,'cash',NULL,0),(21,96,'1771876','2011-10-03 12:02:23','2011-10-10 10:34:30',1,'cash',NULL,0),(22,3,'7812408','2011-10-03 12:27:17','2011-10-03 12:29:31',1,'cash',NULL,0),(23,32,'5585140','2011-10-03 12:41:07','2011-10-03 12:41:56',1,'cash',NULL,0),(24,8,'2340614','2011-10-03 12:55:26','2011-10-03 12:55:26',1,NULL,NULL,0),(25,111,'3815850','2011-10-03 13:29:08','2011-10-03 13:29:08',1,NULL,NULL,0),(26,40,'3851974','2011-10-03 14:55:55','2011-10-03 14:55:55',1,NULL,NULL,0),(27,120,'3086120','2011-10-03 15:45:22','2011-10-03 15:45:22',1,NULL,NULL,0),(28,53,'1415426','2011-10-03 16:25:13','2011-10-03 16:25:13',1,NULL,NULL,0),(29,137,'8780909','2011-10-04 08:49:30','2011-10-04 08:49:30',1,NULL,NULL,0),(30,13,'8718204','2011-10-04 10:00:48','2011-10-04 10:00:48',1,NULL,NULL,0),(31,13,'9346235','2011-10-04 10:01:26','2011-10-04 10:01:26',1,NULL,NULL,0),(32,36,'7122721','2011-10-04 10:15:35','2011-10-04 10:16:26',1,'cash',NULL,0),(33,156,'0704800','2011-10-04 12:40:12','2011-10-04 12:40:12',1,NULL,NULL,0),(34,166,'9068356','2011-10-04 16:20:39','2011-10-04 16:21:41',1,'cash',NULL,0),(35,171,'3132749','2011-10-04 17:22:29','2011-10-04 17:22:29',1,NULL,NULL,0),(36,179,'6450757','2011-10-04 18:51:09','2011-10-04 18:51:09',1,NULL,NULL,0),(37,126,'1732617','2011-10-05 07:26:42','2011-10-05 07:26:42',1,NULL,NULL,0),(38,54,'8808568','2011-10-05 08:07:39','2011-10-05 08:07:39',1,NULL,NULL,0),(39,195,'4910138','2011-10-05 08:55:47','2011-10-05 08:55:47',1,NULL,NULL,0),(40,200,'5060580','2011-10-05 09:55:29','2011-10-05 09:55:29',1,NULL,NULL,0),(41,8,'3026559','2011-10-05 10:10:48','2011-10-05 10:10:48',1,NULL,NULL,0),(42,207,'5891688','2011-10-05 10:56:30','2011-10-05 10:58:24',1,'cash',NULL,0),(43,210,'9274113','2011-10-05 11:24:48','2011-10-05 11:26:49',1,'cash',NULL,0),(44,3,'9151904','2011-10-05 13:38:22','2011-10-05 13:38:22',1,NULL,NULL,0),(45,180,'1866412','2011-10-05 17:37:52','2011-10-11 11:28:14',1,'cash',NULL,0),(46,219,'3482567','2011-10-05 17:46:35','2011-10-05 17:46:35',1,NULL,NULL,0),(47,169,'7927519','2011-10-05 18:07:37','2011-10-06 14:07:51',1,'cash',NULL,0),(48,53,'0108097','2011-10-05 18:39:01','2011-10-05 18:39:01',1,NULL,NULL,0),(49,222,'2053099','2011-10-05 18:47:22','2011-10-05 18:47:22',1,NULL,NULL,0),(50,191,'0492175','2011-10-05 19:16:28','2011-10-05 19:16:28',1,NULL,NULL,0),(51,174,'1958626','2011-10-05 19:27:26','2011-10-06 12:29:25',1,'cash',NULL,0),(52,223,'6259610','2011-10-05 19:29:14','2011-10-07 10:19:13',1,'cash',NULL,0),(53,227,'4963097','2011-10-05 19:57:06','2011-10-10 10:22:01',1,'cash',NULL,0),(54,231,'1972571','2011-10-05 20:32:02','2011-10-06 14:09:24',1,'cash',NULL,0),(55,107,'3576365','2011-10-05 20:59:15','2011-10-05 20:59:15',1,NULL,NULL,0),(56,234,'5800390','2011-10-06 06:58:14','2011-10-06 06:58:14',1,NULL,NULL,0),(57,233,'6755462','2011-10-06 07:01:32','2011-10-06 07:01:32',1,NULL,NULL,0),(58,49,'9340216','2011-10-06 07:24:32','2011-10-06 07:24:32',1,NULL,NULL,0),(59,172,'1026716','2011-10-06 08:07:16','2011-10-10 10:08:39',1,'cash',NULL,0),(60,239,'6334259','2011-10-06 09:06:58','2011-10-06 09:06:58',1,NULL,NULL,0),(61,112,'8845058','2011-10-06 09:15:39','2011-10-06 09:15:39',1,NULL,NULL,0),(62,8,'4524599','2011-10-06 10:35:26','2011-10-06 10:35:26',1,NULL,NULL,0),(63,243,'1751805','2011-10-06 11:05:40','2011-10-06 11:20:03',1,'cash',NULL,0),(64,183,'7087949','2011-10-06 11:08:06','2011-10-06 11:24:05',1,'cash',NULL,0),(65,246,'6396274','2011-10-06 11:11:42','2011-10-06 14:07:05',1,'cash',NULL,0),(66,169,'2846974','2011-10-06 11:12:24','2011-10-06 14:08:34',1,'cash',NULL,0),(67,182,'5378690','2011-10-06 11:14:52','2011-10-06 14:09:01',1,'cash',NULL,0),(68,218,'6427903','2011-10-06 11:16:37','2011-10-06 14:09:13',1,'cash',NULL,0),(69,185,'5517579','2011-10-06 11:20:03','2011-10-06 14:09:40',1,'cash',NULL,0),(70,184,'4881172','2011-10-06 11:21:17','2011-10-06 14:09:49',1,'cash',NULL,0),(71,247,'3611317','2011-10-06 11:24:04','2011-10-06 14:10:08',1,'cash',NULL,0),(72,248,'8460645','2011-10-06 11:27:52','2011-10-06 11:32:21',1,'cash',NULL,0),(73,247,'3010511','2011-10-06 11:29:07','2011-10-06 14:10:10',1,'cash',NULL,0),(74,187,'6401076','2011-10-06 11:30:55','2011-10-06 14:10:28',1,'cash',NULL,0),(75,245,'9712447','2011-10-06 11:31:18','2011-10-06 11:32:07',1,'cash',NULL,0),(76,178,'7040591','2011-10-06 11:33:06','2011-10-06 11:33:06',1,NULL,NULL,0),(77,180,'6744097','2011-10-06 11:34:17','2011-10-06 11:36:07',1,'cash',NULL,0),(78,250,'1806370','2011-10-06 11:37:55','2011-10-06 11:41:38',1,'cash',NULL,0),(79,254,'8321655','2011-10-06 13:13:32','2011-10-06 13:13:32',1,NULL,NULL,0),(80,255,'3097873','2011-10-06 13:26:26','2011-10-07 10:43:31',1,'cash',NULL,0),(81,258,'6694552','2011-10-06 15:56:12','2011-10-06 15:56:12',1,NULL,NULL,0),(82,148,'4019150','2011-10-06 16:04:53','2011-10-06 16:04:53',1,NULL,NULL,0),(83,263,'6842585','2011-10-06 16:31:30','2011-10-06 16:31:30',1,NULL,NULL,0),(84,241,'3023493','2011-10-06 17:25:47','2011-10-06 17:25:47',1,NULL,NULL,0),(85,265,'7136928','2011-10-06 17:58:15','2011-10-10 12:07:46',1,'cash',NULL,0),(86,132,'6784628','2011-10-06 18:13:01','2011-10-06 18:13:01',1,NULL,NULL,0),(87,174,'0391730','2011-10-06 19:20:45','2011-10-07 10:12:04',1,'cash',NULL,0),(88,268,'8082511','2011-10-06 21:07:06','2011-10-06 21:07:06',1,NULL,NULL,0),(89,116,'9298128','2011-10-07 06:56:32','2011-10-07 06:56:32',1,NULL,NULL,0),(90,270,'4052026','2011-10-07 08:42:39','2011-10-07 09:53:21',1,'cash',NULL,0),(91,271,'3801314','2011-10-07 08:44:04','2011-10-07 08:44:04',1,NULL,NULL,0),(92,110,'8482413','2011-10-07 08:53:54','2011-10-07 08:53:54',1,NULL,NULL,0),(93,272,'2707886','2011-10-07 09:14:49','2011-10-07 09:14:49',1,NULL,NULL,0),(94,275,'9397153','2011-10-07 09:49:20','2011-10-07 09:49:20',1,NULL,NULL,0),(95,78,'8017976','2011-10-07 09:53:56','2011-10-07 10:08:21',1,'cash',NULL,0),(96,276,'6917893','2011-10-07 09:56:11','2011-10-07 10:07:35',1,'cash',NULL,0),(97,120,'2820198','2011-10-07 10:00:30','2011-10-07 10:00:30',1,NULL,NULL,0),(98,278,'2959963','2011-10-07 10:21:44','2011-10-07 10:21:44',1,NULL,NULL,0),(99,111,'2684098','2011-10-07 10:23:51','2011-10-07 10:23:51',1,NULL,NULL,0),(100,279,'3519304','2011-10-07 10:29:04','2011-10-07 10:40:21',1,'cash',NULL,0),(101,11,'6372921','2011-10-07 10:31:44','2011-10-07 10:36:35',1,'cash',NULL,0),(102,280,'0636011','2011-10-07 10:42:10','2011-10-07 10:43:02',1,'cash',NULL,0),(103,284,'9966738','2011-10-07 12:54:27','2011-10-07 12:54:27',1,NULL,NULL,0),(104,285,'4743059','2011-10-07 13:18:47','2011-10-07 13:18:47',1,NULL,NULL,0),(105,214,'0919391','2011-10-07 13:29:15','2011-10-07 13:29:15',1,NULL,NULL,0),(106,234,'9747040','2011-10-07 13:35:21','2011-10-07 13:35:21',1,NULL,NULL,0),(107,287,'0667023','2011-10-07 13:45:38','2011-10-07 13:45:38',1,NULL,NULL,0),(108,289,'3982325','2011-10-07 14:17:10','2011-10-07 14:17:10',1,NULL,NULL,0),(109,124,'8137887','2011-10-07 15:04:37','2011-10-07 15:04:37',1,NULL,NULL,0),(110,198,'5323902','2011-10-07 15:51:45','2011-10-07 15:51:45',1,NULL,NULL,0),(111,295,'9380413','2011-10-08 08:57:41','2011-10-08 08:57:41',1,NULL,NULL,0),(112,296,'2974923','2011-10-08 10:27:55','2011-10-08 10:27:55',1,NULL,NULL,0),(113,233,'9339869','2011-10-08 12:55:51','2011-10-08 12:55:51',1,NULL,NULL,0),(114,300,'0606532','2011-10-08 14:13:50','2011-10-08 14:13:50',1,NULL,NULL,0),(115,301,'8517516','2011-10-08 16:19:32','2011-10-08 16:19:32',1,NULL,NULL,0),(116,310,'0090518','2011-10-09 08:36:05','2011-10-09 08:36:05',1,NULL,NULL,0),(117,311,'3291249','2011-10-09 09:20:33','2011-10-09 09:20:33',1,NULL,NULL,0),(118,277,'7131050','2011-10-09 10:01:28','2011-10-10 10:58:54',1,'cash',NULL,0),(119,314,'9888064','2011-10-09 10:39:50','2011-10-09 10:39:50',1,NULL,NULL,0),(120,312,'0672846','2011-10-09 12:40:39','2011-10-09 12:40:39',1,NULL,NULL,0),(121,315,'2531366','2011-10-09 12:44:44','2011-10-09 12:44:44',1,NULL,NULL,0),(122,181,'7009591','2011-10-09 14:01:17','2011-10-09 14:01:17',1,NULL,NULL,0),(123,212,'1656216','2011-10-09 14:38:58','2011-10-09 14:38:58',1,NULL,NULL,0),(124,125,'6146590','2011-10-09 14:59:14','2011-10-09 14:59:14',1,NULL,NULL,0),(125,323,'2387252','2011-10-09 15:02:26','2011-10-09 15:02:26',1,NULL,NULL,0),(126,211,'4886936','2011-10-09 15:14:12','2011-10-09 15:14:12',1,NULL,NULL,0),(127,325,'3089440','2011-10-09 15:44:48','2011-10-09 15:44:48',1,NULL,NULL,0),(128,252,'1915841','2011-10-09 17:05:30','2011-10-09 17:05:30',1,NULL,NULL,0),(129,327,'8178847','2011-10-09 17:16:24','2011-10-10 10:34:14',1,'cash',NULL,0),(130,330,'7843340','2011-10-09 18:02:06','2011-10-10 10:26:00',1,'cash',NULL,0),(131,339,'6239686','2011-10-09 20:25:57','2011-10-10 10:38:45',1,'cash',NULL,0),(132,352,'6187759','2011-10-10 08:38:55','2011-10-10 08:38:55',1,NULL,NULL,0),(133,354,'2744974','2011-10-10 08:45:14','2011-10-10 08:45:14',1,NULL,NULL,0),(134,227,'3170645','2011-10-10 10:21:21','2011-10-10 10:21:47',1,'cash',NULL,0),(135,361,'1541122','2011-10-10 10:30:03','2011-10-10 10:31:35',1,'cash',NULL,0),(136,363,'4048653','2011-10-10 10:30:18','2011-10-10 10:31:36',1,'cash',NULL,0),(137,364,'3405765','2011-10-10 10:37:01','2011-10-10 10:37:53',1,'cash',NULL,0),(138,364,'2348907','2011-10-10 10:37:17','2011-10-10 10:37:17',1,NULL,NULL,0),(139,365,'3511060','2011-10-10 10:40:13','2011-10-10 10:45:45',1,'cash',NULL,0),(140,366,'5896887','2011-10-10 10:47:31','2011-10-10 10:48:07',1,'cash',NULL,0),(141,367,'4382631','2011-10-10 10:59:20','2011-10-10 10:59:55',1,'cash',NULL,0),(142,372,'2371580','2011-10-10 11:33:04','2011-10-10 11:33:53',1,'cash',NULL,0),(143,170,'1478264','2011-10-10 11:35:02','2011-10-10 11:35:32',1,'cash',NULL,0),(144,324,'4396380','2011-10-10 11:37:13','2011-10-10 11:37:55',1,'cash',NULL,0),(145,374,'3586055','2011-10-10 11:37:49','2011-10-10 11:38:37',1,'cash',NULL,0),(146,378,'0644171','2011-10-10 12:14:26','2011-10-10 12:14:55',1,'cash',NULL,0),(147,380,'2316456','2011-10-10 12:37:23','2011-10-11 11:26:37',1,'cash',NULL,0),(148,380,'9033268','2011-10-10 12:41:54','2011-10-10 12:41:54',1,NULL,NULL,0),(149,381,'7446010','2011-10-10 12:57:02','2011-10-10 12:57:02',1,NULL,NULL,0),(150,72,'1502740','2011-10-10 13:04:53','2011-10-10 13:04:53',1,NULL,NULL,0),(151,141,'3963345','2011-10-10 14:58:01','2011-10-10 14:58:01',1,NULL,NULL,0),(152,390,'3898635','2011-10-10 15:38:21','2011-10-10 15:38:21',1,NULL,NULL,0),(153,383,'6851929','2011-10-10 16:01:01','2011-10-10 16:01:01',1,NULL,NULL,0),(154,3,'3378489','2011-10-11 12:31:25','2011-10-11 12:31:25',1,NULL,NULL,0),(155,437,'6050063','2011-10-11 13:49:26','2011-10-11 13:49:26',1,NULL,NULL,0),(156,439,'6350027','2011-10-11 13:51:18','2011-10-11 13:51:18',1,NULL,NULL,0),(157,35,'2089565','2011-10-11 13:54:43','2011-10-11 13:54:43',1,NULL,NULL,0);
/*!40000 ALTER TABLE `orders` ENABLE KEYS */;
UNLOCK TABLES;

--
-- Table structure for table `permission_groups`
--

DROP TABLE IF EXISTS `permission_groups`;
/*!40101 SET @saved_cs_client     = @@character_set_client */;
/*!40101 SET character_set_client = utf8 */;
CREATE TABLE `permission_groups` (
  `id` int(11) NOT NULL auto_increment,
  `name` varchar(255) collate utf8_unicode_ci default NULL,
  `level` int(11) default NULL,
  `created_at` datetime default NULL,
  `updated_at` datetime default NULL,
  `deleted` tinyint(1) default '0',
  PRIMARY KEY  (`id`)
) ENGINE=InnoDB AUTO_INCREMENT=105 DEFAULT CHARSET=utf8 COLLATE=utf8_unicode_ci;
/*!40101 SET character_set_client = @saved_cs_client */;

--
-- Dumping data for table `permission_groups`
--

LOCK TABLES `permission_groups` WRITE;
/*!40000 ALTER TABLE `permission_groups` DISABLE KEYS */;
INSERT INTO `permission_groups` VALUES (1,'use_control_panel',NULL,'2011-09-28 13:51:30','2011-09-28 13:51:30',0),(2,'sell_materials',NULL,'2011-09-28 13:51:30','2011-09-28 13:51:30',0),(3,'sell_all_materials',NULL,'2011-09-28 13:51:30','2011-09-28 13:51:30',0),(4,'create_all_messages',NULL,'2011-09-28 13:51:30','2011-09-28 13:51:30',0),(5,'view_all_stock',NULL,'2011-09-28 13:51:30','2011-09-28 13:51:30',0),(6,'view_all_orders',NULL,'2011-09-28 13:51:30','2011-09-28 13:51:30',0),(7,'print',NULL,'2011-09-28 13:51:30','2011-09-28 13:51:30',0),(8,'download_materials',NULL,'2011-09-28 13:51:30','2011-09-28 13:51:30',0),(9,'edit_users',NULL,'2011-09-28 13:51:30','2011-09-28 13:51:30',0),(10,'delete_users',NULL,'2011-09-28 13:51:30','2011-09-28 13:51:30',0),(11,'view_users',NULL,'2011-09-28 13:51:30','2011-09-28 13:51:30',0),(12,'edit_permissions',NULL,'2011-09-28 13:51:30','2011-09-28 13:51:30',0),(13,'delete_permissions',NULL,'2011-09-28 13:51:30','2011-09-28 13:51:30',0),(14,'view_permissions',NULL,'2011-09-28 13:51:30','2011-09-28 13:51:30',0),(15,'create_permissions',NULL,'2011-09-28 13:51:30','2011-09-28 13:51:30',0),(16,'edit_disciplines',NULL,'2011-09-28 13:51:30','2011-09-28 13:51:30',0),(17,'delete_disciplines',NULL,'2011-09-28 13:51:30','2011-09-28 13:51:30',0),(18,'view_disciplines',NULL,'2011-09-28 13:51:30','2011-09-28 13:51:30',0),(19,'create_disciplines',NULL,'2011-09-28 13:51:30','2011-09-28 13:51:30',0),(20,'edit_subjects',NULL,'2011-09-28 13:51:30','2011-09-28 13:51:30',0),(21,'delete_subjects',NULL,'2011-09-28 13:51:30','2011-09-28 13:51:30',0),(22,'view_subjects',NULL,'2011-09-28 13:51:30','2011-09-28 13:51:30',0),(23,'create_subjects',NULL,'2011-09-28 13:51:30','2011-09-28 13:51:30',0),(24,'edit_permission_groups',NULL,'2011-09-28 13:51:30','2011-09-28 13:51:30',0),(25,'delete_permission_groups',NULL,'2011-09-28 13:51:30','2011-09-28 13:51:30',0),(26,'view_permission_groups',NULL,'2011-09-28 13:51:30','2011-09-28 13:51:30',0),(27,'create_permission_groups',NULL,'2011-09-28 13:51:30','2011-09-28 13:51:30',0),(28,'edit_options',NULL,'2011-09-28 13:51:30','2011-09-28 13:51:30',0),(29,'delete_options',NULL,'2011-09-28 13:51:30','2011-09-28 13:51:30',0),(30,'view_options',NULL,'2011-09-28 13:51:30','2011-09-28 13:51:30',0),(31,'create_options',NULL,'2011-09-28 13:51:30','2011-09-28 13:51:30',0),(32,'edit_institutes',NULL,'2011-09-28 13:51:30','2011-09-28 13:51:30',0),(33,'delete_institutes',NULL,'2011-09-28 13:51:30','2011-09-28 13:51:30',0),(34,'view_institutes',NULL,'2011-09-28 13:51:30','2011-09-28 13:51:30',0),(35,'create_institutes',NULL,'2011-09-28 13:51:30','2011-09-28 13:51:30',0),(36,'edit_guilds',NULL,'2011-09-28 13:51:30','2011-09-28 13:51:30',0),(37,'delete_guilds',NULL,'2011-09-28 13:51:30','2011-09-28 13:51:30',0),(38,'view_guilds',NULL,'2011-09-28 13:51:30','2011-09-28 13:51:30',0),(39,'create_guilds',NULL,'2011-09-28 13:51:30','2011-09-28 13:51:30',0),(40,'edit_materials',NULL,'2011-09-28 13:51:30','2011-09-28 13:51:30',0),(41,'delete_materials',NULL,'2011-09-28 13:51:30','2011-09-28 13:51:30',0),(42,'view_materials',NULL,'2011-09-28 13:51:30','2011-09-28 13:51:30',0),(43,'create_materials',NULL,'2011-09-28 13:51:30','2011-09-28 13:51:30',0),(44,'edit_faculties',NULL,'2011-09-28 13:51:30','2011-09-28 13:51:30',0),(45,'delete_faculties',NULL,'2011-09-28 13:51:30','2011-09-28 13:51:30',0),(46,'view_faculties',NULL,'2011-09-28 13:51:30','2011-09-28 13:51:30',0),(47,'create_faculties',NULL,'2011-09-28 13:51:30','2011-09-28 13:51:30',0),(48,'edit_messages',NULL,'2011-09-28 13:51:30','2011-09-28 13:51:30',0),(49,'delete_messages',NULL,'2011-09-28 13:51:30','2011-09-28 13:51:30',0),(50,'create_messages',NULL,'2011-09-28 13:51:30','2011-09-28 13:51:30',0),(51,'edit_stock',NULL,'2011-09-28 13:51:30','2011-09-28 13:51:30',0),(52,'delete_stock',NULL,'2011-09-28 13:51:30','2011-09-28 13:51:30',0),(53,'view_stock',NULL,'2011-09-28 13:51:30','2011-09-28 13:51:30',0),(54,'edit_printers',NULL,'2011-09-28 13:51:30','2011-09-28 13:51:30',0),(55,'delete_printers',NULL,'2011-09-28 13:51:30','2011-09-28 13:51:30',0),(56,'view_printers',NULL,'2011-09-28 13:51:30','2011-09-28 13:51:30',0),(57,'create_printers',NULL,'2011-09-28 13:51:30','2011-09-28 13:51:30',0),(58,'edit_prices',NULL,'2011-09-28 13:51:30','2011-09-28 13:51:30',0),(59,'delete_prices',NULL,'2011-09-28 13:51:30','2011-09-28 13:51:30',0),(60,'view_prices',NULL,'2011-09-28 13:51:30','2011-09-28 13:51:30',0),(61,'create_prices',NULL,'2011-09-28 13:51:30','2011-09-28 13:51:30',0),(62,'edit_price_sets',NULL,'2011-09-28 13:51:30','2011-09-28 13:51:30',0),(63,'delete_price_sets',NULL,'2011-09-28 13:51:30','2011-09-28 13:51:30',0),(64,'view_price_sets',NULL,'2011-09-28 13:51:30','2011-09-28 13:51:30',0),(65,'create_price_sets',NULL,'2011-09-28 13:51:30','2011-09-28 13:51:30',0),(66,'edit_action_logs',NULL,'2011-09-28 13:51:30','2011-09-28 13:51:30',0),(67,'delete_action_logs',NULL,'2011-09-28 13:51:30','2011-09-28 13:51:30',0),(68,'view_action_logs',NULL,'2011-09-28 13:51:30','2011-09-28 13:51:30',0),(69,'create_action_logs',NULL,'2011-09-28 13:51:30','2011-09-28 13:51:30',0),(70,'edit_attachments',NULL,'2011-09-28 13:51:30','2011-09-28 13:51:30',0),(71,'delete_attachments',NULL,'2011-09-28 13:51:30','2011-09-28 13:51:30',0),(72,'view_attachments',NULL,'2011-09-28 13:51:30','2011-09-28 13:51:30',0),(73,'create_attachments',NULL,'2011-09-28 13:51:30','2011-09-28 13:51:30',0),(74,'edit_info_strings',NULL,'2011-09-28 13:51:30','2011-09-28 13:51:30',0),(75,'delete_info_strings',NULL,'2011-09-28 13:51:30','2011-09-28 13:51:30',0),(76,'view_info_strings',NULL,'2011-09-28 13:51:30','2011-09-28 13:51:30',0),(77,'create_info_strings',NULL,'2011-09-28 13:51:30','2011-09-28 13:51:30',0),(78,'edit_orders',NULL,'2011-09-28 13:51:30','2011-09-28 13:51:30',0),(79,'delete_orders',NULL,'2011-09-28 13:51:30','2011-09-28 13:51:30',0),(80,'view_orders',NULL,'2011-09-28 13:51:30','2011-09-28 13:51:30',0),(81,'create_orders',NULL,'2011-09-28 13:51:30','2011-09-28 13:51:30',0),(82,'edit_print_jobs',NULL,'2011-09-28 13:51:30','2011-09-28 13:51:30',0),(83,'delete_print_jobs',NULL,'2011-09-28 13:51:30','2011-09-28 13:51:30',0),(84,'view_print_jobs',NULL,'2011-09-28 13:51:30','2011-09-28 13:51:30',0),(85,'create_print_jobs',NULL,'2011-09-28 13:51:30','2011-09-28 13:51:30',0),(86,'edit_ratings',NULL,'2011-09-28 13:51:30','2011-09-28 13:51:30',0),(87,'delete_ratings',NULL,'2011-09-28 13:51:30','2011-09-28 13:51:30',0),(88,'view_ratings',NULL,'2011-09-28 13:51:30','2011-09-28 13:51:30',0),(89,'create_ratings',NULL,'2011-09-28 13:51:30','2011-09-28 13:51:30',0),(90,'edit_supplies',NULL,'2011-09-28 13:51:30','2011-09-28 13:51:30',0),(91,'delete_supplies',NULL,'2011-09-28 13:51:30','2011-09-28 13:51:30',0),(92,'view_supplies',NULL,'2011-09-28 13:51:30','2011-09-28 13:51:30',0),(93,'create_supplies',NULL,'2011-09-28 13:51:30','2011-09-28 13:51:30',0),(95,'set_order_status',NULL,'2011-10-01 08:17:09','2011-10-01 08:17:09',0),(96,'view_side_supply',NULL,'2011-10-01 08:20:05','2011-10-01 08:20:05',0),(98,'view_all_guilds',NULL,'2011-10-01 08:31:14','2011-10-01 08:31:14',0),(99,'join_guilds',NULL,'2011-10-01 08:34:11','2011-10-01 08:34:11',0),(100,'create_stock',NULL,'2011-10-02 11:15:00','2011-10-02 11:15:00',0),(101,'delete_all_stock',NULL,'2011-10-06 12:40:04','2011-10-06 12:40:04',0),(102,'delete_all_supply',NULL,'2011-10-06 12:41:41','2011-10-06 12:41:41',0),(103,'process_print_jobs',NULL,'2011-10-10 14:21:02','2011-10-10 14:21:02',0),(104,'view_print_job_orders',NULL,'2011-10-10 14:22:44','2011-10-10 14:22:44',0);
/*!40000 ALTER TABLE `permission_groups` ENABLE KEYS */;
UNLOCK TABLES;

--
-- Table structure for table `permission_groups_users`
--

DROP TABLE IF EXISTS `permission_groups_users`;
/*!40101 SET @saved_cs_client     = @@character_set_client */;
/*!40101 SET character_set_client = utf8 */;
CREATE TABLE `permission_groups_users` (
  `permission_group_id` int(11) default NULL,
  `user_id` int(11) default NULL,
  `created_at` datetime default NULL,
  `updated_at` datetime default NULL
) ENGINE=InnoDB DEFAULT CHARSET=utf8 COLLATE=utf8_unicode_ci;
/*!40101 SET character_set_client = @saved_cs_client */;

--
-- Dumping data for table `permission_groups_users`
--

LOCK TABLES `permission_groups_users` WRITE;
/*!40000 ALTER TABLE `permission_groups_users` DISABLE KEYS */;
INSERT INTO `permission_groups_users` VALUES (1,1,NULL,NULL),(2,1,NULL,NULL),(3,1,NULL,NULL),(4,1,NULL,NULL),(5,1,NULL,NULL),(6,1,NULL,NULL),(7,1,NULL,NULL),(8,1,NULL,NULL),(9,1,NULL,NULL),(10,1,NULL,NULL),(11,1,NULL,NULL),(12,1,NULL,NULL),(13,1,NULL,NULL),(14,1,NULL,NULL),(15,1,NULL,NULL),(16,1,NULL,NULL),(17,1,NULL,NULL),(18,1,NULL,NULL),(19,1,NULL,NULL),(20,1,NULL,NULL),(21,1,NULL,NULL),(22,1,NULL,NULL),(23,1,NULL,NULL),(24,1,NULL,NULL),(25,1,NULL,NULL),(26,1,NULL,NULL),(27,1,NULL,NULL),(28,1,NULL,NULL),(29,1,NULL,NULL),(30,1,NULL,NULL),(31,1,NULL,NULL),(32,1,NULL,NULL),(33,1,NULL,NULL),(34,1,NULL,NULL),(35,1,NULL,NULL),(36,1,NULL,NULL),(37,1,NULL,NULL),(38,1,NULL,NULL),(39,1,NULL,NULL),(40,1,NULL,NULL),(41,1,NULL,NULL),(42,1,NULL,NULL),(43,1,NULL,NULL),(44,1,NULL,NULL),(45,1,NULL,NULL),(46,1,NULL,NULL),(47,1,NULL,NULL),(48,1,NULL,NULL),(49,1,NULL,NULL),(50,1,NULL,NULL),(51,1,NULL,NULL),(52,1,NULL,NULL),(53,1,NULL,NULL),(54,1,NULL,NULL),(55,1,NULL,NULL),(56,1,NULL,NULL),(57,1,NULL,NULL),(58,1,NULL,NULL),(59,1,NULL,NULL),(60,1,NULL,NULL),(61,1,NULL,NULL),(62,1,NULL,NULL),(63,1,NULL,NULL),(64,1,NULL,NULL),(65,1,NULL,NULL),(66,1,NULL,NULL),(67,1,NULL,NULL),(68,1,NULL,NULL),(69,1,NULL,NULL),(70,1,NULL,NULL),(71,1,NULL,NULL),(72,1,NULL,NULL),(73,1,NULL,NULL),(74,1,NULL,NULL),(75,1,NULL,NULL),(76,1,NULL,NULL),(77,1,NULL,NULL),(78,1,NULL,NULL),(79,1,NULL,NULL),(80,1,NULL,NULL),(81,1,NULL,NULL),(82,1,NULL,NULL),(83,1,NULL,NULL),(84,1,NULL,NULL),(85,1,NULL,NULL),(86,1,NULL,NULL),(87,1,NULL,NULL),(88,1,NULL,NULL),(89,1,NULL,NULL),(90,1,NULL,NULL),(91,1,NULL,NULL),(92,1,NULL,NULL),(93,1,NULL,NULL),(1,2,NULL,NULL),(2,2,NULL,NULL),(3,2,NULL,NULL),(4,2,NULL,NULL),(5,2,NULL,NULL),(6,2,NULL,NULL),(7,2,NULL,NULL),(8,2,NULL,NULL),(9,2,NULL,NULL),(10,2,NULL,NULL),(11,2,NULL,NULL),(12,2,NULL,NULL),(13,2,NULL,NULL),(14,2,NULL,NULL),(15,2,NULL,NULL),(16,2,NULL,NULL),(17,2,NULL,NULL),(18,2,NULL,NULL),(19,2,NULL,NULL),(20,2,NULL,NULL),(21,2,NULL,NULL),(22,2,NULL,NULL),(23,2,NULL,NULL),(24,2,NULL,NULL),(25,2,NULL,NULL),(26,2,NULL,NULL),(27,2,NULL,NULL),(28,2,NULL,NULL),(29,2,NULL,NULL),(30,2,NULL,NULL),(31,2,NULL,NULL),(32,2,NULL,NULL),(33,2,NULL,NULL),(34,2,NULL,NULL),(35,2,NULL,NULL),(36,2,NULL,NULL),(37,2,NULL,NULL),(38,2,NULL,NULL),(39,2,NULL,NULL),(40,2,NULL,NULL),(41,2,NULL,NULL),(42,2,NULL,NULL),(43,2,NULL,NULL),(44,2,NULL,NULL),(45,2,NULL,NULL),(46,2,NULL,NULL),(47,2,NULL,NULL),(48,2,NULL,NULL),(49,2,NULL,NULL),(50,2,NULL,NULL),(51,2,NULL,NULL),(52,2,NULL,NULL),(53,2,NULL,NULL),(54,2,NULL,NULL),(55,2,NULL,NULL),(56,2,NULL,NULL),(57,2,NULL,NULL),(58,2,NULL,NULL),(59,2,NULL,NULL),(60,2,NULL,NULL),(61,2,NULL,NULL),(62,2,NULL,NULL),(63,2,NULL,NULL),(64,2,NULL,NULL),(65,2,NULL,NULL),(66,2,NULL,NULL),(67,2,NULL,NULL),(68,2,NULL,NULL),(69,2,NULL,NULL),(70,2,NULL,NULL),(71,2,NULL,NULL),(72,2,NULL,NULL),(73,2,NULL,NULL),(74,2,NULL,NULL),(75,2,NULL,NULL),(76,2,NULL,NULL),(77,2,NULL,NULL),(78,2,NULL,NULL),(79,2,NULL,NULL),(80,2,NULL,NULL),(81,2,NULL,NULL),(82,2,NULL,NULL),(83,2,NULL,NULL),(84,2,NULL,NULL),(85,2,NULL,NULL),(86,2,NULL,NULL),(87,2,NULL,NULL),(88,2,NULL,NULL),(89,2,NULL,NULL),(90,2,NULL,NULL),(91,2,NULL,NULL),(92,2,NULL,NULL),(93,2,NULL,NULL),(1,3,NULL,NULL),(2,3,NULL,NULL),(3,3,NULL,NULL),(4,3,NULL,NULL),(5,3,NULL,NULL),(6,3,NULL,NULL),(7,3,NULL,NULL),(8,3,NULL,NULL),(9,3,NULL,NULL),(10,3,NULL,NULL),(11,3,NULL,NULL),(12,3,NULL,NULL),(13,3,NULL,NULL),(14,3,NULL,NULL),(15,3,NULL,NULL),(16,3,NULL,NULL),(17,3,NULL,NULL),(18,3,NULL,NULL),(19,3,NULL,NULL),(20,3,NULL,NULL),(21,3,NULL,NULL),(22,3,NULL,NULL),(23,3,NULL,NULL),(24,3,NULL,NULL),(25,3,NULL,NULL),(26,3,NULL,NULL),(27,3,NULL,NULL),(28,3,NULL,NULL),(29,3,NULL,NULL),(30,3,NULL,NULL),(31,3,NULL,NULL),(32,3,NULL,NULL),(33,3,NULL,NULL),(34,3,NULL,NULL),(35,3,NULL,NULL),(36,3,NULL,NULL),(37,3,NULL,NULL),(38,3,NULL,NULL),(39,3,NULL,NULL),(40,3,NULL,NULL),(41,3,NULL,NULL),(42,3,NULL,NULL),(43,3,NULL,NULL),(44,3,NULL,NULL),(45,3,NULL,NULL),(46,3,NULL,NULL),(47,3,NULL,NULL),(48,3,NULL,NULL),(49,3,NULL,NULL),(50,3,NULL,NULL),(51,3,NULL,NULL),(52,3,NULL,NULL),(53,3,NULL,NULL),(54,3,NULL,NULL),(55,3,NULL,NULL),(56,3,NULL,NULL),(57,3,NULL,NULL),(58,3,NULL,NULL),(59,3,NULL,NULL),(60,3,NULL,NULL),(61,3,NULL,NULL),(62,3,NULL,NULL),(63,3,NULL,NULL),(64,3,NULL,NULL),(65,3,NULL,NULL),(66,3,NULL,NULL),(67,3,NULL,NULL),(68,3,NULL,NULL),(69,3,NULL,NULL),(70,3,NULL,NULL),(71,3,NULL,NULL),(72,3,NULL,NULL),(73,3,NULL,NULL),(74,3,NULL,NULL),(75,3,NULL,NULL),(76,3,NULL,NULL),(77,3,NULL,NULL),(78,3,NULL,NULL),(79,3,NULL,NULL),(80,3,NULL,NULL),(81,3,NULL,NULL),(82,3,NULL,NULL),(83,3,NULL,NULL),(84,3,NULL,NULL),(85,3,NULL,NULL),(86,3,NULL,NULL),(87,3,NULL,NULL),(88,3,NULL,NULL),(89,3,NULL,NULL),(90,3,NULL,NULL),(91,3,NULL,NULL),(92,3,NULL,NULL),(93,3,NULL,NULL),(1,5,NULL,NULL),(2,5,NULL,NULL),(3,5,NULL,NULL),(4,5,NULL,NULL),(5,5,NULL,NULL),(6,5,NULL,NULL),(7,5,NULL,NULL),(8,5,NULL,NULL),(9,5,NULL,NULL),(10,5,NULL,NULL),(11,5,NULL,NULL),(12,5,NULL,NULL),(13,5,NULL,NULL),(14,5,NULL,NULL),(15,5,NULL,NULL),(16,5,NULL,NULL),(17,5,NULL,NULL),(18,5,NULL,NULL),(19,5,NULL,NULL),(20,5,NULL,NULL),(21,5,NULL,NULL),(22,5,NULL,NULL),(23,5,NULL,NULL),(24,5,NULL,NULL),(25,5,NULL,NULL),(26,5,NULL,NULL),(27,5,NULL,NULL),(28,5,NULL,NULL),(29,5,NULL,NULL),(30,5,NULL,NULL),(31,5,NULL,NULL),(32,5,NULL,NULL),(33,5,NULL,NULL),(34,5,NULL,NULL),(35,5,NULL,NULL),(36,5,NULL,NULL),(37,5,NULL,NULL),(38,5,NULL,NULL),(39,5,NULL,NULL),(40,5,NULL,NULL),(41,5,NULL,NULL),(42,5,NULL,NULL),(43,5,NULL,NULL),(44,5,NULL,NULL),(45,5,NULL,NULL),(46,5,NULL,NULL),(47,5,NULL,NULL),(48,5,NULL,NULL),(49,5,NULL,NULL),(50,5,NULL,NULL),(51,5,NULL,NULL),(52,5,NULL,NULL),(53,5,NULL,NULL),(54,5,NULL,NULL),(55,5,NULL,NULL),(56,5,NULL,NULL),(57,5,NULL,NULL),(58,5,NULL,NULL),(59,5,NULL,NULL),(60,5,NULL,NULL),(61,5,NULL,NULL),(62,5,NULL,NULL),(63,5,NULL,NULL),(64,5,NULL,NULL),(65,5,NULL,NULL),(66,5,NULL,NULL),(67,5,NULL,NULL),(68,5,NULL,NULL),(69,5,NULL,NULL),(70,5,NULL,NULL),(71,5,NULL,NULL),(72,5,NULL,NULL),(73,5,NULL,NULL),(74,5,NULL,NULL),(75,5,NULL,NULL),(76,5,NULL,NULL),(77,5,NULL,NULL),(78,5,NULL,NULL),(79,5,NULL,NULL),(80,5,NULL,NULL),(81,5,NULL,NULL),(82,5,NULL,NULL),(83,5,NULL,NULL),(84,5,NULL,NULL),(85,5,NULL,NULL),(86,5,NULL,NULL),(87,5,NULL,NULL),(88,5,NULL,NULL),(89,5,NULL,NULL),(90,5,NULL,NULL),(91,5,NULL,NULL),(92,5,NULL,NULL),(93,5,NULL,NULL),(50,9,NULL,NULL),(1,9,NULL,NULL),(2,9,NULL,NULL),(3,9,NULL,NULL),(4,9,NULL,NULL),(5,9,NULL,NULL),(6,9,NULL,NULL),(7,9,NULL,NULL),(8,9,NULL,NULL),(9,9,NULL,NULL),(10,9,NULL,NULL),(11,9,NULL,NULL),(14,9,NULL,NULL),(16,9,NULL,NULL),(17,9,NULL,NULL),(18,9,NULL,NULL),(19,9,NULL,NULL),(20,9,NULL,NULL),(21,9,NULL,NULL),(22,9,NULL,NULL),(23,9,NULL,NULL),(26,9,NULL,NULL),(28,9,NULL,NULL),(29,9,NULL,NULL),(30,9,NULL,NULL),(31,9,NULL,NULL),(34,9,NULL,NULL),(36,9,NULL,NULL),(37,9,NULL,NULL),(38,9,NULL,NULL),(39,9,NULL,NULL),(40,9,NULL,NULL),(41,9,NULL,NULL),(42,9,NULL,NULL),(43,9,NULL,NULL),(44,9,NULL,NULL),(45,9,NULL,NULL),(46,9,NULL,NULL),(47,9,NULL,NULL),(48,9,NULL,NULL),(49,9,NULL,NULL),(51,9,NULL,NULL),(52,9,NULL,NULL),(53,9,NULL,NULL),(54,9,NULL,NULL),(55,9,NULL,NULL),(56,9,NULL,NULL),(57,9,NULL,NULL),(58,9,NULL,NULL),(59,9,NULL,NULL),(60,9,NULL,NULL),(61,9,NULL,NULL),(62,9,NULL,NULL),(63,9,NULL,NULL),(64,9,NULL,NULL),(65,9,NULL,NULL),(70,9,NULL,NULL),(71,9,NULL,NULL),(72,9,NULL,NULL),(73,9,NULL,NULL),(74,9,NULL,NULL),(75,9,NULL,NULL),(76,9,NULL,NULL),(77,9,NULL,NULL),(78,9,NULL,NULL),(79,9,NULL,NULL),(80,9,NULL,NULL),(81,9,NULL,NULL),(82,9,NULL,NULL),(83,9,NULL,NULL),(84,9,NULL,NULL),(85,9,NULL,NULL),(86,9,NULL,NULL),(87,9,NULL,NULL),(88,9,NULL,NULL),(89,9,NULL,NULL),(90,9,NULL,NULL),(91,9,NULL,NULL),(92,9,NULL,NULL),(93,9,NULL,NULL),(1,20,NULL,NULL),(2,20,NULL,NULL),(3,20,NULL,NULL),(4,20,NULL,NULL),(5,20,NULL,NULL),(6,20,NULL,NULL),(7,20,NULL,NULL),(8,20,NULL,NULL),(9,20,NULL,NULL),(10,20,NULL,NULL),(11,20,NULL,NULL),(12,20,NULL,NULL),(13,20,NULL,NULL),(14,20,NULL,NULL),(15,20,NULL,NULL),(16,20,NULL,NULL),(17,20,NULL,NULL),(18,20,NULL,NULL),(19,20,NULL,NULL),(20,20,NULL,NULL),(21,20,NULL,NULL),(22,20,NULL,NULL),(23,20,NULL,NULL),(24,20,NULL,NULL),(25,20,NULL,NULL),(26,20,NULL,NULL),(27,20,NULL,NULL),(28,20,NULL,NULL),(29,20,NULL,NULL),(30,20,NULL,NULL),(31,20,NULL,NULL),(32,20,NULL,NULL),(33,20,NULL,NULL),(34,20,NULL,NULL),(35,20,NULL,NULL),(36,20,NULL,NULL),(37,20,NULL,NULL),(38,20,NULL,NULL),(39,20,NULL,NULL),(40,20,NULL,NULL),(41,20,NULL,NULL),(42,20,NULL,NULL),(43,20,NULL,NULL),(44,20,NULL,NULL),(45,20,NULL,NULL),(46,20,NULL,NULL),(47,20,NULL,NULL),(48,20,NULL,NULL),(49,20,NULL,NULL),(50,20,NULL,NULL),(51,20,NULL,NULL),(52,20,NULL,NULL),(53,20,NULL,NULL),(54,20,NULL,NULL),(55,20,NULL,NULL),(56,20,NULL,NULL),(57,20,NULL,NULL),(58,20,NULL,NULL),(59,20,NULL,NULL),(60,20,NULL,NULL),(61,20,NULL,NULL),(62,20,NULL,NULL),(63,20,NULL,NULL),(64,20,NULL,NULL),(65,20,NULL,NULL),(66,20,NULL,NULL),(67,20,NULL,NULL),(68,20,NULL,NULL),(69,20,NULL,NULL),(70,20,NULL,NULL),(71,20,NULL,NULL),(72,20,NULL,NULL),(73,20,NULL,NULL),(74,20,NULL,NULL),(75,20,NULL,NULL),(76,20,NULL,NULL),(77,20,NULL,NULL),(78,20,NULL,NULL),(79,20,NULL,NULL),(80,20,NULL,NULL),(81,20,NULL,NULL),(82,20,NULL,NULL),(83,20,NULL,NULL),(84,20,NULL,NULL),(85,20,NULL,NULL),(86,20,NULL,NULL),(87,20,NULL,NULL),(88,20,NULL,NULL),(89,20,NULL,NULL),(90,20,NULL,NULL),(91,20,NULL,NULL),(92,20,NULL,NULL),(93,20,NULL,NULL),(1,15,NULL,NULL),(2,15,NULL,NULL),(3,15,NULL,NULL),(4,15,NULL,NULL),(5,15,NULL,NULL),(6,15,NULL,NULL),(7,15,NULL,NULL),(8,15,NULL,NULL),(9,15,NULL,NULL),(10,15,NULL,NULL),(11,15,NULL,NULL),(14,15,NULL,NULL),(16,15,NULL,NULL),(17,15,NULL,NULL),(18,15,NULL,NULL),(19,15,NULL,NULL),(20,15,NULL,NULL),(21,15,NULL,NULL),(22,15,NULL,NULL),(23,15,NULL,NULL),(26,15,NULL,NULL),(28,15,NULL,NULL),(29,15,NULL,NULL),(30,15,NULL,NULL),(31,15,NULL,NULL),(34,15,NULL,NULL),(36,15,NULL,NULL),(37,15,NULL,NULL),(38,15,NULL,NULL),(39,15,NULL,NULL),(40,15,NULL,NULL),(41,15,NULL,NULL),(42,15,NULL,NULL),(43,15,NULL,NULL),(44,15,NULL,NULL),(45,15,NULL,NULL),(46,15,NULL,NULL),(47,15,NULL,NULL),(48,15,NULL,NULL),(49,15,NULL,NULL),(50,15,NULL,NULL),(51,15,NULL,NULL),(52,15,NULL,NULL),(53,15,NULL,NULL),(54,15,NULL,NULL),(55,15,NULL,NULL),(56,15,NULL,NULL),(57,15,NULL,NULL),(58,15,NULL,NULL),(59,15,NULL,NULL),(60,15,NULL,NULL),(61,15,NULL,NULL),(62,15,NULL,NULL),(63,15,NULL,NULL),(64,15,NULL,NULL),(65,15,NULL,NULL),(70,15,NULL,NULL),(71,15,NULL,NULL),(72,15,NULL,NULL),(73,15,NULL,NULL),(74,15,NULL,NULL),(75,15,NULL,NULL),(76,15,NULL,NULL),(77,15,NULL,NULL),(78,15,NULL,NULL),(79,15,NULL,NULL),(80,15,NULL,NULL),(81,15,NULL,NULL),(82,15,NULL,NULL),(83,15,NULL,NULL),(84,15,NULL,NULL),(85,15,NULL,NULL),(86,15,NULL,NULL),(87,15,NULL,NULL),(88,15,NULL,NULL),(89,15,NULL,NULL),(90,15,NULL,NULL),(91,15,NULL,NULL),(92,15,NULL,NULL),(93,15,NULL,NULL),(95,3,NULL,NULL),(96,3,NULL,NULL),(98,3,NULL,NULL),(99,3,NULL,NULL),(95,2,NULL,NULL),(96,2,NULL,NULL),(98,2,NULL,NULL),(99,2,NULL,NULL),(50,8,NULL,NULL),(1,8,NULL,NULL),(95,1,NULL,NULL),(96,1,NULL,NULL),(98,1,NULL,NULL),(99,1,NULL,NULL),(2,8,NULL,NULL),(3,8,NULL,NULL),(4,8,NULL,NULL),(5,8,NULL,NULL),(6,8,NULL,NULL),(7,8,NULL,NULL),(8,8,NULL,NULL),(9,8,NULL,NULL),(10,8,NULL,NULL),(11,8,NULL,NULL),(16,8,NULL,NULL),(17,8,NULL,NULL),(18,8,NULL,NULL),(19,8,NULL,NULL),(20,8,NULL,NULL),(21,8,NULL,NULL),(22,8,NULL,NULL),(23,8,NULL,NULL),(28,8,NULL,NULL),(29,8,NULL,NULL),(30,8,NULL,NULL),(31,8,NULL,NULL),(36,8,NULL,NULL),(37,8,NULL,NULL),(38,8,NULL,NULL),(39,8,NULL,NULL),(40,8,NULL,NULL),(41,8,NULL,NULL),(42,8,NULL,NULL),(43,8,NULL,NULL),(48,8,NULL,NULL),(49,8,NULL,NULL),(51,8,NULL,NULL),(52,8,NULL,NULL),(53,8,NULL,NULL),(54,8,NULL,NULL),(55,8,NULL,NULL),(56,8,NULL,NULL),(57,8,NULL,NULL),(58,8,NULL,NULL),(59,8,NULL,NULL),(60,8,NULL,NULL),(61,8,NULL,NULL),(62,8,NULL,NULL),(63,8,NULL,NULL),(64,8,NULL,NULL),(65,8,NULL,NULL),(70,8,NULL,NULL),(71,8,NULL,NULL),(72,8,NULL,NULL),(73,8,NULL,NULL),(74,8,NULL,NULL),(75,8,NULL,NULL),(76,8,NULL,NULL),(77,8,NULL,NULL),(78,8,NULL,NULL),(79,8,NULL,NULL),(80,8,NULL,NULL),(81,8,NULL,NULL),(82,8,NULL,NULL),(83,8,NULL,NULL),(84,8,NULL,NULL),(85,8,NULL,NULL),(86,8,NULL,NULL),(87,8,NULL,NULL),(88,8,NULL,NULL),(89,8,NULL,NULL),(90,8,NULL,NULL),(91,8,NULL,NULL),(92,8,NULL,NULL),(93,8,NULL,NULL),(95,8,NULL,NULL),(96,8,NULL,NULL),(98,8,NULL,NULL),(99,8,NULL,NULL),(44,8,NULL,NULL),(46,8,NULL,NULL),(1,33,NULL,NULL),(2,33,NULL,NULL),(3,33,NULL,NULL),(7,33,NULL,NULL),(8,33,NULL,NULL),(9,33,NULL,NULL),(10,33,NULL,NULL),(11,33,NULL,NULL),(16,33,NULL,NULL),(17,33,NULL,NULL),(18,33,NULL,NULL),(19,33,NULL,NULL),(20,33,NULL,NULL),(21,33,NULL,NULL),(22,33,NULL,NULL),(23,33,NULL,NULL),(34,33,NULL,NULL),(36,33,NULL,NULL),(38,33,NULL,NULL),(40,33,NULL,NULL),(41,33,NULL,NULL),(42,33,NULL,NULL),(43,33,NULL,NULL),(46,33,NULL,NULL),(48,33,NULL,NULL),(49,33,NULL,NULL),(50,33,NULL,NULL),(51,33,NULL,NULL),(52,33,NULL,NULL),(53,33,NULL,NULL),(56,33,NULL,NULL),(58,33,NULL,NULL),(59,33,NULL,NULL),(60,33,NULL,NULL),(61,33,NULL,NULL),(64,33,NULL,NULL),(70,33,NULL,NULL),(71,33,NULL,NULL),(72,33,NULL,NULL),(73,33,NULL,NULL),(74,33,NULL,NULL),(75,33,NULL,NULL),(76,33,NULL,NULL),(77,33,NULL,NULL),(78,33,NULL,NULL),(79,33,NULL,NULL),(80,33,NULL,NULL),(81,33,NULL,NULL),(84,33,NULL,NULL),(86,33,NULL,NULL),(87,33,NULL,NULL),(88,33,NULL,NULL),(89,33,NULL,NULL),(90,33,NULL,NULL),(91,33,NULL,NULL),(92,33,NULL,NULL),(93,33,NULL,NULL),(95,33,NULL,NULL),(96,33,NULL,NULL),(99,33,NULL,NULL),(5,33,NULL,NULL),(1,34,NULL,NULL),(2,34,NULL,NULL),(3,34,NULL,NULL),(4,34,NULL,NULL),(5,34,NULL,NULL),(6,34,NULL,NULL),(7,34,NULL,NULL),(8,34,NULL,NULL),(9,34,NULL,NULL),(10,34,NULL,NULL),(11,34,NULL,NULL),(14,34,NULL,NULL),(16,34,NULL,NULL),(17,34,NULL,NULL),(18,34,NULL,NULL),(19,34,NULL,NULL),(20,34,NULL,NULL),(21,34,NULL,NULL),(22,34,NULL,NULL),(23,34,NULL,NULL),(34,34,NULL,NULL),(36,34,NULL,NULL),(37,34,NULL,NULL),(38,34,NULL,NULL),(39,34,NULL,NULL),(40,34,NULL,NULL),(41,34,NULL,NULL),(42,34,NULL,NULL),(43,34,NULL,NULL),(44,34,NULL,NULL),(45,34,NULL,NULL),(46,34,NULL,NULL),(47,34,NULL,NULL),(48,34,NULL,NULL),(49,34,NULL,NULL),(50,34,NULL,NULL),(51,34,NULL,NULL),(52,34,NULL,NULL),(53,34,NULL,NULL),(54,34,NULL,NULL),(55,34,NULL,NULL),(56,34,NULL,NULL),(57,34,NULL,NULL),(58,34,NULL,NULL),(59,34,NULL,NULL),(60,34,NULL,NULL),(61,34,NULL,NULL),(62,34,NULL,NULL),(63,34,NULL,NULL),(64,34,NULL,NULL),(65,34,NULL,NULL),(66,34,NULL,NULL),(67,34,NULL,NULL),(68,34,NULL,NULL),(69,34,NULL,NULL),(70,34,NULL,NULL),(71,34,NULL,NULL),(72,34,NULL,NULL),(73,34,NULL,NULL),(74,34,NULL,NULL),(75,34,NULL,NULL),(76,34,NULL,NULL),(77,34,NULL,NULL),(78,34,NULL,NULL),(79,34,NULL,NULL),(80,34,NULL,NULL),(81,34,NULL,NULL),(82,34,NULL,NULL),(83,34,NULL,NULL),(84,34,NULL,NULL),(85,34,NULL,NULL),(86,34,NULL,NULL),(87,34,NULL,NULL),(88,34,NULL,NULL),(89,34,NULL,NULL),(90,34,NULL,NULL),(91,34,NULL,NULL),(92,34,NULL,NULL),(93,34,NULL,NULL),(95,34,NULL,NULL),(96,34,NULL,NULL),(98,34,NULL,NULL),(99,34,NULL,NULL),(26,34,NULL,NULL),(28,34,NULL,NULL),(29,34,NULL,NULL),(30,34,NULL,NULL),(31,34,NULL,NULL),(1,36,NULL,NULL),(2,36,NULL,NULL),(3,36,NULL,NULL),(4,36,NULL,NULL),(5,36,NULL,NULL),(6,36,NULL,NULL),(7,36,NULL,NULL),(8,36,NULL,NULL),(9,36,NULL,NULL),(10,36,NULL,NULL),(11,36,NULL,NULL),(12,36,NULL,NULL),(13,36,NULL,NULL),(14,36,NULL,NULL),(15,36,NULL,NULL),(16,36,NULL,NULL),(17,36,NULL,NULL),(18,36,NULL,NULL),(19,36,NULL,NULL),(20,36,NULL,NULL),(21,36,NULL,NULL),(22,36,NULL,NULL),(23,36,NULL,NULL),(24,36,NULL,NULL),(25,36,NULL,NULL),(26,36,NULL,NULL),(27,36,NULL,NULL),(28,36,NULL,NULL),(29,36,NULL,NULL),(30,36,NULL,NULL),(31,36,NULL,NULL),(32,36,NULL,NULL),(33,36,NULL,NULL),(34,36,NULL,NULL),(35,36,NULL,NULL),(36,36,NULL,NULL),(37,36,NULL,NULL),(38,36,NULL,NULL),(39,36,NULL,NULL),(40,36,NULL,NULL),(41,36,NULL,NULL),(42,36,NULL,NULL),(43,36,NULL,NULL),(44,36,NULL,NULL),(45,36,NULL,NULL),(46,36,NULL,NULL),(47,36,NULL,NULL),(48,36,NULL,NULL),(49,36,NULL,NULL),(50,36,NULL,NULL),(51,36,NULL,NULL),(52,36,NULL,NULL),(53,36,NULL,NULL),(54,36,NULL,NULL),(55,36,NULL,NULL),(56,36,NULL,NULL),(57,36,NULL,NULL),(58,36,NULL,NULL),(59,36,NULL,NULL),(60,36,NULL,NULL),(61,36,NULL,NULL),(62,36,NULL,NULL),(63,36,NULL,NULL),(64,36,NULL,NULL),(65,36,NULL,NULL),(66,36,NULL,NULL),(67,36,NULL,NULL),(68,36,NULL,NULL),(69,36,NULL,NULL),(70,36,NULL,NULL),(71,36,NULL,NULL),(72,36,NULL,NULL),(73,36,NULL,NULL),(74,36,NULL,NULL),(75,36,NULL,NULL),(76,36,NULL,NULL),(77,36,NULL,NULL),(78,36,NULL,NULL),(79,36,NULL,NULL),(80,36,NULL,NULL),(81,36,NULL,NULL),(82,36,NULL,NULL),(83,36,NULL,NULL),(84,36,NULL,NULL),(85,36,NULL,NULL),(86,36,NULL,NULL),(87,36,NULL,NULL),(88,36,NULL,NULL),(89,36,NULL,NULL),(90,36,NULL,NULL),(91,36,NULL,NULL),(92,36,NULL,NULL),(93,36,NULL,NULL),(95,36,NULL,NULL),(96,36,NULL,NULL),(98,36,NULL,NULL),(99,36,NULL,NULL),(100,1,NULL,NULL),(100,3,NULL,NULL),(100,34,NULL,NULL),(100,7,NULL,NULL),(1,7,NULL,NULL),(2,7,NULL,NULL),(3,7,NULL,NULL),(7,7,NULL,NULL),(8,7,NULL,NULL),(9,7,NULL,NULL),(11,7,NULL,NULL),(10,7,NULL,NULL),(16,7,NULL,NULL),(17,7,NULL,NULL),(18,7,NULL,NULL),(19,7,NULL,NULL),(20,7,NULL,NULL),(21,7,NULL,NULL),(22,7,NULL,NULL),(23,7,NULL,NULL),(34,7,NULL,NULL),(36,7,NULL,NULL),(37,7,NULL,NULL),(38,7,NULL,NULL),(40,7,NULL,NULL),(41,7,NULL,NULL),(42,7,NULL,NULL),(43,7,NULL,NULL),(46,7,NULL,NULL),(48,7,NULL,NULL),(49,7,NULL,NULL),(50,7,NULL,NULL),(51,7,NULL,NULL),(52,7,NULL,NULL),(53,7,NULL,NULL),(56,7,NULL,NULL),(58,7,NULL,NULL),(59,7,NULL,NULL),(60,7,NULL,NULL),(61,7,NULL,NULL),(62,7,NULL,NULL),(63,7,NULL,NULL),(64,7,NULL,NULL),(70,7,NULL,NULL),(71,7,NULL,NULL),(72,7,NULL,NULL),(73,7,NULL,NULL),(74,7,NULL,NULL),(75,7,NULL,NULL),(76,7,NULL,NULL),(77,7,NULL,NULL),(78,7,NULL,NULL),(79,7,NULL,NULL),(80,7,NULL,NULL),(81,7,NULL,NULL),(84,7,NULL,NULL),(86,7,NULL,NULL),(87,7,NULL,NULL),(88,7,NULL,NULL),(89,7,NULL,NULL),(90,7,NULL,NULL),(91,7,NULL,NULL),(93,7,NULL,NULL),(92,7,NULL,NULL),(95,7,NULL,NULL),(96,7,NULL,NULL),(99,7,NULL,NULL),(100,9,NULL,NULL),(95,9,NULL,NULL),(96,9,NULL,NULL),(98,9,NULL,NULL),(99,9,NULL,NULL),(100,14,NULL,NULL),(1,14,NULL,NULL),(2,14,NULL,NULL),(3,14,NULL,NULL),(7,14,NULL,NULL),(8,14,NULL,NULL),(9,14,NULL,NULL),(11,14,NULL,NULL),(10,14,NULL,NULL),(16,14,NULL,NULL),(17,14,NULL,NULL),(18,14,NULL,NULL),(19,14,NULL,NULL),(20,14,NULL,NULL),(21,14,NULL,NULL),(22,14,NULL,NULL),(23,14,NULL,NULL),(34,14,NULL,NULL),(36,14,NULL,NULL),(37,14,NULL,NULL),(38,14,NULL,NULL),(40,14,NULL,NULL),(41,14,NULL,NULL),(42,14,NULL,NULL),(43,14,NULL,NULL),(46,14,NULL,NULL),(48,14,NULL,NULL),(49,14,NULL,NULL),(50,14,NULL,NULL),(51,14,NULL,NULL),(52,14,NULL,NULL),(53,14,NULL,NULL),(56,14,NULL,NULL),(58,14,NULL,NULL),(59,14,NULL,NULL),(60,14,NULL,NULL),(61,14,NULL,NULL),(62,14,NULL,NULL),(63,14,NULL,NULL),(64,14,NULL,NULL),(70,14,NULL,NULL),(71,14,NULL,NULL),(72,14,NULL,NULL),(73,14,NULL,NULL),(74,14,NULL,NULL),(75,14,NULL,NULL),(76,14,NULL,NULL),(77,14,NULL,NULL),(78,14,NULL,NULL),(79,14,NULL,NULL),(80,14,NULL,NULL),(81,14,NULL,NULL),(84,14,NULL,NULL),(86,14,NULL,NULL),(87,14,NULL,NULL),(88,14,NULL,NULL),(89,14,NULL,NULL),(90,14,NULL,NULL),(91,14,NULL,NULL),(93,14,NULL,NULL),(92,14,NULL,NULL),(95,14,NULL,NULL),(96,14,NULL,NULL),(99,14,NULL,NULL),(100,2,NULL,NULL),(95,5,NULL,NULL),(96,5,NULL,NULL),(98,5,NULL,NULL),(99,5,NULL,NULL),(100,5,NULL,NULL),(100,10,NULL,NULL),(1,10,NULL,NULL),(2,10,NULL,NULL),(3,10,NULL,NULL),(7,10,NULL,NULL),(8,10,NULL,NULL),(9,10,NULL,NULL),(11,10,NULL,NULL),(10,10,NULL,NULL),(16,10,NULL,NULL),(17,10,NULL,NULL),(18,10,NULL,NULL),(19,10,NULL,NULL),(20,10,NULL,NULL),(21,10,NULL,NULL),(22,10,NULL,NULL),(23,10,NULL,NULL),(34,10,NULL,NULL),(36,10,NULL,NULL),(37,10,NULL,NULL),(38,10,NULL,NULL),(40,10,NULL,NULL),(41,10,NULL,NULL),(42,10,NULL,NULL),(43,10,NULL,NULL),(46,10,NULL,NULL),(48,10,NULL,NULL),(49,10,NULL,NULL),(50,10,NULL,NULL),(51,10,NULL,NULL),(52,10,NULL,NULL),(53,10,NULL,NULL),(56,10,NULL,NULL),(58,10,NULL,NULL),(59,10,NULL,NULL),(60,10,NULL,NULL),(61,10,NULL,NULL),(62,10,NULL,NULL),(63,10,NULL,NULL),(64,10,NULL,NULL),(70,10,NULL,NULL),(71,10,NULL,NULL),(72,10,NULL,NULL),(73,10,NULL,NULL),(74,10,NULL,NULL),(75,10,NULL,NULL),(76,10,NULL,NULL),(77,10,NULL,NULL),(78,10,NULL,NULL),(79,10,NULL,NULL),(80,10,NULL,NULL),(81,10,NULL,NULL),(84,10,NULL,NULL),(86,10,NULL,NULL),(87,10,NULL,NULL),(88,10,NULL,NULL),(89,10,NULL,NULL),(90,10,NULL,NULL),(91,10,NULL,NULL),(93,10,NULL,NULL),(92,10,NULL,NULL),(95,10,NULL,NULL),(96,10,NULL,NULL),(99,10,NULL,NULL),(100,66,NULL,NULL),(1,66,NULL,NULL),(2,66,NULL,NULL),(3,66,NULL,NULL),(7,66,NULL,NULL),(8,66,NULL,NULL),(9,66,NULL,NULL),(11,66,NULL,NULL),(10,66,NULL,NULL),(16,66,NULL,NULL),(17,66,NULL,NULL),(18,66,NULL,NULL),(19,66,NULL,NULL),(20,66,NULL,NULL),(21,66,NULL,NULL),(22,66,NULL,NULL),(23,66,NULL,NULL),(34,66,NULL,NULL),(36,66,NULL,NULL),(37,66,NULL,NULL),(38,66,NULL,NULL),(40,66,NULL,NULL),(41,66,NULL,NULL),(42,66,NULL,NULL),(43,66,NULL,NULL),(46,66,NULL,NULL),(48,66,NULL,NULL),(49,66,NULL,NULL),(50,66,NULL,NULL),(51,66,NULL,NULL),(52,66,NULL,NULL),(53,66,NULL,NULL),(56,66,NULL,NULL),(58,66,NULL,NULL),(59,66,NULL,NULL),(60,66,NULL,NULL),(61,66,NULL,NULL),(62,66,NULL,NULL),(63,66,NULL,NULL),(64,66,NULL,NULL),(70,66,NULL,NULL),(71,66,NULL,NULL),(72,66,NULL,NULL),(73,66,NULL,NULL),(74,66,NULL,NULL),(75,66,NULL,NULL),(76,66,NULL,NULL),(77,66,NULL,NULL),(78,66,NULL,NULL),(79,66,NULL,NULL),(80,66,NULL,NULL),(81,66,NULL,NULL),(84,66,NULL,NULL),(86,66,NULL,NULL),(87,66,NULL,NULL),(88,66,NULL,NULL),(89,66,NULL,NULL),(90,66,NULL,NULL),(91,66,NULL,NULL),(93,66,NULL,NULL),(92,66,NULL,NULL),(95,66,NULL,NULL),(96,66,NULL,NULL),(99,66,NULL,NULL),(100,32,NULL,NULL),(1,32,NULL,NULL),(2,32,NULL,NULL),(3,32,NULL,NULL),(7,32,NULL,NULL),(8,32,NULL,NULL),(9,32,NULL,NULL),(11,32,NULL,NULL),(10,32,NULL,NULL),(16,32,NULL,NULL),(17,32,NULL,NULL),(18,32,NULL,NULL),(19,32,NULL,NULL),(20,32,NULL,NULL),(21,32,NULL,NULL),(22,32,NULL,NULL),(23,32,NULL,NULL),(34,32,NULL,NULL),(36,32,NULL,NULL),(37,32,NULL,NULL),(38,32,NULL,NULL),(40,32,NULL,NULL),(41,32,NULL,NULL),(42,32,NULL,NULL),(43,32,NULL,NULL),(46,32,NULL,NULL),(48,32,NULL,NULL),(49,32,NULL,NULL),(50,32,NULL,NULL),(51,32,NULL,NULL),(52,32,NULL,NULL),(53,32,NULL,NULL),(56,32,NULL,NULL),(58,32,NULL,NULL),(59,32,NULL,NULL),(60,32,NULL,NULL),(61,32,NULL,NULL),(62,32,NULL,NULL),(63,32,NULL,NULL),(64,32,NULL,NULL),(70,32,NULL,NULL),(71,32,NULL,NULL),(72,32,NULL,NULL),(73,32,NULL,NULL),(74,32,NULL,NULL),(75,32,NULL,NULL),(76,32,NULL,NULL),(77,32,NULL,NULL),(78,32,NULL,NULL),(79,32,NULL,NULL),(80,32,NULL,NULL),(81,32,NULL,NULL),(84,32,NULL,NULL),(86,32,NULL,NULL),(87,32,NULL,NULL),(88,32,NULL,NULL),(89,32,NULL,NULL),(90,32,NULL,NULL),(91,32,NULL,NULL),(93,32,NULL,NULL),(92,32,NULL,NULL),(95,32,NULL,NULL),(96,32,NULL,NULL),(99,32,NULL,NULL),(4,32,NULL,NULL),(5,32,NULL,NULL),(6,32,NULL,NULL),(14,32,NULL,NULL),(39,32,NULL,NULL),(44,32,NULL,NULL),(45,32,NULL,NULL),(47,32,NULL,NULL),(54,32,NULL,NULL),(55,32,NULL,NULL),(57,32,NULL,NULL),(65,32,NULL,NULL),(82,32,NULL,NULL),(83,32,NULL,NULL),(85,32,NULL,NULL),(98,32,NULL,NULL),(26,32,NULL,NULL),(28,32,NULL,NULL),(29,32,NULL,NULL),(30,32,NULL,NULL),(31,32,NULL,NULL),(100,101,NULL,NULL),(1,101,NULL,NULL),(2,101,NULL,NULL),(3,101,NULL,NULL),(7,101,NULL,NULL),(8,101,NULL,NULL),(9,101,NULL,NULL),(11,101,NULL,NULL),(10,101,NULL,NULL),(16,101,NULL,NULL),(17,101,NULL,NULL),(18,101,NULL,NULL),(19,101,NULL,NULL),(20,101,NULL,NULL),(21,101,NULL,NULL),(22,101,NULL,NULL),(23,101,NULL,NULL),(34,101,NULL,NULL),(36,101,NULL,NULL),(37,101,NULL,NULL),(38,101,NULL,NULL),(40,101,NULL,NULL),(41,101,NULL,NULL),(42,101,NULL,NULL),(43,101,NULL,NULL),(46,101,NULL,NULL),(48,101,NULL,NULL),(49,101,NULL,NULL),(50,101,NULL,NULL),(51,101,NULL,NULL),(52,101,NULL,NULL),(53,101,NULL,NULL),(56,101,NULL,NULL),(58,101,NULL,NULL),(59,101,NULL,NULL),(60,101,NULL,NULL),(61,101,NULL,NULL),(62,101,NULL,NULL),(63,101,NULL,NULL),(64,101,NULL,NULL),(70,101,NULL,NULL),(71,101,NULL,NULL),(72,101,NULL,NULL),(73,101,NULL,NULL),(74,101,NULL,NULL),(75,101,NULL,NULL),(76,101,NULL,NULL),(77,101,NULL,NULL),(78,101,NULL,NULL),(79,101,NULL,NULL),(80,101,NULL,NULL),(81,101,NULL,NULL),(84,101,NULL,NULL),(86,101,NULL,NULL),(87,101,NULL,NULL),(88,101,NULL,NULL),(89,101,NULL,NULL),(90,101,NULL,NULL),(91,101,NULL,NULL),(93,101,NULL,NULL),(92,101,NULL,NULL),(95,101,NULL,NULL),(96,101,NULL,NULL),(99,101,NULL,NULL),(100,100,NULL,NULL),(1,100,NULL,NULL),(2,100,NULL,NULL),(3,100,NULL,NULL),(7,100,NULL,NULL),(8,100,NULL,NULL),(9,100,NULL,NULL),(11,100,NULL,NULL),(10,100,NULL,NULL),(16,100,NULL,NULL),(17,100,NULL,NULL),(18,100,NULL,NULL),(19,100,NULL,NULL),(20,100,NULL,NULL),(21,100,NULL,NULL),(22,100,NULL,NULL),(23,100,NULL,NULL),(34,100,NULL,NULL),(36,100,NULL,NULL),(37,100,NULL,NULL),(38,100,NULL,NULL),(40,100,NULL,NULL),(41,100,NULL,NULL),(42,100,NULL,NULL),(43,100,NULL,NULL),(46,100,NULL,NULL),(48,100,NULL,NULL),(49,100,NULL,NULL),(50,100,NULL,NULL),(51,100,NULL,NULL),(52,100,NULL,NULL),(53,100,NULL,NULL),(56,100,NULL,NULL),(58,100,NULL,NULL),(59,100,NULL,NULL),(60,100,NULL,NULL),(61,100,NULL,NULL),(62,100,NULL,NULL),(63,100,NULL,NULL),(64,100,NULL,NULL),(70,100,NULL,NULL),(71,100,NULL,NULL),(72,100,NULL,NULL),(73,100,NULL,NULL),(74,100,NULL,NULL),(75,100,NULL,NULL),(76,100,NULL,NULL),(77,100,NULL,NULL),(78,100,NULL,NULL),(79,100,NULL,NULL),(80,100,NULL,NULL),(81,100,NULL,NULL),(84,100,NULL,NULL),(86,100,NULL,NULL),(87,100,NULL,NULL),(88,100,NULL,NULL),(89,100,NULL,NULL),(90,100,NULL,NULL),(91,100,NULL,NULL),(93,100,NULL,NULL),(92,100,NULL,NULL),(95,100,NULL,NULL),(96,100,NULL,NULL),(99,100,NULL,NULL),(100,98,NULL,NULL),(1,98,NULL,NULL),(2,98,NULL,NULL),(3,98,NULL,NULL),(7,98,NULL,NULL),(8,98,NULL,NULL),(9,98,NULL,NULL),(11,98,NULL,NULL),(10,98,NULL,NULL),(16,98,NULL,NULL),(17,98,NULL,NULL),(18,98,NULL,NULL),(19,98,NULL,NULL),(20,98,NULL,NULL),(21,98,NULL,NULL),(22,98,NULL,NULL),(23,98,NULL,NULL),(34,98,NULL,NULL),(36,98,NULL,NULL),(37,98,NULL,NULL),(38,98,NULL,NULL),(40,98,NULL,NULL),(41,98,NULL,NULL),(42,98,NULL,NULL),(43,98,NULL,NULL),(46,98,NULL,NULL),(48,98,NULL,NULL),(49,98,NULL,NULL),(50,98,NULL,NULL),(51,98,NULL,NULL),(52,98,NULL,NULL),(53,98,NULL,NULL),(56,98,NULL,NULL),(58,98,NULL,NULL),(59,98,NULL,NULL),(60,98,NULL,NULL),(61,98,NULL,NULL),(62,98,NULL,NULL),(63,98,NULL,NULL),(64,98,NULL,NULL),(70,98,NULL,NULL),(71,98,NULL,NULL),(72,98,NULL,NULL),(73,98,NULL,NULL),(74,98,NULL,NULL),(75,98,NULL,NULL),(76,98,NULL,NULL),(77,98,NULL,NULL),(78,98,NULL,NULL),(79,98,NULL,NULL),(80,98,NULL,NULL),(81,98,NULL,NULL),(84,98,NULL,NULL),(86,98,NULL,NULL),(87,98,NULL,NULL),(88,98,NULL,NULL),(89,98,NULL,NULL),(90,98,NULL,NULL),(91,98,NULL,NULL),(93,98,NULL,NULL),(92,98,NULL,NULL),(95,98,NULL,NULL),(96,98,NULL,NULL),(99,98,NULL,NULL),(100,99,NULL,NULL),(1,99,NULL,NULL),(2,99,NULL,NULL),(3,99,NULL,NULL),(7,99,NULL,NULL),(8,99,NULL,NULL),(9,99,NULL,NULL),(11,99,NULL,NULL),(10,99,NULL,NULL),(16,99,NULL,NULL),(17,99,NULL,NULL),(18,99,NULL,NULL),(19,99,NULL,NULL),(20,99,NULL,NULL),(21,99,NULL,NULL),(22,99,NULL,NULL),(23,99,NULL,NULL),(34,99,NULL,NULL),(36,99,NULL,NULL),(37,99,NULL,NULL),(38,99,NULL,NULL),(40,99,NULL,NULL),(41,99,NULL,NULL),(42,99,NULL,NULL),(43,99,NULL,NULL),(46,99,NULL,NULL),(48,99,NULL,NULL),(49,99,NULL,NULL),(50,99,NULL,NULL),(51,99,NULL,NULL),(52,99,NULL,NULL),(53,99,NULL,NULL),(56,99,NULL,NULL),(58,99,NULL,NULL),(59,99,NULL,NULL),(60,99,NULL,NULL),(61,99,NULL,NULL),(62,99,NULL,NULL),(63,99,NULL,NULL),(64,99,NULL,NULL),(70,99,NULL,NULL),(71,99,NULL,NULL),(72,99,NULL,NULL),(73,99,NULL,NULL),(74,99,NULL,NULL),(75,99,NULL,NULL),(76,99,NULL,NULL),(77,99,NULL,NULL),(78,99,NULL,NULL),(79,99,NULL,NULL),(80,99,NULL,NULL),(81,99,NULL,NULL),(84,99,NULL,NULL),(86,99,NULL,NULL),(87,99,NULL,NULL),(88,99,NULL,NULL),(89,99,NULL,NULL),(90,99,NULL,NULL),(91,99,NULL,NULL),(93,99,NULL,NULL),(92,99,NULL,NULL),(95,99,NULL,NULL),(96,99,NULL,NULL),(99,99,NULL,NULL),(1,105,NULL,NULL),(7,105,NULL,NULL),(9,105,NULL,NULL),(11,105,NULL,NULL),(18,105,NULL,NULL),(20,105,NULL,NULL),(22,105,NULL,NULL),(23,105,NULL,NULL),(34,105,NULL,NULL),(38,105,NULL,NULL),(40,105,NULL,NULL),(41,105,NULL,NULL),(42,105,NULL,NULL),(43,105,NULL,NULL),(46,105,NULL,NULL),(48,105,NULL,NULL),(49,105,NULL,NULL),(50,105,NULL,NULL),(51,105,NULL,NULL),(53,105,NULL,NULL),(56,105,NULL,NULL),(60,105,NULL,NULL),(64,105,NULL,NULL),(70,105,NULL,NULL),(71,105,NULL,NULL),(72,105,NULL,NULL),(73,105,NULL,NULL),(74,105,NULL,NULL),(75,105,NULL,NULL),(76,105,NULL,NULL),(77,105,NULL,NULL),(78,105,NULL,NULL),(79,105,NULL,NULL),(80,105,NULL,NULL),(81,105,NULL,NULL),(84,105,NULL,NULL),(86,105,NULL,NULL),(87,105,NULL,NULL),(88,105,NULL,NULL),(89,105,NULL,NULL),(92,105,NULL,NULL),(95,105,NULL,NULL),(96,105,NULL,NULL),(99,105,NULL,NULL),(100,104,NULL,NULL),(1,104,NULL,NULL),(2,104,NULL,NULL),(3,104,NULL,NULL),(7,104,NULL,NULL),(8,104,NULL,NULL),(9,104,NULL,NULL),(11,104,NULL,NULL),(10,104,NULL,NULL),(16,104,NULL,NULL),(17,104,NULL,NULL),(18,104,NULL,NULL),(19,104,NULL,NULL),(20,104,NULL,NULL),(21,104,NULL,NULL),(22,104,NULL,NULL),(23,104,NULL,NULL),(34,104,NULL,NULL),(36,104,NULL,NULL),(37,104,NULL,NULL),(38,104,NULL,NULL),(40,104,NULL,NULL),(41,104,NULL,NULL),(42,104,NULL,NULL),(43,104,NULL,NULL),(46,104,NULL,NULL),(48,104,NULL,NULL),(49,104,NULL,NULL),(50,104,NULL,NULL),(51,104,NULL,NULL),(52,104,NULL,NULL),(53,104,NULL,NULL),(56,104,NULL,NULL),(58,104,NULL,NULL),(59,104,NULL,NULL),(60,104,NULL,NULL),(61,104,NULL,NULL),(62,104,NULL,NULL),(63,104,NULL,NULL),(64,104,NULL,NULL),(70,104,NULL,NULL),(71,104,NULL,NULL),(72,104,NULL,NULL),(73,104,NULL,NULL),(74,104,NULL,NULL),(75,104,NULL,NULL),(76,104,NULL,NULL),(77,104,NULL,NULL),(78,104,NULL,NULL),(79,104,NULL,NULL),(80,104,NULL,NULL),(81,104,NULL,NULL),(84,104,NULL,NULL),(86,104,NULL,NULL),(87,104,NULL,NULL),(88,104,NULL,NULL),(89,104,NULL,NULL),(90,104,NULL,NULL),(91,104,NULL,NULL),(93,104,NULL,NULL),(92,104,NULL,NULL),(95,104,NULL,NULL),(96,104,NULL,NULL),(99,104,NULL,NULL),(100,15,NULL,NULL),(95,15,NULL,NULL),(96,15,NULL,NULL),(98,15,NULL,NULL),(99,15,NULL,NULL),(12,15,NULL,NULL),(13,15,NULL,NULL),(15,15,NULL,NULL),(24,15,NULL,NULL),(25,15,NULL,NULL),(27,15,NULL,NULL),(100,121,NULL,NULL),(1,121,NULL,NULL),(2,121,NULL,NULL),(3,121,NULL,NULL),(7,121,NULL,NULL),(8,121,NULL,NULL),(9,121,NULL,NULL),(11,121,NULL,NULL),(10,121,NULL,NULL),(16,121,NULL,NULL),(17,121,NULL,NULL),(18,121,NULL,NULL),(19,121,NULL,NULL),(20,121,NULL,NULL),(21,121,NULL,NULL),(22,121,NULL,NULL),(23,121,NULL,NULL),(34,121,NULL,NULL),(36,121,NULL,NULL),(37,121,NULL,NULL),(38,121,NULL,NULL),(40,121,NULL,NULL),(41,121,NULL,NULL),(42,121,NULL,NULL),(43,121,NULL,NULL),(46,121,NULL,NULL),(48,121,NULL,NULL),(49,121,NULL,NULL),(50,121,NULL,NULL),(51,121,NULL,NULL),(52,121,NULL,NULL),(53,121,NULL,NULL),(56,121,NULL,NULL),(58,121,NULL,NULL),(59,121,NULL,NULL),(60,121,NULL,NULL),(61,121,NULL,NULL),(62,121,NULL,NULL),(63,121,NULL,NULL),(64,121,NULL,NULL),(70,121,NULL,NULL),(71,121,NULL,NULL),(72,121,NULL,NULL),(73,121,NULL,NULL),(74,121,NULL,NULL),(75,121,NULL,NULL),(76,121,NULL,NULL),(77,121,NULL,NULL),(78,121,NULL,NULL),(79,121,NULL,NULL),(80,121,NULL,NULL),(81,121,NULL,NULL),(84,121,NULL,NULL),(86,121,NULL,NULL),(87,121,NULL,NULL),(88,121,NULL,NULL),(89,121,NULL,NULL),(90,121,NULL,NULL),(91,121,NULL,NULL),(93,121,NULL,NULL),(92,121,NULL,NULL),(95,121,NULL,NULL),(96,121,NULL,NULL),(99,121,NULL,NULL),(100,16,NULL,NULL),(1,16,NULL,NULL),(2,16,NULL,NULL),(3,16,NULL,NULL),(7,16,NULL,NULL),(8,16,NULL,NULL),(9,16,NULL,NULL),(11,16,NULL,NULL),(10,16,NULL,NULL),(16,16,NULL,NULL),(17,16,NULL,NULL),(18,16,NULL,NULL),(19,16,NULL,NULL),(20,16,NULL,NULL),(21,16,NULL,NULL),(22,16,NULL,NULL),(23,16,NULL,NULL),(34,16,NULL,NULL),(36,16,NULL,NULL),(37,16,NULL,NULL),(38,16,NULL,NULL),(40,16,NULL,NULL),(41,16,NULL,NULL),(42,16,NULL,NULL),(43,16,NULL,NULL),(46,16,NULL,NULL),(48,16,NULL,NULL),(49,16,NULL,NULL),(50,16,NULL,NULL),(51,16,NULL,NULL),(52,16,NULL,NULL),(53,16,NULL,NULL),(56,16,NULL,NULL),(58,16,NULL,NULL),(59,16,NULL,NULL),(60,16,NULL,NULL),(61,16,NULL,NULL),(62,16,NULL,NULL),(63,16,NULL,NULL),(64,16,NULL,NULL),(70,16,NULL,NULL),(71,16,NULL,NULL),(72,16,NULL,NULL),(73,16,NULL,NULL),(74,16,NULL,NULL),(75,16,NULL,NULL),(76,16,NULL,NULL),(77,16,NULL,NULL),(78,16,NULL,NULL),(79,16,NULL,NULL),(80,16,NULL,NULL),(81,16,NULL,NULL),(84,16,NULL,NULL),(86,16,NULL,NULL),(87,16,NULL,NULL),(88,16,NULL,NULL),(89,16,NULL,NULL),(90,16,NULL,NULL),(91,16,NULL,NULL),(93,16,NULL,NULL),(92,16,NULL,NULL),(95,16,NULL,NULL),(96,16,NULL,NULL),(99,16,NULL,NULL),(100,189,NULL,NULL),(1,189,NULL,NULL),(2,189,NULL,NULL),(3,189,NULL,NULL),(7,189,NULL,NULL),(8,189,NULL,NULL),(9,189,NULL,NULL),(11,189,NULL,NULL),(10,189,NULL,NULL),(16,189,NULL,NULL),(17,189,NULL,NULL),(18,189,NULL,NULL),(19,189,NULL,NULL),(20,189,NULL,NULL),(21,189,NULL,NULL),(22,189,NULL,NULL),(23,189,NULL,NULL),(34,189,NULL,NULL),(36,189,NULL,NULL),(37,189,NULL,NULL),(38,189,NULL,NULL),(40,189,NULL,NULL),(41,189,NULL,NULL),(42,189,NULL,NULL),(43,189,NULL,NULL),(46,189,NULL,NULL),(48,189,NULL,NULL),(49,189,NULL,NULL),(50,189,NULL,NULL),(51,189,NULL,NULL),(52,189,NULL,NULL),(53,189,NULL,NULL),(56,189,NULL,NULL),(58,189,NULL,NULL),(59,189,NULL,NULL),(60,189,NULL,NULL),(61,189,NULL,NULL),(62,189,NULL,NULL),(63,189,NULL,NULL),(64,189,NULL,NULL),(70,189,NULL,NULL),(71,189,NULL,NULL),(72,189,NULL,NULL),(73,189,NULL,NULL),(74,189,NULL,NULL),(75,189,NULL,NULL),(76,189,NULL,NULL),(77,189,NULL,NULL),(78,189,NULL,NULL),(79,189,NULL,NULL),(80,189,NULL,NULL),(81,189,NULL,NULL),(84,189,NULL,NULL),(86,189,NULL,NULL),(87,189,NULL,NULL),(88,189,NULL,NULL),(89,189,NULL,NULL),(90,189,NULL,NULL),(91,189,NULL,NULL),(93,189,NULL,NULL),(92,189,NULL,NULL),(95,189,NULL,NULL),(96,189,NULL,NULL),(99,189,NULL,NULL),(101,3,NULL,NULL),(102,3,NULL,NULL),(101,2,NULL,NULL),(102,2,NULL,NULL),(58,105,NULL,NULL),(2,105,NULL,NULL),(6,105,NULL,NULL),(7,344,NULL,NULL),(8,344,NULL,NULL),(104,344,NULL,NULL),(103,3,NULL,NULL),(104,3,NULL,NULL),(101,5,NULL,NULL),(102,5,NULL,NULL),(103,5,NULL,NULL),(104,5,NULL,NULL);
/*!40000 ALTER TABLE `permission_groups_users` ENABLE KEYS */;
UNLOCK TABLES;

--
-- Table structure for table `price_sets`
--

DROP TABLE IF EXISTS `price_sets`;
/*!40101 SET @saved_cs_client     = @@character_set_client */;
/*!40101 SET character_set_client = utf8 */;
CREATE TABLE `price_sets` (
  `id` int(11) NOT NULL auto_increment,
  `printer_id` int(11) default NULL,
  `name` varchar(255) collate utf8_unicode_ci default NULL,
  `created_at` datetime default NULL,
  `updated_at` datetime default NULL,
  `deleted` tinyint(1) default '0',
  PRIMARY KEY  (`id`)
) ENGINE=InnoDB AUTO_INCREMENT=18 DEFAULT CHARSET=utf8 COLLATE=utf8_unicode_ci;
/*!40101 SET character_set_client = @saved_cs_client */;

--
-- Dumping data for table `price_sets`
--

LOCK TABLES `price_sets` WRITE;
/*!40000 ALTER TABLE `price_sets` DISABLE KEYS */;
INSERT INTO `price_sets` VALUES (1,1,'Standaard','2011-09-28 16:17:06','2011-09-28 16:17:06',0);
/*!40000 ALTER TABLE `price_sets` ENABLE KEYS */;
UNLOCK TABLES;

--
-- Table structure for table `prices`
--

DROP TABLE IF EXISTS `prices`;
/*!40101 SET @saved_cs_client     = @@character_set_client */;
/*!40101 SET character_set_client = utf8 */;
CREATE TABLE `prices` (
  `id` int(11) NOT NULL auto_increment,
  `price_set_id` int(11) default NULL,
  `amount` float default NULL,
  `created_at` datetime default NULL,
  `updated_at` datetime default NULL,
  `option_id` int(11) default NULL,
  `typee` varchar(255) collate utf8_unicode_ci default NULL,
  `deleted` tinyint(1) default '0',
  PRIMARY KEY  (`id`)
) ENGINE=InnoDB AUTO_INCREMENT=26 DEFAULT CHARSET=utf8 COLLATE=utf8_unicode_ci;
/*!40101 SET character_set_client = @saved_cs_client */;

--
-- Dumping data for table `prices`
--

LOCK TABLES `prices` WRITE;
/*!40000 ALTER TABLE `prices` DISABLE KEYS */;
INSERT INTO `prices` VALUES (18,1,0.0175,'2011-09-28 16:17:28','2011-09-28 16:17:28',11,'per_page',0),(19,1,0.0175,'2011-09-28 16:17:38','2011-09-28 16:17:38',13,'per_page',0),(20,1,0.15,'2011-09-28 16:18:13','2011-09-28 16:18:13',12,'per_page',0),(21,1,0.15,'2011-09-28 16:18:22','2011-09-28 16:18:22',14,'per_page',0),(22,1,0.8,'2011-09-28 16:18:58','2011-09-28 16:18:58',16,'once',0),(23,1,1,'2011-09-28 16:19:07','2011-09-28 16:19:07',15,'once',0),(24,1,1,'2011-09-28 16:19:15','2011-09-28 16:19:15',17,'once',0),(25,1,1,'2011-09-28 16:19:27','2011-09-28 16:19:27',18,'once',0);
/*!40000 ALTER TABLE `prices` ENABLE KEYS */;
UNLOCK TABLES;

--
-- Table structure for table `print_job_items`
--

DROP TABLE IF EXISTS `print_job_items`;
/*!40101 SET @saved_cs_client     = @@character_set_client */;
/*!40101 SET character_set_client = utf8 */;
CREATE TABLE `print_job_items` (
  `id` int(11) NOT NULL auto_increment,
  `print_job_id` int(11) default NULL,
  `material_id` int(11) default NULL,
  `amount` int(11) default NULL,
  `created_at` datetime default NULL,
  `updated_at` datetime default NULL,
  `deleted` tinyint(1) default '0',
  PRIMARY KEY  (`id`)
) ENGINE=InnoDB AUTO_INCREMENT=3 DEFAULT CHARSET=utf8 COLLATE=utf8_unicode_ci;
/*!40101 SET character_set_client = @saved_cs_client */;

--
-- Dumping data for table `print_job_items`
--

LOCK TABLES `print_job_items` WRITE;
/*!40000 ALTER TABLE `print_job_items` DISABLE KEYS */;
/*!40000 ALTER TABLE `print_job_items` ENABLE KEYS */;
UNLOCK TABLES;

--
-- Table structure for table `print_jobs`
--

DROP TABLE IF EXISTS `print_jobs`;
/*!40101 SET @saved_cs_client     = @@character_set_client */;
/*!40101 SET character_set_client = utf8 */;
CREATE TABLE `print_jobs` (
  `id` int(11) NOT NULL auto_increment,
  `status` varchar(255) collate utf8_unicode_ci default NULL,
  `created_at` datetime default NULL,
  `updated_at` datetime default NULL,
  `deleted` tinyint(1) default '0',
  PRIMARY KEY  (`id`)
) ENGINE=InnoDB AUTO_INCREMENT=5 DEFAULT CHARSET=utf8 COLLATE=utf8_unicode_ci;
/*!40101 SET character_set_client = @saved_cs_client */;

--
-- Dumping data for table `print_jobs`
--

LOCK TABLES `print_jobs` WRITE;
/*!40000 ALTER TABLE `print_jobs` DISABLE KEYS */;
INSERT INTO `print_jobs` VALUES (1,'ordered','2011-09-28 20:14:24','2011-09-28 20:14:24',0),(2,'ordered','2011-09-29 09:47:09','2011-09-29 09:47:09',0),(3,'ordered','2011-09-30 19:02:34','2011-09-30 19:02:34',0),(4,NULL,'2011-10-10 12:33:48','2011-10-10 12:33:48',0);
/*!40000 ALTER TABLE `print_jobs` ENABLE KEYS */;
UNLOCK TABLES;

--
-- Table structure for table `printers`
--

DROP TABLE IF EXISTS `printers`;
/*!40101 SET @saved_cs_client     = @@character_set_client */;
/*!40101 SET character_set_client = utf8 */;
CREATE TABLE `printers` (
  `id` int(11) NOT NULL auto_increment,
  `name` varchar(255) collate utf8_unicode_ci default NULL,
  `created_at` datetime default NULL,
  `updated_at` datetime default NULL,
  `deleted` tinyint(1) default '0',
  PRIMARY KEY  (`id`)
) ENGINE=InnoDB AUTO_INCREMENT=2 DEFAULT CHARSET=utf8 COLLATE=utf8_unicode_ci;
/*!40101 SET character_set_client = @saved_cs_client */;

--
-- Dumping data for table `printers`
--

LOCK TABLES `printers` WRITE;
/*!40000 ALTER TABLE `printers` DISABLE KEYS */;
INSERT INTO `printers` VALUES (1,'Prima Copy','2011-09-28 14:38:19','2011-09-28 14:38:19',0);
/*!40000 ALTER TABLE `printers` ENABLE KEYS */;
UNLOCK TABLES;

--
-- Table structure for table `ratings`
--

DROP TABLE IF EXISTS `ratings`;
/*!40101 SET @saved_cs_client     = @@character_set_client */;
/*!40101 SET character_set_client = utf8 */;
CREATE TABLE `ratings` (
  `id` int(11) NOT NULL auto_increment,
  `score` int(11) default NULL,
  `message` varchar(255) collate utf8_unicode_ci default NULL,
  `user_id` int(11) default NULL,
  `rateable_id` int(11) default NULL,
  `rateable_type` varchar(255) collate utf8_unicode_ci default NULL,
  `created_at` datetime default NULL,
  `updated_at` datetime default NULL,
  `deleted` tinyint(1) default '0',
  PRIMARY KEY  (`id`)
) ENGINE=InnoDB DEFAULT CHARSET=utf8 COLLATE=utf8_unicode_ci;
/*!40101 SET character_set_client = @saved_cs_client */;

--
-- Dumping data for table `ratings`
--

LOCK TABLES `ratings` WRITE;
/*!40000 ALTER TABLE `ratings` DISABLE KEYS */;
/*!40000 ALTER TABLE `ratings` ENABLE KEYS */;
UNLOCK TABLES;

--
-- Table structure for table `sales`
--

DROP TABLE IF EXISTS `sales`;
/*!40101 SET @saved_cs_client     = @@character_set_client */;
/*!40101 SET character_set_client = utf8 */;
CREATE TABLE `sales` (
  `id` int(11) NOT NULL auto_increment,
  `user_id` int(11) default NULL,
  `material_id` int(11) default NULL,
  `status` int(11) default NULL,
  `reference_key` int(11) default NULL,
  `created_at` datetime default NULL,
  `updated_at` datetime default NULL,
  `deleted` tinyint(1) default '0',
  PRIMARY KEY  (`id`)
) ENGINE=InnoDB DEFAULT CHARSET=utf8 COLLATE=utf8_unicode_ci;
/*!40101 SET character_set_client = @saved_cs_client */;

--
-- Dumping data for table `sales`
--

LOCK TABLES `sales` WRITE;
/*!40000 ALTER TABLE `sales` DISABLE KEYS */;
/*!40000 ALTER TABLE `sales` ENABLE KEYS */;
UNLOCK TABLES;

--
-- Table structure for table `schema_migrations`
--

DROP TABLE IF EXISTS `schema_migrations`;
/*!40101 SET @saved_cs_client     = @@character_set_client */;
/*!40101 SET character_set_client = utf8 */;
CREATE TABLE `schema_migrations` (
  `version` varchar(255) collate utf8_unicode_ci NOT NULL,
  UNIQUE KEY `unique_schema_migrations` (`version`)
) ENGINE=InnoDB DEFAULT CHARSET=utf8 COLLATE=utf8_unicode_ci;
/*!40101 SET character_set_client = @saved_cs_client */;

--
-- Dumping data for table `schema_migrations`
--

LOCK TABLES `schema_migrations` WRITE;
/*!40000 ALTER TABLE `schema_migrations` DISABLE KEYS */;
INSERT INTO `schema_migrations` VALUES ('20110824110709'),('20110825100827'),('20110825152829'),('20110829094105'),('20110829134806'),('20110830120958'),('20110830140642'),('20110830143845'),('20110831130957'),('20110831134227'),('20110831161640'),('20110901132709'),('20110901133944'),('20110905141932'),('20110906110449'),('20110913130732'),('20110914124736'),('20110914184151'),('20110915162216'),('20110916134946'),('20110916142919'),('20110916162051'),('20110916162218'),('20110916162341'),('20110920115801'),('20110920124836'),('20110920134212'),('20110920134214'),('20110922004140'),('20110923121507'),('20110926144302'),('20110926144356'),('20110927113641'),('20110930100530'),('20110930194312'),('20111002084048'),('20111002084144'),('20111002095653'),('20111004183233'),('20111005144010');
/*!40000 ALTER TABLE `schema_migrations` ENABLE KEYS */;
UNLOCK TABLES;

--
-- Table structure for table `shopping_cart_items`
--

DROP TABLE IF EXISTS `shopping_cart_items`;
/*!40101 SET @saved_cs_client     = @@character_set_client */;
/*!40101 SET character_set_client = utf8 */;
CREATE TABLE `shopping_cart_items` (
  `id` int(11) NOT NULL auto_increment,
  `user_id` int(11) default NULL,
  `material_id` int(11) default NULL,
  `amount` int(11) default NULL,
  `created_at` datetime default NULL,
  `updated_at` datetime default NULL,
  `guild_id` int(11) default NULL,
  `deleted` tinyint(1) default '0',
  PRIMARY KEY  (`id`)
) ENGINE=InnoDB AUTO_INCREMENT=478 DEFAULT CHARSET=utf8 COLLATE=utf8_unicode_ci;
/*!40101 SET character_set_client = @saved_cs_client */;

--
-- Dumping data for table `shopping_cart_items`
--

LOCK TABLES `shopping_cart_items` WRITE;
/*!40000 ALTER TABLE `shopping_cart_items` DISABLE KEYS */;
INSERT INTO `shopping_cart_items` VALUES (18,15,2,1,'2011-10-02 11:23:39','2011-10-02 11:23:48',5,0),(21,41,55,1,'2011-10-03 06:16:44','2011-10-03 06:16:44',8,0),(22,42,55,1,'2011-10-03 06:20:43','2011-10-03 06:20:43',8,0),(24,47,57,1,'2011-10-03 07:23:33','2011-10-03 07:23:33',8,0),(25,50,30,1,'2011-10-03 08:05:07','2011-10-03 08:06:14',5,0),(62,15,23,4,'2011-10-03 12:51:46','2011-10-03 12:54:24',3,0),(66,9,63,2,'2011-10-03 12:57:09','2011-10-03 12:57:40',3,0),(67,9,39,2,'2011-10-03 12:57:31','2011-10-03 12:57:38',3,0),(68,9,71,1,'2011-10-03 12:57:42','2011-10-03 12:57:42',3,0),(70,100,35,1,'2011-10-03 14:13:42','2011-10-03 14:13:42',6,0),(85,153,58,1,'2011-10-04 12:23:08','2011-10-04 12:23:08',8,0),(93,168,70,1,'2011-10-04 16:46:54','2011-10-04 16:46:54',3,0),(98,190,66,1,'2011-10-05 01:16:04','2011-10-05 01:16:04',1,0),(102,50,27,1,'2011-10-05 08:29:35','2011-10-05 08:29:35',5,0),(103,50,45,1,'2011-10-05 08:29:43','2011-10-05 08:29:43',5,0),(114,26,27,1,'2011-10-05 14:36:55','2011-10-05 14:36:55',5,0),(164,240,122,1,'2011-10-06 09:57:24','2011-10-06 09:57:24',1,0),(165,240,121,1,'2011-10-06 09:57:25','2011-10-06 09:57:25',1,0),(166,240,120,1,'2011-10-06 09:57:26','2011-10-06 09:57:26',1,0),(167,240,119,1,'2011-10-06 09:57:27','2011-10-06 09:57:27',1,0),(170,39,121,1,'2011-10-06 10:45:12','2011-10-06 10:45:12',1,0),(171,39,122,1,'2011-10-06 10:45:14','2011-10-06 10:45:14',1,0),(172,39,120,1,'2011-10-06 10:45:18','2011-10-06 10:45:18',1,0),(173,39,119,1,'2011-10-06 10:45:19','2011-10-06 10:45:19',1,0),(174,39,66,1,'2011-10-06 10:45:42','2011-10-06 10:45:42',1,0),(175,39,67,1,'2011-10-06 10:45:43','2011-10-06 10:45:43',1,0),(223,253,67,1,'2011-10-06 12:52:03','2011-10-06 12:52:03',1,0),(240,261,70,1,'2011-10-06 16:00:49','2011-10-06 16:00:49',3,0),(242,131,27,1,'2011-10-06 16:04:33','2011-10-06 16:04:33',5,0),(243,262,66,1,'2011-10-06 16:05:35','2011-10-06 16:05:35',1,0),(257,201,119,1,'2011-10-06 22:13:19','2011-10-06 22:13:19',1,0),(258,201,120,1,'2011-10-06 22:13:21','2011-10-06 22:13:21',1,0),(259,201,121,1,'2011-10-06 22:13:23','2011-10-06 22:13:23',1,0),(260,201,122,1,'2011-10-06 22:13:24','2011-10-06 22:13:24',1,0),(261,201,66,1,'2011-10-06 22:13:40','2011-10-06 22:13:40',1,0),(318,306,67,1,'2011-10-08 20:29:08','2011-10-08 20:29:08',1,0),(351,106,57,1,'2011-10-09 16:48:46','2011-10-11 11:58:50',8,0),(353,23,134,1,'2011-10-09 17:10:55','2011-10-09 17:10:55',5,0),(354,23,33,1,'2011-10-09 17:11:32','2011-10-09 17:11:32',5,0),(357,322,30,1,'2011-10-09 19:43:02','2011-10-09 19:43:02',5,0),(358,322,134,1,'2011-10-09 19:43:10','2011-10-09 19:43:10',5,0),(361,282,23,1,'2011-10-09 23:54:14','2011-10-09 23:54:14',5,0),(401,385,58,1,'2011-10-10 14:19:29','2011-10-10 14:19:29',8,0),(406,394,115,2,'2011-10-10 16:16:32','2011-10-10 16:16:38',7,0),(408,175,119,1,'2011-10-10 16:29:27','2011-10-10 16:29:27',1,0),(409,175,120,1,'2011-10-10 16:29:31','2011-10-10 16:29:31',1,0),(410,175,121,1,'2011-10-10 16:29:33','2011-10-10 16:29:33',1,0),(411,175,122,1,'2011-10-10 16:29:34','2011-10-10 16:29:34',1,0),(412,397,27,1,'2011-10-10 16:43:14','2011-10-10 16:43:14',5,0),(413,397,30,1,'2011-10-10 16:43:20','2011-10-10 16:43:20',5,0),(414,397,140,1,'2011-10-10 16:43:45','2011-10-10 16:43:45',5,0),(417,268,121,1,'2011-10-10 17:06:36','2011-10-10 17:06:55',1,0),(418,400,84,1,'2011-10-10 17:06:58','2011-10-10 17:12:59',7,0),(419,399,57,1,'2011-10-10 17:07:11','2011-10-10 17:07:11',8,0),(420,400,118,1,'2011-10-10 17:07:15','2011-10-10 17:13:01',7,0),(421,400,117,1,'2011-10-10 17:07:18','2011-10-10 17:13:03',7,0),(422,403,57,1,'2011-10-10 17:28:23','2011-10-10 17:29:17',8,0),(423,193,158,1,'2011-10-10 17:42:47','2011-10-10 17:42:47',4,0),(424,193,153,1,'2011-10-10 17:45:48','2011-10-10 17:45:48',4,0),(425,110,155,1,'2011-10-10 17:57:54','2011-10-10 17:57:54',4,0),(427,110,160,1,'2011-10-10 17:58:31','2011-10-10 17:58:31',4,0),(428,412,74,1,'2011-10-10 19:02:46','2011-10-10 19:02:46',7,0),(429,72,149,1,'2011-10-10 19:32:18','2011-10-10 19:32:18',4,0),(430,416,57,1,'2011-10-10 20:22:30','2011-10-10 20:22:30',8,0),(431,419,57,1,'2011-10-10 21:01:12','2011-10-10 21:08:06',8,0),(433,109,140,1,'2011-10-10 21:14:27','2011-10-10 21:15:39',5,0),(434,420,45,1,'2011-10-11 07:21:57','2011-10-11 07:21:57',5,0),(437,115,121,1,'2011-10-11 08:13:19','2011-10-11 08:16:19',1,0),(441,420,33,1,'2011-10-11 08:22:19','2011-10-11 08:22:19',5,0),(443,421,57,1,'2011-10-11 09:03:34','2011-10-11 11:33:46',8,0),(444,422,58,1,'2011-10-11 09:10:04','2011-10-11 09:11:59',8,0),(445,423,57,1,'2011-10-11 09:15:04','2011-10-11 09:15:38',8,0),(446,424,119,1,'2011-10-11 09:23:04','2011-10-11 09:23:04',1,0),(447,424,120,1,'2011-10-11 09:23:10','2011-10-11 09:23:10',1,0),(448,424,121,1,'2011-10-11 09:23:13','2011-10-11 09:23:13',1,0),(449,424,122,1,'2011-10-11 09:23:14','2011-10-11 09:23:14',1,0),(450,424,66,1,'2011-10-11 09:23:23','2011-10-11 09:23:23',1,0),(451,136,121,1,'2011-10-11 09:29:32','2011-10-11 09:29:32',1,0),(452,136,120,1,'2011-10-11 09:29:35','2011-10-11 09:29:35',1,0),(453,136,119,1,'2011-10-11 09:29:37','2011-10-11 09:29:37',1,0),(454,136,122,1,'2011-10-11 09:29:39','2011-10-11 09:29:55',1,0),(455,208,65,1,'2011-10-11 09:46:33','2011-10-11 09:46:33',1,0),(456,208,66,1,'2011-10-11 09:46:58','2011-10-11 09:46:58',1,0),(457,208,121,1,'2011-10-11 09:48:05','2011-10-11 09:48:05',1,0),(459,208,120,1,'2011-10-11 09:48:08','2011-10-11 09:48:08',1,0),(460,208,122,1,'2011-10-11 09:48:09','2011-10-11 09:48:09',1,0),(462,429,57,1,'2011-10-11 10:35:16','2011-10-11 10:35:16',8,0),(463,180,122,1,'2011-10-11 11:29:46','2011-10-11 11:29:46',1,0),(464,434,23,1,'2011-10-11 11:38:25','2011-10-11 11:38:25',5,0),(465,434,124,1,'2011-10-11 11:38:38','2011-10-11 11:38:38',5,0),(468,438,128,1,'2011-10-11 13:37:05','2011-10-11 13:37:05',4,0),(471,5,22,1,'2011-10-11 13:42:26','2011-10-11 13:42:26',9,0);
/*!40000 ALTER TABLE `shopping_cart_items` ENABLE KEYS */;
UNLOCK TABLES;

--
-- Table structure for table `stocks`
--

DROP TABLE IF EXISTS `stocks`;
/*!40101 SET @saved_cs_client     = @@character_set_client */;
/*!40101 SET character_set_client = utf8 */;
CREATE TABLE `stocks` (
  `id` int(11) NOT NULL auto_increment,
  `material_id` int(11) default NULL,
  `guild_id` int(11) default NULL,
  `amount` int(11) default NULL,
  `threshold` int(11) default NULL,
  `step` int(11) default NULL,
  `typee` varchar(255) collate utf8_unicode_ci default NULL,
  `floating` int(11) default NULL,
  `floating_period` int(11) default NULL,
  `created_at` datetime default NULL,
  `updated_at` datetime default NULL,
  `deleted` tinyint(1) default '0',
  PRIMARY KEY  (`id`)
) ENGINE=InnoDB AUTO_INCREMENT=3 DEFAULT CHARSET=utf8 COLLATE=utf8_unicode_ci;
/*!40101 SET character_set_client = @saved_cs_client */;

--
-- Dumping data for table `stocks`
--

LOCK TABLES `stocks` WRITE;
/*!40000 ALTER TABLE `stocks` DISABLE KEYS */;
INSERT INTO `stocks` VALUES (2,55,8,35,NULL,NULL,NULL,2,NULL,'2011-10-03 09:08:48','2011-10-03 10:42:20',0);
/*!40000 ALTER TABLE `stocks` ENABLE KEYS */;
UNLOCK TABLES;

--
-- Table structure for table `subjects`
--

DROP TABLE IF EXISTS `subjects`;
/*!40101 SET @saved_cs_client     = @@character_set_client */;
/*!40101 SET character_set_client = utf8 */;
CREATE TABLE `subjects` (
  `id` int(11) NOT NULL auto_increment,
  `name` varchar(255) collate utf8_unicode_ci default NULL,
  `year` int(11) default NULL,
  `year_type` varchar(255) collate utf8_unicode_ci default NULL,
  `created_at` datetime default NULL,
  `updated_at` datetime default NULL,
  `prof` varchar(255) collate utf8_unicode_ci default NULL,
  `deleted` tinyint(1) default '0',
  PRIMARY KEY  (`id`)
) ENGINE=InnoDB AUTO_INCREMENT=150 DEFAULT CHARSET=utf8 COLLATE=utf8_unicode_ci;
/*!40101 SET character_set_client = @saved_cs_client */;

--
-- Dumping data for table `subjects`
--

LOCK TABLES `subjects` WRITE;
/*!40000 ALTER TABLE `subjects` DISABLE KEYS */;
INSERT INTO `subjects` VALUES (1,'Algoritmen en datastructuren 1 ',1,'Bachelor','2011-09-28 14:18:01','2011-10-05 21:31:18','De Meuter Wolfgang',0),(2,'Politicologie',1,'Bachelor','2011-09-28 14:21:32','2011-10-07 15:05:09','C.Deschouwer',0),(3,'Sociologie: Een inleiding',1,'Bachelor','2011-09-28 16:37:29','2011-10-01 12:57:58','Elchardus',0),(6,'politieke geschiedenis van België',1,'Bachelor','2011-09-30 10:40:16','2011-10-01 19:45:25','De Metsenaere M.',0),(7,'historische inleiding tot het recht',1,'Bachelor','2011-09-30 10:42:42','2011-09-30 10:42:42','De Ruysscher D.',0),(8,'Bronnen en beginselen van het recht',1,'Bachelor','2011-09-30 10:45:31','2011-09-30 10:45:31','Wirtgen A.',0),(9,'Inleiding tot het fiscaal recht',2,'Bachelor','2011-09-30 10:50:26','2011-10-02 23:11:35','Maus M.',0),(11,'Hoe maak ik een nieuwe cursus aan?',1,'Bachelor','2011-10-01 10:54:13','2011-10-01 10:54:13','Sergeant',0),(12,'Geschiedenis van het Politieke denken',2,'Bachelor','2011-10-01 11:11:17','2011-10-02 16:40:19','B.Coppieters',0),(13,'Theorie van de inernationale betrekkingen',3,'Bachelor','2011-10-01 11:48:35','2011-10-01 11:48:35','Geeraerts G',0),(14,'De grote stromingen in de wijsbegeerte van de oudheid tot heden',1,'Bachelor','2011-10-02 12:40:46','2011-10-02 15:37:05','E.Walravens',0),(15,'Algemeen Boekhouden',1,'Bachelor','2011-10-02 12:45:42','2011-10-08 14:01:54','J. Branson',0),(16,'Sociologie',1,'Bachelor','2011-10-02 12:53:57','2011-10-07 15:09:58','M. Elchardus',0),(17,'Geschiedenis van het dagelijks leven',1,'Bachelor','2011-10-02 13:25:10','2011-10-02 16:15:11','P. Van den Eeckhout',0),(18,'Inleiding tot het recht',1,'Bachelor','2011-10-02 13:30:38','2011-10-02 21:28:22','M. De Jonckheere',0),(19,'Ondernemingsrecht',1,'Bachelor','2011-10-02 13:44:38','2011-10-02 18:57:55','H. Geinger',0),(20,'Bedrijfsfinanciering',2,'Bachelor','2011-10-02 13:56:21','2011-10-02 13:56:21','Diane Breesch',0),(21,'Overheidsfinanciën',3,'Bachelor','2011-10-02 15:45:46','2011-10-02 15:45:46','J.Vuchelen',0),(22,'Managementpsychologie',1,'Master','2011-10-02 15:46:18','2011-10-02 15:46:18','R. Pepermans',0),(23,'Macro-economie',2,'Bachelor','2011-10-02 15:58:44','2011-10-02 15:58:44','W. Meeusen',0),(24,'Sociale Wetgeving',3,'Bachelor','2011-10-02 16:04:38','2011-10-02 16:04:38','W. Rauws',0),(25,'Handouts Cognitieve Psychologie 1',2,'Bachelor','2011-10-02 16:05:56','2011-10-02 16:05:56','E. Soetens',0),(26,'Management',2,'Bachelor','2011-10-02 16:07:06','2011-10-02 16:07:06','E. Haezendonck',0),(27,'Maatschappijgeschiedenis van de Nieuwe Tijd',1,'Bachelor','2011-10-02 16:08:51','2011-10-02 16:08:51','Anne Winter',0),(28,'Agologie in Hoofdzaken',3,'Bachelor','2011-10-02 16:14:42','2011-10-02 16:14:42','A.L.T. Notten',0),(29,'Theorie van de Internationale Betrekkingen',3,'Bachelor','2011-10-02 16:19:01','2011-10-02 16:19:01','G.Geeraerts',0),(30,'Handouts Cognitieve Psychologie 2',3,'Bachelor','2011-10-02 16:19:07','2011-10-02 16:19:07','E. Soetens',0),(31,'Management',2,'Bachelor','2011-10-02 16:23:32','2011-10-02 16:23:32','E. Haezendonck',0),(32,'Handouts Cognitieve Psychologie 2',3,'Bachelor','2011-10-02 16:25:03','2011-10-02 16:25:03','E. Soetens',0),(33,'Politieke structuren en processen van de EU',2,'Bachelor','2011-10-02 16:30:12','2011-10-07 13:47:35','Y. Devuyst',0),(34,'Maatschappijgeschiedenis van de Middeleeuwen',1,'Bachelor','2011-10-02 16:35:53','2011-10-02 16:35:53','Georges Declerq',0),(35,'Monetaire Economie',3,'Bachelor','2011-10-02 16:39:07','2011-10-02 16:39:07','L.Van Hove',0),(36,'Arbeidsverhoudingen',2,'Bachelor','2011-10-02 16:39:37','2011-10-02 16:39:37','J. Vilrokx',0),(37,'Bestuurswetenschappen : instellingen en beleid',2,'Bachelor','2011-10-02 16:51:10','2011-10-07 17:05:02','H. Matthijs',0),(38,'Staatsrecht',2,'Bachelor','2011-10-02 20:39:12','2011-10-02 20:39:12','L. Veny',0),(39,'Geschiedenis van de buitenlandse betrekkingen',2,'Bachelor','2011-10-02 20:49:49','2011-10-02 20:49:49','Decaan ES',0),(40,'Politieke structuren van de Europese landen',3,'Bachelor','2011-10-02 22:17:34','2011-10-02 22:17:34','P.Stouthuysen',0),(41,'Sociaal-wetenschappelijke theorieën en stromingen',2,'Bachelor','2011-10-02 22:32:21','2011-10-02 22:32:21','I. Glorieux',0),(42,'Cultuursociologie',3,'Bachelor','2011-10-02 22:41:41','2011-10-02 22:41:41','M.Elchardus',0),(44,'Boekhoud- en jaarrekeningenrecht',3,'Bachelor','2011-10-02 22:44:22','2011-10-02 22:44:22','Delanote M.',0),(45,'Verbintenissenrecht',2,'Bachelor','2011-10-02 22:45:42','2011-10-02 22:45:42','Cornelis L.',0),(46,'Sociologie van sociale gelijkheid en ongelijkheid',3,'Bachelor','2011-10-02 23:00:23','2011-10-02 23:00:23','I. Glorieux',0),(47,'Actuele welzijnsproblemen',1,'Master','2011-10-02 23:24:47','2011-10-02 23:24:47','F. Louckx',0),(48,'Bedrijfsfinanciering',2,'Bachelor','2011-10-02 23:32:35','2011-10-02 23:32:35','D. Breesh',0),(49,'Reader Cultuurfilosofie',1,'Master','2011-10-03 07:32:49','2011-10-03 07:32:49','W. Elias',0),(50,'Sociale en Historische Inleiding tot de Agogische Wetenschappen',1,'Bachelor','2011-10-03 08:15:41','2011-10-03 08:15:41','A.L.T. Notten',0),(51,'Samenvatting Sociale Psychologie 2',3,'Bachelor','2011-10-03 08:25:44','2011-10-03 08:25:44','F. Van Overwalle',0),(53,'Sociologie 1',1,'Bachelor','2011-10-03 08:44:32','2011-10-03 08:44:32','Elchardus',0),(56,'Sociologie 1',1,'Bachelor','2011-10-03 09:01:33','2011-10-03 09:01:33','Elchardus',0),(57,'Kwalitatieve onderzoeksmethoden',2,'Bachelor','2011-10-03 09:19:22','2011-10-03 09:19:22','Pierson',0),(58,'Beleidsanalyse',3,'Bachelor','2011-10-03 09:23:33','2011-10-03 09:23:33','Van Audenhove',0),(59,'Politieke problemen betreffende de hedendaagse periode',3,'Bachelor','2011-10-03 09:31:49','2011-10-03 09:31:49','Tyssens',0),(62,'Advanced theoretical debates media and culture',1,'Master','2011-10-03 09:39:18','2011-10-03 09:39:18','Carpentier',0),(63,'Gedragstherapie',4,'Master','2011-10-03 09:52:55','2011-10-03 09:52:55','Schotte',0),(64,'Gedragstherapie',1,'Master','2011-10-03 09:53:06','2011-10-03 09:53:06','Schotte',0),(65,'Cursus Arbeids- en Personeelspsychologie',3,'Bachelor','2011-10-03 10:01:49','2011-10-03 10:01:49','S. De Gieter',0),(66,'Verbintenissenrecht',2,'Bachelor','2011-10-03 10:09:51','2011-10-03 10:09:51','Cornelis L.',0),(67,'Rivierhydraulica',1,'Master','2011-10-03 12:21:15','2011-10-03 12:21:15','Bauwens',0),(68,'Bouwtechnologie I',1,'Bachelor','2011-10-03 13:13:08','2011-10-03 13:13:08','Wouters',0),(69,'Golven en Elektromagnetisme: Slides',1,'Bachelor','2011-10-03 13:21:50','2011-10-03 13:21:50','Danckaert',0),(70,'Aspecten van Middenveldparticipatie',3,'Bachelor','2011-10-03 14:29:47','2011-10-03 14:29:47','T. Vanwing',0),(71,'Diachronische studie van het Nederlands',3,'Bachelor','2011-10-03 14:47:01','2011-10-03 14:47:01','Wim Vandenbussche',0),(72,'Geschiedenis van de Nederlandstalige Letterkunde 1850-1945',2,'Bachelor','2011-10-03 15:02:32','2011-10-03 15:02:32','Hans Vandevoorde',0),(73,'Onderwijs van Nederlands aan anderstaligen',4,'Master','2011-10-03 15:19:19','2011-10-03 15:19:19','Piet Van De Craen',0),(74,'Pragmatiek',4,'Master','2011-10-03 15:34:50','2011-10-03 15:34:50','Piet Van De Craen',0),(75,'Numerieke algoritmen',2,'Bachelor','2011-10-03 15:35:06','2011-10-03 15:35:06','Lacor',0),(77,'Hogere Bouwkunde',2,'Bachelor','2011-10-03 15:59:55','2011-10-03 15:59:55','Wouters',0),(78,'MMVC',2,'Bachelor','2011-10-03 17:49:25','2011-10-03 17:49:25','Vanhemelrijck',0),(80,'Labo Electronica',3,'Bachelor','2011-10-03 18:06:04','2011-10-03 18:06:04','Cornelis',0),(81,'Inleiding tot elektrotechniek',3,'Bachelor','2011-10-03 18:10:02','2011-10-03 18:39:46','Deconinck',0),(82,'Inleiding tot elektrotechniek',3,'Bachelor','2011-10-03 18:40:16','2011-10-03 18:40:16','Deconinck',0),(83,'Inleiding tot elektrotechniek',3,'Bachelor','2011-10-03 18:42:28','2011-10-03 18:42:28','Deconinck',0),(84,'Inleiding tot elektrotechniek',3,'Bachelor','2011-10-03 18:44:25','2011-10-03 18:44:25','Deconinck',0),(85,'Inleiding tot elektrotechniek',3,'Bachelor','2011-10-03 18:49:12','2011-10-03 18:49:12','Deconinck',0),(86,'Magnetische kringen',3,'Bachelor','2011-10-03 18:50:36','2011-10-03 18:50:36','Deconinck',0),(87,'Bouwkundig Ontwerp',3,'Bachelor','2011-10-03 19:07:02','2011-10-03 19:07:02','Nys',0),(88,'Grondmechanica',3,'Bachelor','2011-10-03 19:29:14','2011-10-03 19:29:14','De Smedt',0),(89,'Hydraulica',3,'Bachelor','2011-10-03 19:31:51','2011-10-03 19:31:51','De Smedt',0),(90,'Labo Systeem- en controletheorie',3,'Bachelor','2011-10-03 19:35:40','2011-10-03 19:35:40','Schoukens',0),(91,'Labo Systeem- en controletheorie',3,'Bachelor','2011-10-03 19:50:28','2011-10-03 19:50:28','Schoukens',0),(92,'Bouwmaterialen',3,'Bachelor','2011-10-03 19:53:00','2011-10-03 19:53:00','Wastiels',0),(93,'Continuumsmechanica',3,'Bachelor','2011-10-03 19:57:38','2011-10-03 19:57:38','Vanhemelrijck',0),(94,'Continuumsmechanica',3,'Bachelor','2011-10-03 20:06:28','2011-10-03 20:06:28','Vanhemelrijck',0),(95,'Turbomachines',4,'Master','2011-10-04 08:30:28','2011-10-04 08:30:28','De Ruyck',0),(96,'Aanvullingen van de wiskunde + oefeningen',3,'Bachelor','2011-10-04 08:36:14','2011-10-07 13:21:01','Caenepeel',0),(97,'Elektronische componenten',3,'Bachelor','2011-10-04 08:39:45','2011-10-04 08:39:45','Vounckx',0),(98,'Slides Elektronisch Meten en Regelen',3,'Bachelor','2011-10-04 08:44:13','2011-10-04 08:44:13','Touhafi',0),(99,'Elektronisch Meten en Regelen',3,'Bachelor','2011-10-04 08:45:53','2011-10-04 08:45:53','Touhafi',0),(100,'Slides Elektronisch Meten en Regelen',3,'Bachelor','2011-10-04 10:39:21','2011-10-04 10:39:21','Touhafi',0),(101,'Metalen en hun eigenschappen',3,'Bachelor','2011-10-04 10:42:45','2011-10-04 10:42:45','Terryn',0),(102,'Metalen en hun eigenschappen',3,'Bachelor','2011-10-04 10:49:44','2011-10-04 10:49:44','Terryn',0),(103,'Warmte en stroming - warmte theorie',3,'Bachelor','2011-10-04 12:19:19','2011-10-04 12:19:19','Verelst',0),(104,'Warmte en stroming - warmte theorie',3,'Bachelor','2011-10-04 13:33:18','2011-10-04 13:33:18','Verelst',0),(105,'Warmte en stroming - warmte theorie',3,'Bachelor','2011-10-04 13:38:30','2011-10-04 13:38:30','Verelst',0),(106,'Warmte en stroming - warmte theorie',3,'Bachelor','2011-10-04 13:40:03','2011-10-04 13:40:03','Verelst',0),(107,'Algoritmen en datastructuren 2',2,'Bachelor','2011-10-04 14:18:51','2011-10-05 21:31:25','De Meuter Wolfgang',0),(108,' *',0,'Bachelor','2011-10-04 18:52:22','2011-10-10 15:33:21','*',0),(109,'Mechanica (met ontwerpproject)',2,'Bachelor','2011-10-04 18:53:45','2011-10-04 18:53:45','Lefeber',0),(110,'Mechanica 1BA: slides',1,'Bachelor','2011-10-05 10:56:26','2011-10-05 10:56:26','Lefeber',0),(111,'Mechanica 2BA: cursus deel 1',2,'Bachelor','2011-10-05 11:00:16','2011-10-05 11:00:16','Lefeber',0),(112,'Mechanica 2BA: cursus deel 2',2,'Bachelor','2011-10-05 11:03:42','2011-10-05 11:03:42','Lefeber',0),(113,'Mechanica 2BA: slides',2,'Bachelor','2011-10-05 11:09:46','2011-10-05 11:09:46','Lefeber',0),(114,'Encyclopedie van de communicatiewetenschappen',2,'Bachelor','2011-10-05 16:53:37','2011-10-05 17:41:00','Pauwels',0),(115,'Grondslagen van de informatica 1',1,'Bachelor','2011-10-05 21:29:40','2011-10-05 21:29:40','Olga De Troyer',0),(116,'Interpretatie van computerprogramma\'s 1',1,'Bachelor','2011-10-05 21:31:47','2011-10-05 21:31:47','Theo D\'Hondt',0),(117,'Structuur van computerprogramma\'s 2',2,'Bachelor','2011-10-05 21:33:27','2011-10-05 21:33:27','Coen De Roover',0),(118,'Artificiële Intelligentie',2,'Bachelor','2011-10-05 21:34:09','2011-10-05 21:34:09','Bernard Manderick',0),(119,'Grondslagen van de informatica 2',2,'Bachelor','2011-10-05 21:34:31','2011-10-05 21:34:31','Ann Nowé',0),(120,'Objectgerichte modelleertechnieken',2,'Bachelor','2011-10-05 21:35:00','2011-10-05 21:35:00','Olga De Troyer',0),(121,'Wiskunde voor computerwetenschappen 1',2,'Bachelor','2011-10-05 21:36:03','2011-10-05 21:36:03','An Dooms',0),(122,'Communicatievaardigheden voor informatici',3,'Bachelor','2011-10-05 21:40:46','2011-10-05 21:40:46','Olga De Troyer',0),(123,'Information Systems',3,'Bachelor','2011-10-05 21:41:24','2011-10-05 21:41:24','Robert Meersman',0),(124,'Interpretatie van computerprogramma\'s 2',3,'Bachelor','2011-10-05 21:41:59','2011-10-05 21:41:59','Theo D\'Hondt',0),(125,'Machine learning',3,'Bachelor','2011-10-05 21:42:27','2011-10-05 21:42:27','Ann Nowé',0),(126,'Tele-informatica',3,'Bachelor','2011-10-05 21:43:41','2011-10-05 21:43:41','Kris Steenhaut',0),(127,'Econometrie',1,'Master','2011-10-06 10:45:22','2011-10-06 10:45:22','J. Vuchelen',0),(128,'Inleiding tot de Pedagogische Wetenschappen',1,'Bachelor','2011-10-06 13:53:04','2011-10-06 13:53:04','K. Lombaerts',0),(129,'Algemene Economie 1',1,'Bachelor','2011-10-07 12:13:44','2011-10-07 12:13:44','S\'Jegers',0),(130,'Free culture',1,'Bachelor','2011-10-07 13:31:21','2011-10-07 13:31:21','Lawrence Lessig',0),(131,'Marketing',1,'Bachelor','2011-10-08 15:59:25','2011-10-08 15:59:25','L.Vanhaverbeke',0),(132,'Bedrijfsfinanciering',2,'Bachelor','2011-10-08 16:08:21','2011-10-08 16:08:21','D. Breesh',0),(133,'Geld- & Kapitaalmarkten',2,'Bachelor','2011-10-08 16:28:11','2011-10-08 16:28:11','F. Van den spiegel',0),(134,'Management accounting',2,'Bachelor','2011-10-08 16:33:02','2011-10-08 16:33:02','V. Weets',0),(135,'Micro-economie',2,'Bachelor','2011-10-08 16:44:21','2011-10-08 16:44:21','B. Heyndels',0),(136,'Jaarrekeninganalyse en auditing',1,'Master','2011-10-09 13:56:04','2011-10-09 13:56:04','D. Breesch',0),(137,'Materiaal- en Productiebeheer',1,'Master','2011-10-09 14:04:13','2011-10-09 14:04:13','C. Marcharis',0),(138,'Wiskunde voor Handelsingenieurs 1',1,'Bachelor','2011-10-09 16:00:22','2011-10-09 16:00:22','Guerry',0),(139,'Wiskunde 2 voor Handelsingenieurs',2,'Bachelor','2011-10-10 08:24:33','2011-10-10 08:24:33','M. Guerry',0),(140,'Chemie',2,'Bachelor','2011-10-10 09:11:19','2011-10-10 09:11:19','W. Baeyens',0),(141,'Arbeids- en Organisatiepsychologie',3,'Bachelor','2011-10-10 09:57:29','2011-10-10 09:57:29','Hofmans',0),(142,'IT Modeling and Economics',3,'Bachelor','2011-10-10 10:05:49','2011-10-10 10:05:49','F. Gailly & L. Van Hove',0),(143,'Operationeel Onderzoek',3,'Bachelor','2011-10-10 10:13:18','2011-10-10 10:13:18','Plastria',0),(144,'Advanced Accounting',1,'Master','2011-10-10 10:19:07','2011-10-10 10:19:07','V. Weets',0),(145,'Biotechnologie',1,'Master','2011-10-10 13:59:36','2011-10-10 13:59:36','Muyldermans',0),(146,'IT Modeling and Economics',1,'Master','2011-10-10 14:08:30','2011-10-10 14:08:30','F. Gailly & L. Van Hove',0),(147,'Jaarrekeninganalyse en Auditing',1,'Master','2011-10-10 14:17:12','2011-10-10 14:17:12','D. Breesch',0),(148,'Vermogensbeheer',1,'Master','2011-10-10 14:32:49','2011-10-10 14:32:49','F. Van den Spiegel',0),(149,'International Trade',1,'Master','2011-10-10 15:06:27','2011-10-10 15:06:27','L. Hens',0);
/*!40000 ALTER TABLE `subjects` ENABLE KEYS */;
UNLOCK TABLES;

--
-- Table structure for table `supplies`
--

DROP TABLE IF EXISTS `supplies`;
/*!40101 SET @saved_cs_client     = @@character_set_client */;
/*!40101 SET character_set_client = utf8 */;
CREATE TABLE `supplies` (
  `id` int(11) NOT NULL auto_increment,
  `guild_id` int(11) default NULL,
  `material_id` int(11) default NULL,
  `created_at` datetime default NULL,
  `updated_at` datetime default NULL,
  `price_set_id` int(11) default NULL,
  `price` float default NULL,
  `deleted` tinyint(1) default '0',
  PRIMARY KEY  (`id`)
) ENGINE=InnoDB AUTO_INCREMENT=150 DEFAULT CHARSET=utf8 COLLATE=utf8_unicode_ci;
/*!40101 SET character_set_client = @saved_cs_client */;

--
-- Dumping data for table `supplies`
--

LOCK TABLES `supplies` WRITE;
/*!40000 ALTER TABLE `supplies` DISABLE KEYS */;
INSERT INTO `supplies` VALUES (16,9,22,'2011-10-02 14:09:16','2011-10-07 14:45:07',1,2.5,0),(17,5,23,'2011-10-02 14:12:17','2011-10-02 14:12:17',1,4,0),(18,3,23,'2011-10-02 15:30:17','2011-10-02 15:30:17',1,4,0),(19,5,26,'2011-10-02 15:45:36','2011-10-07 15:02:07',1,3.5,0),(20,5,27,'2011-10-02 15:56:09','2011-10-08 16:52:16',1,3.5,0),(21,3,28,'2011-10-02 16:01:30','2011-10-02 16:01:30',1,8,0),(22,5,29,'2011-10-02 16:03:11','2011-10-02 16:03:11',1,4,0),(23,5,30,'2011-10-02 16:06:54','2011-10-09 14:27:32',1,3,0),(24,3,31,'2011-10-02 16:09:41','2011-10-02 16:17:05',1,6,0),(25,3,32,'2011-10-02 16:16:31','2011-10-02 16:16:31',1,6,0),(26,5,33,'2011-10-02 16:17:37','2011-10-02 16:17:37',1,3,0),(27,5,34,'2011-10-02 16:19:40','2011-10-07 15:13:53',1,3.5,0),(28,3,36,'2011-10-02 16:20:37','2011-10-02 16:20:37',1,6,0),(29,5,37,'2011-10-02 16:21:17','2011-10-07 17:18:16',1,4.5,1),(30,5,38,'2011-10-02 16:26:16','2011-10-02 16:26:16',1,3,0),(31,3,39,'2011-10-02 16:26:17','2011-10-03 08:04:58',1,5,0),(32,6,35,'2011-10-02 16:27:57','2011-10-10 15:37:02',1,5,0),(33,5,41,'2011-10-02 16:34:25','2011-10-07 15:42:45',1,5,1),(34,5,40,'2011-10-02 16:34:37','2011-10-07 15:21:01',1,4,0),(35,5,24,'2011-10-02 16:35:56','2011-10-02 16:35:56',1,4,0),(36,6,42,'2011-10-02 16:40:57','2011-10-02 16:40:57',1,5,0),(37,5,45,'2011-10-02 16:47:52','2011-10-02 16:47:52',1,3.5,0),(38,5,47,'2011-10-02 16:54:50','2011-10-07 17:03:11',1,3,1),(39,5,48,'2011-10-02 19:15:15','2011-10-07 17:01:53',1,3,1),(40,5,49,'2011-10-02 19:15:52','2011-10-07 17:00:05',1,5,1),(41,5,50,'2011-10-02 20:42:01','2011-10-07 16:47:00',1,4,0),(42,5,51,'2011-10-02 20:52:34','2011-10-07 17:16:36',1,4.5,1),(43,5,52,'2011-10-02 21:27:12','2011-10-02 21:27:12',1,3.5,0),(44,5,53,'2011-10-02 22:38:53','2011-10-02 22:38:53',1,2.5,0),(45,5,54,'2011-10-02 22:45:30','2011-10-08 13:47:12',1,3.5,0),(46,8,55,'2011-10-02 22:47:13','2011-10-02 22:47:13',1,46,1),(47,8,57,'2011-10-02 23:06:37','2011-10-03 08:21:27',1,4,0),(48,5,56,'2011-10-02 23:10:22','2011-10-02 23:10:22',1,2.5,0),(49,5,59,'2011-10-02 23:37:22','2011-10-08 13:55:14',1,3.5,0),(50,3,61,'2011-10-03 07:39:52','2011-10-03 08:08:29',1,12,1),(51,3,62,'2011-10-03 08:17:38','2011-10-03 08:17:38',1,5,0),(52,8,58,'2011-10-03 08:22:55','2011-10-03 08:22:55',1,5,0),(53,3,63,'2011-10-03 08:29:40','2011-10-03 08:29:40',1,3.5,0),(54,1,65,'2011-10-03 09:07:03','2011-10-03 09:07:03',1,8.5,0),(55,1,66,'2011-10-03 09:21:45','2011-10-03 09:21:45',1,5.5,0),(56,1,67,'2011-10-03 09:25:25','2011-10-03 09:25:25',1,6.5,0),(57,1,68,'2011-10-03 09:35:30','2011-10-03 09:35:30',1,7,0),(58,1,69,'2011-10-03 09:42:21','2011-10-04 10:32:22',1,6.5,1),(59,3,70,'2011-10-03 09:57:07','2011-10-03 09:57:07',1,5,0),(60,3,71,'2011-10-03 10:03:42','2011-10-03 10:03:42',1,12,0),(61,8,72,'2011-10-03 10:10:59','2011-10-03 10:10:59',1,46,1),(62,7,73,'2011-10-03 12:25:09','2011-10-03 12:25:09',1,7.8,0),(63,7,74,'2011-10-03 13:18:20','2011-10-03 13:35:41',1,21.3,0),(64,7,75,'2011-10-03 14:14:23','2011-10-03 14:14:23',1,13,0),(65,3,76,'2011-10-03 14:32:04','2011-10-03 14:37:21',1,4,1),(66,6,77,'2011-10-03 14:58:50','2011-10-03 14:58:50',1,8,0),(67,6,78,'2011-10-03 15:09:06','2011-10-03 15:09:06',1,6,0),(68,6,79,'2011-10-03 15:23:05','2011-10-03 15:23:05',1,5,0),(69,6,80,'2011-10-03 15:30:14','2011-10-03 15:30:14',1,9,0),(70,6,81,'2011-10-03 15:37:40','2011-10-03 15:37:40',1,9,0),(71,7,82,'2011-10-03 15:38:41','2011-10-03 15:38:41',1,9.3,0),(72,7,83,'2011-10-03 16:02:48','2011-10-03 16:02:48',1,5,0),(73,7,84,'2011-10-03 17:54:01','2011-10-03 17:54:01',1,12.7,0),(74,7,85,'2011-10-03 18:09:32','2011-10-03 18:09:32',1,10,0),(75,7,86,'2011-10-03 18:13:29','2011-10-03 18:14:26',1,15,0),(76,7,87,'2011-10-03 18:41:46','2011-10-03 18:41:46',1,15,0),(77,7,88,'2011-10-03 18:43:44','2011-10-03 18:43:44',1,15,0),(78,7,90,'2011-10-03 18:50:11','2011-10-03 18:50:11',1,15,0),(79,7,91,'2011-10-03 19:31:14','2011-10-03 19:31:14',1,6.5,0),(80,7,92,'2011-10-03 19:35:13','2011-10-03 19:35:13',1,6,0),(81,7,93,'2011-10-03 19:44:47','2011-10-03 19:44:47',1,3.4,0),(82,7,94,'2011-10-03 19:52:33','2011-10-03 19:52:33',1,3.4,0),(83,7,95,'2011-10-03 19:55:59','2011-10-03 19:56:35',1,5.3,0),(84,7,96,'2011-10-03 20:05:37','2011-10-03 20:05:37',1,7.5,0),(85,7,97,'2011-10-03 20:16:46','2011-10-03 20:16:46',1,7.5,0),(86,7,98,'2011-10-04 08:32:21','2011-10-04 08:32:21',1,4,0),(87,7,99,'2011-10-04 08:37:22','2011-10-04 08:37:22',1,5.3,0),(88,7,100,'2011-10-04 08:41:27','2011-10-04 08:41:27',1,6.2,0),(89,7,101,'2011-10-04 08:45:34','2011-10-04 08:45:34',1,15,0),(90,7,102,'2011-10-04 08:46:59','2011-10-04 08:46:59',1,15,0),(91,7,103,'2011-10-04 10:40:43','2011-10-04 10:40:43',1,15,0),(92,8,104,'2011-10-04 10:47:10','2011-10-04 10:47:10',1,2,0),(93,7,105,'2011-10-04 10:47:13','2011-10-04 10:47:13',1,18.2,0),(94,8,107,'2011-10-04 10:53:22','2011-10-04 10:53:22',1,2,0),(95,7,106,'2011-10-04 10:55:01','2011-10-04 10:55:01',1,18.2,0),(96,8,108,'2011-10-04 10:59:54','2011-10-04 11:00:27',1,2.5,0),(97,7,109,'2011-10-04 13:32:46','2011-10-04 13:32:46',1,4.1,0),(98,7,110,'2011-10-04 13:37:48','2011-10-04 13:37:48',1,4.1,0),(99,7,112,'2011-10-04 13:43:48','2011-10-04 13:43:48',1,4.1,0),(100,7,113,'2011-10-04 13:43:59','2011-10-04 13:43:59',1,4.1,0),(101,9,82,'2011-10-04 14:25:16','2011-10-04 14:25:39',1,9.5,1),(102,7,115,'2011-10-05 10:58:58','2011-10-05 10:58:58',1,10.1,0),(103,7,116,'2011-10-05 11:03:09','2011-10-05 11:03:09',1,10,0),(104,7,117,'2011-10-05 11:07:35','2011-10-05 11:07:35',1,2.4,0),(105,7,118,'2011-10-05 11:11:28','2011-10-05 11:11:28',1,3.2,0),(106,1,119,'2011-10-05 17:34:39','2011-10-06 10:01:20',1,6,0),(107,1,120,'2011-10-05 17:46:45','2011-10-05 17:46:45',1,6,0),(108,1,121,'2011-10-05 18:05:44','2011-10-05 18:05:44',1,8,0),(109,1,122,'2011-10-05 18:08:20','2011-10-05 18:08:20',1,7.5,0),(110,1,123,'2011-10-05 18:57:39','2011-10-05 18:57:39',1,6,0),(111,5,124,'2011-10-05 23:10:21','2011-10-08 13:59:01',1,3.5,0),(112,5,125,'2011-10-06 10:51:23','2011-10-06 10:51:23',1,4,0),(113,4,126,'2011-10-06 11:31:56','2011-10-06 11:31:56',1,3.5,0),(114,3,127,'2011-10-06 13:56:46','2011-10-06 13:56:46',1,8,0),(115,9,79,'2011-10-07 14:50:19','2011-10-07 14:51:00',1,10,1),(116,5,130,'2011-10-07 15:37:58','2011-10-07 15:37:58',1,5,0),(117,5,131,'2011-10-07 17:07:13','2011-10-07 17:07:13',1,4.5,0),(118,5,132,'2011-10-07 17:10:08','2011-10-07 17:10:08',1,3,0),(119,5,133,'2011-10-08 16:00:45','2011-10-08 16:00:45',1,4,0),(120,5,134,'2011-10-08 16:10:24','2011-10-08 16:10:24',1,4,0),(121,5,135,'2011-10-08 16:20:09','2011-10-08 16:20:09',1,4.5,0),(122,5,136,'2011-10-08 16:30:03','2011-10-08 16:30:03',1,4,0),(123,5,137,'2011-10-08 16:35:51','2011-10-08 16:35:51',1,3.5,0),(124,5,138,'2011-10-08 16:47:59','2011-10-08 16:47:59',1,4.5,0),(125,5,139,'2011-10-09 13:38:57','2011-10-09 13:38:57',1,4.5,0),(126,5,140,'2011-10-09 13:58:50','2011-10-09 13:58:50',1,3,0),(127,5,141,'2011-10-09 14:07:06','2011-10-09 14:07:06',1,3.5,0),(128,4,128,'2011-10-09 15:54:20','2011-10-09 15:58:09',1,4.5,0),(129,4,142,'2011-10-09 18:07:24','2011-10-09 18:08:14',1,7.5,0),(130,4,143,'2011-10-10 08:11:43','2011-10-10 08:11:43',1,8,0),(131,4,144,'2011-10-10 08:17:39','2011-10-10 08:17:39',1,6,0),(132,4,145,'2011-10-10 08:33:31','2011-10-10 08:33:31',1,9,0),(133,4,146,'2011-10-10 08:39:37','2011-10-10 08:43:31',1,9,0),(134,4,147,'2011-10-10 08:59:41','2011-10-10 09:53:17',1,7,1),(135,4,149,'2011-10-10 09:07:13','2011-10-10 09:34:20',1,7,0),(136,4,150,'2011-10-10 09:21:06','2011-10-10 09:22:14',1,4,0),(137,4,151,'2011-10-10 09:28:30','2011-10-10 09:33:00',1,5,0),(138,4,152,'2011-10-10 10:00:07','2011-10-10 10:01:40',1,5,0),(139,4,153,'2011-10-10 10:10:08','2011-10-10 10:10:08',1,6.5,0),(140,4,154,'2011-10-10 10:15:42','2011-10-10 10:15:42',1,5,0),(141,4,155,'2011-10-10 10:20:58','2011-10-10 10:20:58',1,5,0),(142,4,156,'2011-10-10 10:31:27','2011-10-10 10:31:53',1,10,0),(143,4,157,'2011-10-10 13:49:08','2011-10-10 13:49:43',1,7,0),(144,4,158,'2011-10-10 14:04:33','2011-10-10 14:04:33',1,6.5,0),(145,4,159,'2011-10-10 14:10:58','2011-10-10 14:10:58',1,6.5,0),(146,4,160,'2011-10-10 14:19:44','2011-10-10 14:19:44',1,6,0),(147,4,161,'2011-10-10 14:34:34','2011-10-10 14:34:34',1,4.5,0),(148,4,162,'2011-10-10 14:44:12','2011-10-10 14:44:12',1,5,0),(149,4,163,'2011-10-10 14:49:10','2011-10-10 14:49:10',1,8,0);
/*!40000 ALTER TABLE `supplies` ENABLE KEYS */;
UNLOCK TABLES;

--
-- Table structure for table `teachings`
--

DROP TABLE IF EXISTS `teachings`;
/*!40101 SET @saved_cs_client     = @@character_set_client */;
/*!40101 SET character_set_client = utf8 */;
CREATE TABLE `teachings` (
  `id` int(11) NOT NULL auto_increment,
  `discipline_id` int(11) default NULL,
  `subject_id` int(11) default NULL,
  `created_at` datetime default NULL,
  `updated_at` datetime default NULL,
  `deleted` tinyint(1) default '0',
  PRIMARY KEY  (`id`)
) ENGINE=InnoDB AUTO_INCREMENT=289 DEFAULT CHARSET=utf8 COLLATE=utf8_unicode_ci;
/*!40101 SET character_set_client = @saved_cs_client */;

--
-- Dumping data for table `teachings`
--

LOCK TABLES `teachings` WRITE;
/*!40000 ALTER TABLE `teachings` DISABLE KEYS */;
INSERT INTO `teachings` VALUES (5,13,4,'2011-09-30 09:05:03','2011-09-30 09:05:03',0),(7,13,7,'2011-09-30 10:42:42','2011-09-30 10:42:42',0),(8,13,8,'2011-09-30 10:45:31','2011-09-30 10:45:31',0),(13,17,11,'2011-10-01 10:54:41','2011-10-01 10:54:41',0),(16,8,13,'2011-10-01 12:31:32','2011-10-01 12:31:32',0),(26,15,3,'2011-10-01 12:57:58','2011-10-01 12:57:58',0),(28,13,6,'2011-10-01 19:45:36','2011-10-01 19:45:36',0),(58,12,22,'2011-10-02 15:46:18','2011-10-02 15:46:18',0),(60,20,21,'2011-10-02 16:00:03','2011-10-02 16:00:03',0),(61,15,21,'2011-10-02 16:00:03','2011-10-02 16:00:03',0),(62,20,24,'2011-10-02 16:04:38','2011-10-02 16:04:38',0),(63,15,23,'2011-10-02 16:04:39','2011-10-02 16:04:39',0),(64,20,23,'2011-10-02 16:04:39','2011-10-02 16:04:39',0),(65,12,25,'2011-10-02 16:05:56','2011-10-02 16:05:56',0),(72,20,31,'2011-10-02 16:23:32','2011-10-02 16:23:32',0),(73,12,32,'2011-10-02 16:25:03','2011-10-02 16:25:03',0),(76,15,20,'2011-10-02 16:37:08','2011-10-02 16:37:08',0),(77,20,20,'2011-10-02 16:37:08','2011-10-02 16:37:08',0),(80,8,29,'2011-10-02 16:39:26','2011-10-02 16:39:26',0),(81,20,36,'2011-10-02 16:39:37','2011-10-02 16:39:37',0),(82,8,12,'2011-10-02 16:40:19','2011-10-02 16:40:19',0),(84,15,19,'2011-10-02 18:57:55','2011-10-02 18:57:55',0),(85,8,38,'2011-10-02 20:39:12','2011-10-02 20:39:12',0),(86,8,39,'2011-10-02 20:49:49','2011-10-02 20:49:49',0),(88,8,40,'2011-10-02 22:17:34','2011-10-02 22:17:34',0),(89,19,41,'2011-10-02 22:32:21','2011-10-02 22:32:21',0),(90,19,42,'2011-10-02 22:41:41','2011-10-02 22:41:41',0),(94,19,46,'2011-10-02 23:00:23','2011-10-02 23:00:23',0),(95,13,9,'2011-10-02 23:11:35','2011-10-02 23:11:35',0),(96,19,47,'2011-10-02 23:24:47','2011-10-02 23:24:47',0),(97,15,48,'2011-10-02 23:32:35','2011-10-02 23:32:35',0),(99,18,28,'2011-10-03 07:41:01','2011-10-03 07:41:01',0),(100,18,50,'2011-10-03 08:15:41','2011-10-03 08:15:41',0),(101,13,44,'2011-10-03 08:21:03','2011-10-03 08:21:03',0),(102,12,51,'2011-10-03 08:25:44','2011-10-03 08:25:44',0),(104,14,57,'2011-10-03 09:19:22','2011-10-03 09:19:22',0),(105,14,58,'2011-10-03 09:23:33','2011-10-03 09:23:33',0),(106,14,59,'2011-10-03 09:31:49','2011-10-03 09:31:49',0),(109,12,64,'2011-10-03 09:53:06','2011-10-03 09:53:06',0),(110,12,65,'2011-10-03 10:01:49','2011-10-03 10:01:49',0),(115,9,69,'2011-10-03 14:18:33','2011-10-03 14:18:33',0),(117,22,71,'2011-10-03 14:47:01','2011-10-03 14:47:01',0),(118,22,72,'2011-10-03 15:02:32','2011-10-03 15:02:32',0),(119,22,73,'2011-10-03 15:19:19','2011-10-03 15:19:19',0),(120,22,74,'2011-10-03 15:34:50','2011-10-03 15:34:50',0),(121,9,75,'2011-10-03 15:35:15','2011-10-03 15:35:15',0),(124,9,77,'2011-10-03 16:00:07','2011-10-03 16:00:07',0),(125,9,78,'2011-10-03 17:51:41','2011-10-03 17:51:41',0),(126,27,80,'2011-10-03 18:06:40','2011-10-03 18:06:40',0),(128,25,81,'2011-10-03 18:39:46','2011-10-03 18:39:46',0),(129,28,82,'2011-10-03 18:40:32','2011-10-03 18:40:32',0),(130,27,83,'2011-10-03 18:42:39','2011-10-03 18:42:39',0),(131,26,85,'2011-10-03 18:49:24','2011-10-03 18:49:24',0),(132,27,86,'2011-10-03 18:51:29','2011-10-03 18:51:29',0),(133,25,87,'2011-10-03 19:07:13','2011-10-03 19:07:13',0),(134,25,88,'2011-10-03 19:29:24','2011-10-03 19:29:24',0),(135,25,89,'2011-10-03 19:32:16','2011-10-03 19:32:16',0),(136,27,90,'2011-10-03 19:36:46','2011-10-03 19:36:46',0),(137,28,91,'2011-10-03 19:50:48','2011-10-03 19:50:48',0),(138,25,92,'2011-10-03 19:53:10','2011-10-03 19:53:10',0),(139,25,93,'2011-10-03 19:57:49','2011-10-03 19:57:49',0),(140,28,94,'2011-10-03 20:06:45','2011-10-03 20:06:45',0),(141,10,34,'2011-10-03 21:44:42','2011-10-03 21:44:42',0),(142,23,34,'2011-10-03 21:44:42','2011-10-03 21:44:42',0),(143,24,34,'2011-10-03 21:44:42','2011-10-03 21:44:42',0),(144,10,27,'2011-10-03 21:45:49','2011-10-03 21:45:49',0),(145,23,27,'2011-10-03 21:45:49','2011-10-03 21:45:49',0),(146,24,27,'2011-10-03 21:45:49','2011-10-03 21:45:49',0),(147,28,95,'2011-10-04 08:30:40','2011-10-04 08:30:40',0),(149,27,97,'2011-10-04 08:39:54','2011-10-04 08:39:54',0),(150,25,98,'2011-10-04 08:44:22','2011-10-04 08:44:22',0),(151,26,99,'2011-10-04 08:46:01','2011-10-04 08:46:01',0),(152,25,67,'2011-10-04 08:48:46','2011-10-04 08:48:46',0),(153,14,62,'2011-10-04 10:34:16','2011-10-04 10:34:16',0),(154,26,100,'2011-10-04 10:39:34','2011-10-04 10:39:34',0),(155,26,101,'2011-10-04 10:43:11','2011-10-04 10:43:11',0),(156,28,102,'2011-10-04 10:50:00','2011-10-04 10:50:00',0),(157,29,68,'2011-10-04 11:00:11','2011-10-04 11:00:11',0),(158,28,103,'2011-10-04 13:29:00','2011-10-04 13:29:00',0),(159,25,104,'2011-10-04 13:33:27','2011-10-04 13:33:27',0),(160,27,105,'2011-10-04 13:38:43','2011-10-04 13:38:43',0),(161,26,106,'2011-10-04 13:40:11','2011-10-04 13:40:11',0),(165,9,110,'2011-10-05 10:56:35','2011-10-05 10:56:35',0),(166,25,111,'2011-10-05 11:00:25','2011-10-05 11:00:25',0),(167,9,112,'2011-10-05 11:03:52','2011-10-05 11:03:52',0),(168,9,113,'2011-10-05 11:10:08','2011-10-05 11:10:08',0),(169,14,56,'2011-10-05 15:19:15','2011-10-05 15:19:15',0),(173,14,114,'2011-10-05 17:41:00','2011-10-05 17:41:00',0),(174,1,115,'2011-10-05 21:29:55','2011-10-05 21:29:55',0),(175,1,1,'2011-10-05 21:31:18','2011-10-05 21:31:18',0),(176,1,107,'2011-10-05 21:31:25','2011-10-05 21:31:25',0),(177,1,116,'2011-10-05 21:31:47','2011-10-05 21:31:47',0),(178,1,117,'2011-10-05 21:33:27','2011-10-05 21:33:27',0),(179,1,118,'2011-10-05 21:34:09','2011-10-05 21:34:09',0),(180,1,119,'2011-10-05 21:34:31','2011-10-05 21:34:31',0),(181,1,120,'2011-10-05 21:35:00','2011-10-05 21:35:00',0),(182,1,121,'2011-10-05 21:36:03','2011-10-05 21:36:03',0),(183,1,122,'2011-10-05 21:40:46','2011-10-05 21:40:46',0),(184,1,123,'2011-10-05 21:41:24','2011-10-05 21:41:24',0),(185,1,124,'2011-10-05 21:41:59','2011-10-05 21:41:59',0),(186,1,125,'2011-10-05 21:42:27','2011-10-05 21:42:27',0),(187,1,126,'2011-10-05 21:43:41','2011-10-05 21:43:41',0),(188,13,45,'2011-10-06 10:01:43','2011-10-06 10:01:43',0),(189,13,66,'2011-10-06 10:01:51','2011-10-06 10:01:51',0),(191,12,128,'2011-10-06 13:53:04','2011-10-06 13:53:04',0),(204,15,129,'2011-10-07 12:13:44','2011-10-07 12:13:44',0),(205,20,129,'2011-10-07 12:13:44','2011-10-07 12:13:44',0),(207,17,130,'2011-10-07 13:31:21','2011-10-07 13:31:21',0),(208,8,33,'2011-10-07 13:47:34','2011-10-07 13:47:34',0),(215,8,37,'2011-10-07 17:05:02','2011-10-07 17:05:02',0),(223,8,14,'2011-10-08 13:15:42','2011-10-08 13:15:42',0),(224,19,14,'2011-10-08 13:15:42','2011-10-08 13:15:42',0),(225,24,14,'2011-10-08 13:15:42','2011-10-08 13:15:42',0),(232,8,2,'2011-10-08 13:19:00','2011-10-08 13:19:00',0),(233,19,2,'2011-10-08 13:19:00','2011-10-08 13:19:00',0),(234,8,17,'2011-10-08 13:19:45','2011-10-08 13:19:45',0),(235,19,17,'2011-10-08 13:19:45','2011-10-08 13:19:45',0),(236,8,18,'2011-10-08 13:23:17','2011-10-08 13:23:17',0),(237,19,18,'2011-10-08 13:23:17','2011-10-08 13:23:17',0),(238,15,15,'2011-10-08 14:01:54','2011-10-08 14:01:54',0),(239,20,15,'2011-10-08 14:01:54','2011-10-08 14:01:54',0),(242,15,132,'2011-10-08 16:08:21','2011-10-08 16:08:21',0),(243,20,132,'2011-10-08 16:08:21','2011-10-08 16:08:21',0),(246,15,133,'2011-10-08 16:28:11','2011-10-08 16:28:11',0),(247,20,133,'2011-10-08 16:28:11','2011-10-08 16:28:11',0),(248,15,134,'2011-10-08 16:33:02','2011-10-08 16:33:02',0),(249,20,134,'2011-10-08 16:33:02','2011-10-08 16:33:02',0),(250,15,135,'2011-10-08 16:44:21','2011-10-08 16:44:21',0),(251,20,135,'2011-10-08 16:44:21','2011-10-08 16:44:21',0),(254,15,35,'2011-10-09 13:40:21','2011-10-09 13:40:21',0),(255,20,35,'2011-10-09 13:40:21','2011-10-09 13:40:21',0),(256,20,127,'2011-10-09 13:45:33','2011-10-09 13:45:33',0),(257,15,127,'2011-10-09 13:45:33','2011-10-09 13:45:33',0),(258,15,136,'2011-10-09 13:56:04','2011-10-09 13:56:04',0),(259,20,136,'2011-10-09 13:56:04','2011-10-09 13:56:04',0),(260,15,137,'2011-10-09 14:04:13','2011-10-09 14:04:13',0),(261,20,137,'2011-10-09 14:04:13','2011-10-09 14:04:13',0),(262,15,26,'2011-10-09 14:34:52','2011-10-09 14:34:52',0),(263,20,26,'2011-10-09 14:34:52','2011-10-09 14:34:52',0),(264,21,26,'2011-10-09 14:34:52','2011-10-09 14:34:52',0),(265,18,16,'2011-10-09 14:35:32','2011-10-09 14:35:32',0),(266,16,16,'2011-10-09 14:35:32','2011-10-09 14:35:32',0),(267,8,16,'2011-10-09 14:35:32','2011-10-09 14:35:32',0),(268,13,16,'2011-10-09 14:35:32','2011-10-09 14:35:32',0),(269,19,16,'2011-10-09 14:35:32','2011-10-09 14:35:32',0),(270,20,16,'2011-10-09 14:35:32','2011-10-09 14:35:32',0),(271,21,16,'2011-10-09 14:35:32','2011-10-09 14:35:32',0),(272,15,131,'2011-10-09 14:37:40','2011-10-09 14:37:40',0),(273,20,131,'2011-10-09 14:37:40','2011-10-09 14:37:40',0),(274,21,131,'2011-10-09 14:37:40','2011-10-09 14:37:40',0),(275,15,138,'2011-10-09 16:00:22','2011-10-09 16:00:22',0),(276,15,139,'2011-10-10 08:24:33','2011-10-10 08:24:33',0),(277,15,140,'2011-10-10 09:11:19','2011-10-10 09:11:19',0),(278,15,141,'2011-10-10 09:57:29','2011-10-10 09:57:29',0),(279,15,142,'2011-10-10 10:05:49','2011-10-10 10:05:49',0),(280,15,143,'2011-10-10 10:13:18','2011-10-10 10:13:18',0),(281,15,144,'2011-10-10 10:19:07','2011-10-10 10:19:07',0),(282,15,145,'2011-10-10 13:59:36','2011-10-10 13:59:36',0),(283,15,146,'2011-10-10 14:08:31','2011-10-10 14:08:31',0),(284,15,147,'2011-10-10 14:17:12','2011-10-10 14:17:12',0),(285,15,148,'2011-10-10 14:32:49','2011-10-10 14:32:49',0),(286,15,149,'2011-10-10 15:06:27','2011-10-10 15:06:27',0),(288,29,96,'2011-10-10 15:46:59','2011-10-10 15:46:59',0);
/*!40000 ALTER TABLE `teachings` ENABLE KEYS */;
UNLOCK TABLES;

--
-- Table structure for table `users`
--

DROP TABLE IF EXISTS `users`;
/*!40101 SET @saved_cs_client     = @@character_set_client */;
/*!40101 SET character_set_client = utf8 */;
CREATE TABLE `users` (
  `id` int(11) NOT NULL auto_increment,
  `user_name` varchar(255) collate utf8_unicode_ci default NULL,
  `rolno` int(11) default NULL,
  `email` varchar(255) collate utf8_unicode_ci default NULL,
  `created_at` datetime default NULL,
  `updated_at` datetime default NULL,
  `permission_group_id` int(11) default '0',
  `name` varchar(255) collate utf8_unicode_ci default NULL,
  `last_name` varchar(255) collate utf8_unicode_ci default NULL,
  `password` varchar(255) collate utf8_unicode_ci default NULL,
  `encrypted_password` varchar(255) collate utf8_unicode_ci default NULL,
  `salt` varchar(255) collate utf8_unicode_ci default NULL,
  `deleted` tinyint(1) default '0',
  PRIMARY KEY  (`id`)
) ENGINE=InnoDB AUTO_INCREMENT=440 DEFAULT CHARSET=utf8 COLLATE=utf8_unicode_ci;
/*!40101 SET character_set_client = @saved_cs_client */;

--
-- Dumping data for table `users`
--

LOCK TABLES `users` WRITE;
/*!40000 ALTER TABLE `users` DISABLE KEYS */;
INSERT INTO `users` VALUES (1,'Enermis',NULL,'fulgens.ailurus@gmail.com','2011-09-28 13:51:30','2011-09-28 13:51:30',0,'Roeland','Matthijssens',NULL,'e7e7957076b51ebeb12f515e91168f3ae4b876255f789cd03272ae26fcddb9fa','138d00f56d8295ed3f754dfa8f44e73e878c553c76b49a8fd75a4c553c95c865',0),(2,'rik',NULL,'rik.vanmechelen@gmail.com','2011-09-28 13:51:30','2011-09-28 13:51:30',0,'Rik','Vanmechelen',NULL,'e7e7957076b51ebeb12f515e91168f3ae4b876255f789cd03272ae26fcddb9fa','138d00f56d8295ed3f754dfa8f44e73e878c553c76b49a8fd75a4c553c95c865',0),(3,'Tyca',NULL,'Tyca@tyca.com','2011-09-28 13:51:30','2011-09-28 13:51:30',0,'Tyca','Tyca',NULL,'19adf0217de5a017c3404347212a0c92cc09e03c78c742085e33e899824e9b7f','4c9a99b1cb8f5a15ec32f872b454d3b9228cefac7acf40486eb91e238dc6e1ad',0),(4,'test',NULL,'Test@gmail.com','2011-09-28 13:51:30','2011-09-28 13:51:30',0,'Test','Test',NULL,'e7e7957076b51ebeb12f515e91168f3ae4b876255f789cd03272ae26fcddb9fa','138d00f56d8295ed3f754dfa8f44e73e878c553c76b49a8fd75a4c553c95c865',0),(5,'rivmeche',NULL,'rik.vanmechelen@vub.ac.be','2011-09-28 13:52:34','2011-09-28 13:52:34',0,'Rik','Vanmechelen',NULL,'ce901fb764588b9bf2706a5511c4f268a01dba469e4a799de0074d27c82ff477','6c21c2490f929824675c48416d7757479eb7259da393682d93abe79512d8f4bf',0),(6,'jscheppe',NULL,'schepper@gmail.com','2011-09-28 16:14:30','2011-09-28 16:14:30',0,'Jeremy','Scheppers',NULL,'4abdea16ef2b9a348e42471660d3d560498dddcb2e02dcfc573de978e555b3ef','e3e1e0b79f5464905de56517b8a5d094e17b8f16b266729386a6b61f4b5f11ca',0),(7,'gvdseype',NULL,'gillesvanderseypen@gmail.com','2011-09-28 16:29:45','2011-09-28 16:29:45',0,'Gilles','Vanderseypen',NULL,'38681a1fc13d735248bd6f7a71f429a1f7c40284883d0125dd145ea9192f0247','20b6cea034ab37f7e154290d8756cedfd97fc5e2cd835442677405a774f9d272',0),(8,'novdberg',NULL,'novandenberg@gmail.com','2011-09-28 16:30:06','2011-09-28 16:30:06',0,'Noémie','van den Berg',NULL,'65841b40d2e1c9d1a54f8ddf0d5d642c70bde085178670c3ae0e0445c21551a1','81e5c6ed5579ef38da64bc71e62e65798d6d6c7e3c780ad4484e6820879d943f',0),(9,'sbollu',NULL,'stoffel.bollu@gmail.com','2011-09-28 16:30:27','2011-09-28 16:30:27',0,'Stoffel','Bollu',NULL,'141bd86159b0e12855ed214ba3f66765082b52bcb51e315f37c577781dd4b76f','4858c58ae9b25ce5f16101018a71606df7ae7a1fc182634144fa5e30cc87ecf3',0),(10,'mrichard',NULL,'mrichard@vub.ac.be','2011-09-28 16:30:47','2011-09-28 16:30:47',0,'Maya','Richard',NULL,'58e08da7f59f82ab6bf4e0f8770ae3aa9a0fdf64b7b130458e7c01e19bfb3c90','175c6853927444c4665e5d4f750357a6e035dbec3204826c31b0f784c651543a',0),(11,'leggeric',NULL,'leggeric@hotmail.com','2011-09-28 16:30:58','2011-09-28 16:30:58',0,'Laurence','Eggerickx',NULL,'083bc8db7839a174aa0af1a74066fad645194c56c1bcfd0afa5a722a6cb7b868','da2f8d7fa7bbb076eaffd36fa949b39f46acf2782b13b89eefb343f1e6f859e9',0),(12,'chvhelle',NULL,'chvhelle@vub.ac.be','2011-09-28 16:31:54','2011-09-28 16:31:54',0,'Charlotte','Van Hellemont',NULL,'80ac9cb772bafd13bce2d41fcff97b9f36cc162e247a5220db6cd51001d8a6e6','4089f0d66f2ffb83f7eedea050cdda3951c9a160344f25b65fe9173f9eb2e70e',0),(13,'jvbeljou',NULL,'jessevanbeljouw@live.nl','2011-09-28 16:32:07','2011-09-28 16:32:07',0,'Jesse','van Beljouw',NULL,'8e2da5ab11f220bacb903486f122c3bcb5f57e3094cd79b45a996fa46ffabdcb','abdc3f35061a4185c1c06b318081737e047db1a3b45aa4aa6cc8641d1e9e8acd',0),(14,'mvlysebe',NULL,'mvlysebe@vub.ac.be','2011-09-28 16:32:39','2011-09-28 16:32:39',0,'Michael','Van Lysebetten',NULL,'845ba90770ff3a5e3239e0c2038171373aeab21d600e7bd432b986511767401d','2de54ef722e4a8fc8e36137adebc023b3426d1b3608888ca78ccc8ed190926b3',0),(15,'mpouille',NULL,'mpouille@vub.ac.be','2011-09-28 16:40:38','2011-09-28 16:40:38',0,'max','Pouille',NULL,'7280a1869f84b677a98a6d5e587d312184507db1445fbdcec0b49d1d65b99433','c299c09afd82a92b57b775791504d3be20d102d9b7840c2f7467458ba4c57e63',0),(16,'gsmedts',NULL,'gsmedts@vub.ac.be','2011-09-28 16:45:23','2011-09-28 16:45:23',0,'Gaelle','Smedts',NULL,'dcb5dbf7a32f87a25bc0f71d582d3031bfc47d9ff873072654e6a34636277bd9','9cfb2b923f416f208ba40849c487d96494ce9cd7470b280e52e85bfde08672c9',0),(17,'sdeketel',NULL,'Sofie.Deketelaere@vub.ac.be','2011-09-28 16:51:13','2011-09-28 16:51:13',0,'Sofie','Deketelaere',NULL,'cbeeb8b6ba857c4009bace367721a7a998ba4977f5484857d4161482a91c9a5d','3655450e3ab37927dbd2f788a361be2b535c5159a4369ae34b5a76ac198f03e7',0),(18,'kverbest',NULL,'kverbest@vub.ac.be','2011-09-28 18:13:03','2011-09-28 18:13:03',0,'Karel','Verbestel',NULL,'3c129fcf09a259369ff07a26e1a73fb7240b7e81b3328110b2f1ca63953d00c7','c82b953f7c290571cfc11984648d5638fec2a99b3b687b5aa719e97cfccd3ada',0),(19,'zmoortga',NULL,'zoe.moortgat@vub.ac.be','2011-09-28 18:22:01','2011-09-28 18:22:01',0,'Zoë','Moortgat',NULL,'0b47d4a2e08ed66b9fce2c16c05dcf941337804ec59161fc0697e5cbb2dc6c61','97abaefc428b136c67c4db73ff31965cced7a1c6e5facc1967b3235f96d8ea21',0),(20,'jesmathi',NULL,'jessicarosario_76@hotmail.com','2011-09-28 18:28:51','2011-09-28 18:28:51',0,'jessica','mathieu',NULL,'4fb8304cbe12359f96c693140c88b1f1b07d2f7ea44b0a76b606e3126138d4e0','ae806c5721cbeb6dac0583257ee1251005ad517350c6d08ea949e30cb33e3982',0),(21,'lvermass',NULL,'lvermass@vub.ac.be','2011-09-28 18:43:23','2011-09-28 18:43:23',0,'Lynn','Vermassen',NULL,'bb9aa831a71774ea10b40c70adb6c93d30fbf78cbf7e2d33171c5909511c2530','e84d967f3d771899f29a5a4a16e0545ba7d62bec8aebdcbedca6d780a75bfa32',0),(22,'ielmoude',NULL,'Illias.Elmouden@vub.ac.be','2011-09-28 19:10:52','2011-09-28 19:10:52',0,'Illias','Elmouden',NULL,'d7867e71237e3fa8efe143493a2d56b335055e1a8f8a85f2c5e3e66f09dd76a0','dbe358d5ede0ef8cb1104e4ab70d1c7c3e7aa93c108981d544da63aee0eb7578',0),(23,'suleuz',NULL,'kks@live.be','2011-09-28 21:26:57','2011-09-28 21:26:57',0,'Süleyman','Uz',NULL,'791438bc086f7dac1c0d7c396d85549e3e33bc49d85c5dbe706668b73505f2a8','8315a733343d3c964607dc1d235018cc9f3ca9717a1d2fda76a3deeb45424bb9',0),(24,'lpapikya',NULL,'Lusine.Papikyan@vub.ac.be','2011-09-28 22:42:11','2011-09-28 22:42:11',0,'lusine','papikyan',NULL,'7fa90c3b7f62c142d63a974b0302d792761f7286ef9f4bfafcb929067df54233','86f18e40c32ab875564542c4ba3ffd53fca36477345e0bdefe19787f6f1e0aae',0),(25,'evpauwel',NULL,'evi.pauwels@vub.ac.be','2011-09-29 06:25:00','2011-09-29 06:25:00',0,'Evi','Pauwels',NULL,'17dea6949b6abe21edcbf2a707f184c1c40778659d28d73bb53bf5b1d1530d03','ac74601d942ad560ef6928037ccbe35df2d29b3f863d221122c1b36cdc475805',0),(26,'dimidas',NULL,'dimidas@vub.ac.be','2011-09-29 07:34:42','2011-09-29 07:34:42',0,'Dimitri','Das',NULL,'b3ae1fab776ec1fc34972969a4e256aac2ba11b8cacaf571b758d75082328c22','47cc18f91b9e0d00ea8b4e206b478eec5ace0817ff3c282277e1b1f58ba87681',0),(27,'gkeppens',NULL,'gilkeppens@hotmail.com','2011-09-29 09:59:56','2011-09-29 09:59:56',0,'gil','keppens',NULL,'0f6342816339463f90b340c57b1a843a9b61867c2b6b6135af1ad452bf5c9d06','4e6be8d6caf4996d24b53aa5e00c14ec138a4661fb8433f9c49ca38441b662bd',0),(28,'elinboon',NULL,'Eline.Boon@vub.ac.be','2011-09-29 11:59:03','2011-09-29 11:59:03',0,'Eline','Boon',NULL,'8b1976af97ee5906ddf7195381813b117b3c690b454511299ac82e940bc9f9e5','c4f31d1f1bf191e85b86b1847c8ae76fbbbce93e4c8d5f3a966c08e01428d62f',0),(29,'wgrauls',NULL,'Wim.grauls@vub.ac.be','2011-09-29 12:29:56','2011-09-29 12:29:56',0,'Wim','Grauls',NULL,'319c2d92639c24cc949e3aa73421290a957849b43eddc804941c02a6be35f9d4','097be75db825fba80e16486dc965cb00f4e7b3f962dad34b374a9181eea2007b',0),(30,'jomoerma',NULL,'moermansjoris@hotmail.com','2011-09-29 12:33:21','2011-09-29 12:33:21',0,'Joris','Moermans',NULL,'ca2f5702becd6f56cbb3d3eddf8b49dfb79e0a01fc44a6d5b6b81003e1c6edcd','0f0cdeeef9756ee6c37844ec96b0db2e37ccbc2c9f838a7d1c01d8413a5deafe',0),(31,'gdeschuy',NULL,'gdeschuy@vub.ac.be','2011-09-29 12:34:12','2011-09-29 12:34:12',0,'Gregory','Deschuyteneer',NULL,'d170af3b6c1e16fe2d012a37bbc423c65933d0b8ab1adef470d4b91127557d7c','6295af217d3c4158341fb14a7cac82234cc678c765540c0d397e2d58a0bceffc',0),(32,'jvkevela',NULL,'jvkevela@vub.ac.be','2011-09-29 12:54:37','2011-09-29 12:54:37',0,'Jules','Vankevelaer',NULL,'837744087ffdd28841d6b88b4016f59f34a88088a09537fff0b4038c864a873c','ecfa4a9f59da7cc86940db69e5b42aa35efa8f1c042114c6c51bb0ff31190e99',0),(33,'junior',NULL,'JM@cursusdienst.be','2011-10-01 10:16:07','2011-10-01 10:16:07',0,'Junior','Manager',NULL,'29881447b68b0bd1fde720ba45e6a74fa92b81f7dbc09b7fa5dc3fc6ee881c72','03a742820e01e6c2bb4d076af77c926dc59a6a02b98daea57257a8543d7321cd',0),(34,'senior',NULL,'senior@cursusdienst.be','2011-10-01 13:57:24','2011-10-01 13:57:24',0,'serior','manager',NULL,'af55a5897e146d51418e538be92af23ebfde6ccc70d87def8c5abc6a1a3b3d87','335e6d75b840e0287c04c2d3eaa61fdfa9b6989a17f0ec9bdf5de033c59b2e7c',0),(35,'student',NULL,'student@cursusdienst.net','2011-10-01 13:58:44','2011-10-01 13:58:44',0,'student','student',NULL,'f9815919d9b6b8bddf78ced2b46e57dcf81c0b478e0b32b6e76fbe885ed2ce86','e5fe96d75abef8c5ea29b865907c0a15f62025a72009092f9961ba3873a1da93',0),(36,'rvwalle',NULL,'rvwalle@vub.ac.be','2011-10-01 19:01:45','2011-10-01 19:01:45',0,'Ruth','Vanwalle',NULL,'7c73a9398aa6f45b2b721e40e1f207b585d7a939af6aad5771cd9939d7a2fe7a','49e694cacd61650645ed9263934ddfaf068e9a4a18222a75fdd4d1657c1d2e9f',0),(37,'jevdhaut',NULL,'jevdhaut@vub.ac.be','2011-10-03 04:46:26','2011-10-03 04:46:26',0,'Jeroen','Van den haute',NULL,'697e55d762ab609a9abae3025e321d905ae0bb5be34d9544dbe6a72a0d9ff761','8552cae0ab74e045a4579d0b0803e2ef0bca83e21edfa69f525894743335722e',0),(38,'nmissott',NULL,'nmissott@vub.ac.be','2011-10-03 05:02:25','2011-10-03 05:02:25',0,'Noémie','Missotten',NULL,'ad591746ec3944d9d25619be7145b3897b5c0e88b1c86e4177dce10dc6cc76c6','29ec30613d761df77d61b6aa6363fcda644024021f36265d017181a1c1c6971e',0),(39,'svettori',NULL,'svettori@vub.ac.be','2011-10-03 05:23:52','2011-10-03 05:23:52',0,'Sarah ','Vettori',NULL,'f802120a6ab940e97bd13b83b901adc79a49068698e80bb96b7754ebdcf88a93','e029b476f27b3141057430592dcbab1c97ae4e7f2891033538a2ddcf453c4b26',0),(40,'rmercuri',NULL,'rmercuri@vub.ac.be','2011-10-03 05:36:39','2011-10-03 05:36:39',0,'Rachel','Mercurio',NULL,'020a232b1237e609c29279d76eca640fe949d50d162266ff5d76f5d8fbd1af8b','0004c0e0c09729216a58028911d0a68317525c78d0115243880f4e92bb183df4',0),(41,'erabaey',NULL,'erabaey@vub.ac.be','2011-10-03 06:16:22','2011-10-03 06:16:22',0,'Elisabeth','Rabaey',NULL,'14b1595be559db924971e4a047c2553a0c8c35f1c32c3f9e0b215bc8cdf8a202','e996781d905ef9308c1941ea20b96d7edf6a29b6ac5cb1f22cfb470e3ffa036d',0),(42,'vilimbou',NULL,'vilimbou@vub.ac.be','2011-10-03 06:20:27','2011-10-03 06:20:27',0,'Vicky','Limbourg',NULL,'ee1f632c216d6aa03c2ccdd2575289263af1f695dd5bdbe4f4e892ac7554d763','81548e2020479fd8490dc0219fcea390c28ceb4ff39289efc286e69a2da892fb',0),(43,'ypicalau',NULL,'ypicalau@vub.ac.be','2011-10-03 06:58:29','2011-10-03 06:58:29',0,'Yuri','Picalausa',NULL,'9d17ea4a83029b7c08102a96b9e10a90db47b2c0257fbed1ad684e970d8c3f51','c4851d312f5cbe4ac7848eddc6f54cb0b9b2b3f0272ef4e8c73878ec219c4689',0),(44,'javdeynd',NULL,'javdeynd@vub.ac.be','2011-10-03 06:59:39','2011-10-03 06:59:39',0,'Jana','Van Den Eynden',NULL,'effe7f6e4895cf8fbfef132a8bac6f4afcc977df9aa948e8f496dc62c40c51de','eaa27507947d413b31bdf911776daae262cee74b5892db6eeede8d83a8960c84',0),(45,'isellesl',NULL,'isellesl@vub.ac.be','2011-10-03 07:06:08','2011-10-03 07:06:08',0,'Isabelle','Selleslag',NULL,'cc7f256b51af6da63fd4642d8647a5184b3e786d16920538b92061ac82ae1a77','60f4d9fcd5d4da36f8702f1efb6c84063d9c8f401a3e18dbb42ef18ae65417ad',0),(46,'lvmelkeb',NULL,'lvmelkeb@vub.ac.be','2011-10-03 07:11:04','2011-10-03 07:11:04',0,'Laura','Van melkebeke',NULL,'e8df296c1b86baa3ad1f2c79994a32fbbdc1e0206ab7e2b3369e0597ef5b8808','e14846a9e7defe0d184f9fec70e8176a7ac2d707a018819c349d33f95e202796',0),(47,'mreedijk',NULL,'mreedijk@vub.ac.be','2011-10-03 07:22:44','2011-10-03 07:22:44',0,'marie louise','reedijk',NULL,'d7963d9f4c32b378e44b60707babc5e67d92dcd197b2906da8e7759cbdb11499','f8490c8ee9dc4a5858470f4bda1f13dd08b50f48f7c15d76b5a16f44880d591b',0),(48,'ibeullen',NULL,'ibeullen@vub.ac.be','2011-10-03 07:28:16','2011-10-03 07:28:16',0,'Ine','Beullens',NULL,'ff1361116c68e2c26a95b42f9c7dc4453c5834f656bb122fd2d73000f7b77ab4','c89b5b879ce9e7b4d5dad50586cb57465a86ea95254083baa8b6828bd0b54479',0),(49,'jvhetgro',NULL,'jvhetgro@vub.ac.be','2011-10-03 07:32:12','2011-10-03 07:32:12',0,'Jennifer','van het Groenewoud',NULL,'35f04cb0ae8f03757f632f0ceefbba928f419615625d773f6ca988f2c46eab30','6500e19002fcedaac5c528148f24948a4d43b637732a791724b87abb82bafbab',0),(50,'cvvlierb',NULL,'cvvlierb@vub.ac.be','2011-10-03 08:00:22','2011-10-03 08:00:22',0,'Chaa','Van Vlierberghe',NULL,'4cc1537bea96f533a6e2181fded43f60ea523011c09e60a53a94a7ddde941500','097a70dd56a7375ece20319a94c0a7a3227fe2df1ea52bbe07e70d3a41c08498',0),(51,'sdegraef',NULL,'sdegraef@vub.ac.be','2011-10-03 08:06:30','2011-10-03 08:06:30',0,'Sabe','De Graef',NULL,'fabc6fbcfc2f64aeb859497e1f550b7106379c87767b2bfc29dd32253abc6a6c','185aa366cb72cab7d4352e2b83d2ea5bbc8f5d596071cb0809bc425d404c4e5e',0),(52,'yanno',NULL,'yanno@vub.ac.be','2011-10-03 08:11:28','2011-10-03 08:11:28',0,'Yannick','O',NULL,'4fba8a37cdac9db6a330626ae558f343d9004f6a53ae68c65e65f37197417e20','8d3b225c4c6b988e31132af86af2a0e44053b92b1d41b8e3d6c0e1acd6bf67a4',0),(53,'ildeboec',NULL,'ildeboec@vub.ac.be','2011-10-03 08:11:54','2011-10-03 08:11:54',0,'Ilse','De Boeck',NULL,'ad2176e06fd20ec145baf687e925238866afb72450f12752aa60b117a5741c70','d52a746f70410fe9abd0c5d46a382264b48cfdada60bfeb7b4deb2a5e7941c61',0),(54,'lboone',NULL,'lboone@vub.ac.be','2011-10-03 08:28:33','2011-10-03 08:28:33',0,'laure','boone',NULL,'83c31aaf8b58c560c83c0fb74bf4a0a2212af42a69930d1fc97aa74c74c7db4b','3ea6545e99934a0b635bdf5487ffc376856df09608d3f6be886bf14c71479d6d',0),(55,'rdeprez',NULL,'rdeprez@vub.ac.be','2011-10-03 08:37:35','2011-10-03 08:37:35',0,'reinout','de prez',NULL,'1ccffb98191f7a7d49428f694050b0deae1cd6affdf96c52a43e6978df7bebf8','939f393dafe31fe685804246ab140385e3161e43b41e12ba6f1e6f9e1a04bbbc',0),(56,'auvlieff',NULL,'auvlieff@vub.ac.be','2011-10-03 08:43:08','2011-10-03 08:43:08',0,'Aura','Van Liefferinge',NULL,'341b3724e6fe2de2b3bcef6af5a3de68461c8dede8413abd9a21c83d87ab014c','6711e29b0306eabaa97e06f8505118d893146d653ec0c50c725b66243d637049',0),(57,'lsergean',NULL,'lsergean@vub.ac.be','2011-10-03 08:44:13','2011-10-03 08:44:13',0,'Lawrence','Sergeant',NULL,'2f862ac5fff1485becbf0e6b57ff24e16869220d52513fdf4c9296f38e86fafc','76777d8e1eab23af420213eb90e7a57238df702422e6778e90a839eec257b232',0),(58,'kevdeede',NULL,'kevdeede@vub.ac.be','2011-10-03 08:47:26','2011-10-03 08:47:26',0,'Kevin','Van den Eede',NULL,'8bd62a281e3fbdec3e648595eca96991d3cfc03ae2f88499ffdd5c6bdbc7e896','e294f301ebe348217ae2efcdb83aba2639cb69c87fc6a7019d0b66f2b64d2081',0),(59,'lbreuls',NULL,'lbreuls@vub.ac.be','2011-10-03 08:49:14','2011-10-03 08:49:14',0,'Lars','Breuls',NULL,'578ac24248eeb4384675b7c9f17767852984c6e9460189403bf038c73a3a774a','e00100278d319afe49a2745701af0ac644b2e63a86710d125bfd06d16722758e',0),(60,'edirks',NULL,'edirks@vub.ac.be','2011-10-03 09:08:04','2011-10-03 09:08:04',0,'Ellen','Dirks',NULL,'76507804c975b2937f111789d4705cf4bb05111d2df2613ccec077650b8a9b71','a74b59f4b570ceab5c7d98ea115c3437f15799c517bd586acd0519821e9e1dd7',0),(61,'sybaeten',NULL,'sybaeten@vub.ac.be','2011-10-03 09:10:20','2011-10-03 09:10:20',0,'Sylvie','Baeten',NULL,'e256a2168247d96bc32b543cb8473df2a91587c7efdb69ed6c633a8d192b586b','7715fe980c528dbe707edd0e1a21fd42f7e95abbe7dbb89d3ba4fd6522a23ce3',0),(62,'jfaveyts',NULL,'jfaveyts@vub.ac.be','2011-10-03 09:14:54','2011-10-03 09:14:54',0,'Jan','Faveyts',NULL,'564fe0f50e30f9f29aba973845f34b3e9582b4ada2421de985d753639b4d20d8','ff04e8600b08c087fd3869c870866ba15dcfb1be3f689e0e4d1d8cf1aaf1a616',0),(63,'jdanhieu',NULL,'jdanhieu@vub.ac.be','2011-10-03 09:23:09','2011-10-03 09:23:09',0,'Joeri','Danhieux',NULL,'0d70c75c8f57809a0aa9161ae09d7ae7b0c5c03d41323ef58115661ccbcefda4','de61fffa07c84153d10677df0b23df4e7ca21d396462f2b5361ce8a951373fee',0),(64,'mfataiie',NULL,'mfataiie@vub.ac.be','2011-10-03 09:26:21','2011-10-03 09:26:21',0,'Maral','Fataiie',NULL,'0db34bf4fa54dfd871a6ca04f9337550490d178bbd59e15b819b2988b2e7dc74','c50dccac7a88001834730965519c5fb66b0a0e651168c524f81979e7a8c77aa6',0),(65,'jupieter',NULL,'jupieter@vub.ac.be','2011-10-03 09:30:29','2011-10-03 09:30:29',0,'Julie','Pieters',NULL,'f1bc37a4708b9f683ac53b121def75d523c5a95dd02f17f28972251562ed6582','587571ab7e61c99f84ab4f6e4e3aec97fb2146f96920dd404deca939a9c8481b',0),(66,'gdekeijs',NULL,'gdekeijs@vub.ac.be','2011-10-03 09:36:32','2011-10-03 09:36:32',0,'Guillaume','De Keijser',NULL,'2efe7f0ef48b4f0b9cd803f934c5ab07d461b5391979f87b64ed5643eca30bfa','1f0e3fa85f80f90897a9e9a711ea252381b27813dd4687b6e1c64140ded22a5f',0),(67,'cbaecke',NULL,'cbaecke@vub.ac.be','2011-10-03 09:42:03','2011-10-03 09:42:03',0,'Charlotte','Baecke',NULL,'3b908f1d2ef93f5172a457fa3e297cdaa5acdc37885b2d9b31435ce6b7c5dd3c','2c74af4eac32670690f437d020e52a16e19e4078208b11a682624438a62b8514',0),(68,'kmoens',NULL,'kmoens@vub.ac.be','2011-10-03 09:49:02','2011-10-03 09:49:02',0,'kelly','moens',NULL,'50ed73b3b702f7b4ed6032fbcb4099cf95d12f1f33d89927275c7dd25e97eb2e','b6292ff7d5aa4ab58e54af5418c07a1f685def7ab387d9380d01f2716a6cfbee',0),(69,'dwolsing',NULL,'dwolsing@vub.ac.be','2011-10-03 09:49:23','2011-10-03 09:49:23',0,'David','Wolsing',NULL,'a9a99c951a4c956279f5b20eee3817242e81d998add57efe42396907e57a2883','9bfce41597b0fb99d794cbeaeadc7f153760725625319a764c462b4348bc090b',0),(70,'jvmeenen',NULL,'jvmeenen@vub.ac.be','2011-10-03 09:54:49','2011-10-03 09:54:49',0,'jan','van meenen',NULL,'1b795b7214ee9de7cbb3705f15ed39dbb5b8fe7e097891aa06e2388ac99f690a','26b39378122d5b9bea1eceddcb538af16a98096516992093ed95c26f584d73c9',0),(71,'sebaelst',NULL,'sebaelst@vub.ac.be','2011-10-03 10:06:34','2011-10-03 10:06:34',0,'Sébastien','Elst',NULL,'35c35e9ba9dd8d4ed9130c2edb5eb0ecf0c4847d7fa1f114e162fde2e8c82c79','dbd13fc527ca27d23eae6a5abb78563724fecc38ac8dc39e2aedf36c339ee1e6',0),(72,'msohreva',NULL,'msohreva@vub.ac.be','2011-10-03 10:08:20','2011-10-03 10:08:20',0,'Mohammad','Sohrevardi',NULL,'61d201ba91fa402be431fd0f3f4de32591b756ccfdbf5ea3a634b977efcfa26b','053e4b812147e42351e7beaf2c7cb2d201e6e8040b2fb248d4c178727111af6b',0),(73,'lovdevel',NULL,'lovdevel@vub.ac.be','2011-10-03 10:10:18','2011-10-03 10:10:18',0,'Lore','Van de Velde',NULL,'0f5acb83ad18ce2d9b2ecd610fd98ebadac08264f97e8b8821df2e7307533c8e','7c07f6e545583e3338fcce8671ae79f8e8796b1a49bbbfdc2845feb250fd10eb',0),(74,'nquagheb',NULL,'nquagheb@vub.ac.be','2011-10-03 10:11:07','2011-10-03 10:11:07',0,'Nielsen','Quaghebeur',NULL,'74c5f689c4fb7ec62a27f4291e3cab10490ddce34bfe22c9038b7672e1a9cc84','2d9f3c6401939baa532db40269b2511778a404dfb8e00224e3b264bedf055638',0),(75,'amagerot',NULL,'amagerot@vub.ac.be','2011-10-03 10:13:22','2011-10-03 10:13:22',0,'Allan','Magerotte',NULL,'04683e996037bac6163dd74dd2f163b5fbc8399193a6422de350d5ab94fca46a','975447339a53845c509c680d2ab7325cd6f52948d844fa4407ba836a9ed61c44',0),(76,'etaelema',NULL,'etaelema@vub.ac.be','2011-10-03 10:30:01','2011-10-03 10:30:01',0,'Evelien','Taelemans',NULL,'7fbda7f498619e09b8a86e17641dfd458ac682e0fea1a1b1768997c4920193d5','1748801bdf9a1f3f1583f4350b33d8a7b0b26c8eb7d260f194d18b0868bf5145',0),(77,'davassch',NULL,'davassch@vub.ac.be','2011-10-03 10:30:04','2011-10-03 10:30:04',0,'David','Van Assche',NULL,'9a76a8a46d5a4f9a1c905e06852eb7d2dda889f72928ad2414fecdd4b3e703de','da49cfd7506259d0cc7c60841b2dc324f9e2d0a3ef634deb64e94e24466bcedd',0),(78,'nvstappe',NULL,'nvstappe@vub.ac.be','2011-10-03 10:30:37','2011-10-03 10:30:37',0,'Niel','Van Stappen',NULL,'34e244445d7ac674af12cef965b2ad5ce4645fcdd8ad1e04bc021f6928c7dfef','8e24b29a8dfabaae56a8a77322bb4356aa525d9f15ad4cc813f52ae6e30aa478',0),(79,'ldepot',NULL,'ldepot@vub.ac.be','2011-10-03 10:32:37','2011-10-03 10:32:37',0,'Laura','De Pot',NULL,'e23bcfb3000b254aa77916ca7fb71a141ae9105fbde58e8bf6d316d5bd8cf260','c81a01ceabd453a3ea338810a2557e0bab4c656346ed9830ef98044cc15e9725',0),(80,'rmatthij',NULL,'rmatthij@vub.ac.be','2011-10-03 10:36:42','2011-10-03 10:36:42',0,'Roeland','Matthijssens',NULL,'fc366684e7bf804a8a3a6955f1426f65b76be1f43386b5b8c57f244851933095','e12aa893edf4b9f1476736b19c9a12f2e53faedf70e42ac563cf8becd326d102',0),(81,'gdelgado',NULL,'gdelgado@vub.ac.be','2011-10-03 10:39:37','2011-10-03 10:39:37',0,'Gloria Inés','Delgado',NULL,'fc247e5b116a10a31a12739e67339c42be5cc3a487cdc54003cd9a56dc54eb1a','45ec5a8d312a5001d83bc464333c6ed7fbe3aef1fd004185547c20db0a14227f',0),(82,'dkandou',NULL,'dkandou@vub.ac.be','2011-10-03 10:39:43','2011-10-03 10:39:43',0,'Dewi','Kandou',NULL,'485e5bf447a48c135b9d3edc928fe788290d7c46e15c592a8efa45fb8777b014','c1d68a0e166d28b719557740d7a8c4669331f6f38fd099d00bf15c9079810407',0),(83,'nikvdbos',NULL,'nikvdbos@vub.ac.be','2011-10-03 10:40:25','2011-10-03 10:40:25',0,'Nikki','Van den Bosch',NULL,'649cd6c25c8719a95e9c9e6dc48c6e350b95f6efec320b3238ddfd0719e458c9','af796e01391b5387e449c20700e884aa6cff3055af9a9e401f79019b8bfc018a',0),(84,'tattraes',NULL,'tattraes@vub.ac.be','2011-10-03 10:48:58','2011-10-03 10:48:58',0,'Raes','Tatty',NULL,'8a03790bb7e536e4013c547bba5e9679436eb0155b839e1412f07ac939c299e8','0b33304fee3f299b4d2437193c3ad6fc5df2325c5310e44a7b0aeb5e3b44a48b',0),(85,'mbeckman',NULL,'mbeckman@vub.ac.be','2011-10-03 10:49:10','2011-10-03 10:49:10',0,'maaike','Beckmann',NULL,'1780cd5f6867f78ac688cce8d72f3ed3e7ecb29e312f34869336a46b49ca0986','ffacadf08a6f9c2859ef2319462c56a229ecf7482ea4d250ccd42d99210b30f1',0),(86,'kelmaqri',NULL,'kelmaqri@vub.ac.be','2011-10-03 11:07:13','2011-10-03 11:07:13',0,'karim','El MaqRini',NULL,'85ef4d3af97b9701486e81049e165ea5c9daad71384d487c194486b59a837f6c','5131498b093cd56009f436a82ea0ab2c61b5166be2b40b75ca5c215bb5c29824',0),(87,'jessthys',NULL,'jessthys@vub.ac.be','2011-10-03 11:09:35','2011-10-03 11:09:35',0,'Jessica','Thys',NULL,'b07b7881003ed9b066489e4dde6c592711aa52e3f6dc05619cdb289b60c23a31','974df94da21b3d17a0c7acbc9d7a9043b8d3acd8bd1cd4b36e2049b4edf9d019',0),(88,'nschelli',NULL,'nschelli@vub.ac.be','2011-10-03 11:14:22','2011-10-03 11:14:22',0,'Noë','Schellinck',NULL,'e6d73837ccdb9de62a9b17f41dd15c488788fd79ca35402ec7a7343002cb7019','4f55bdacd235c2fde80c1fe8c1a30dff8230c99aece3c33b9b8859a2d143d263',0),(89,'abuggenh',NULL,'abuggenh@vub.ac.be','2011-10-03 11:21:55','2011-10-03 11:21:55',0,'Anniek','Buggenhout',NULL,'6109fd73c95cbc381732d20cf66233e87a787de86c14658740c7fb4b1e510a8f','ee5a1269037d6f01e83a65aa85a6880084da030f239b55a0a44f9671d5f75b0a',0),(90,'fessakhi',NULL,'fessakhi@vub.ac.be','2011-10-03 11:26:20','2011-10-03 11:26:20',0,'Fatima','Essakhi',NULL,'39c7e24842d023f572696ffa5770e42768e9cfd041d5bcd85dd73fd08a3f9582','a984dd94148070fbef7ebdee61768df46b895b0f3937d7c3ace7e9c4b704e2e6',0),(91,'cdemette',NULL,'cdemette@vub.ac.be','2011-10-03 11:31:02','2011-10-03 11:31:02',0,'Céline','Demette',NULL,'f55a738731e277b3d90c9e0d94ebaa5549d6488b5a28e8489ae74083e3a9641f','0d256b2eb7ac706ff559b2b656472a6db34fe6cb7b70c96ac70fc140c109245c',0),(92,'rjessen',NULL,'rjessen@vub.ac.be','2011-10-03 11:32:52','2011-10-03 11:32:52',0,'romy','jessen',NULL,'ec94c274fcd20d432bd1a0b000e5bebaf69c1a627824436ab2e9003d81f96bc3','9362ec027ee83363106ae8bac8e69a10df39062bdd3518cd66f8d7652f2663ad',0),(93,'akaradur',NULL,'akaradur@vub.ac.be','2011-10-03 11:34:59','2011-10-03 11:34:59',0,'Aytac','Karadurmus',NULL,'517c6443e98a323de2f96ae34cfb0acb6ded0f827da6ac8e938e87a7f37955a5','d2463e15223da2af4c78627b083dec51b5b849575beaf41a5d6a8429c65c3149',0),(94,'dpeumans',NULL,'dpeumans@vub.ac.be','2011-10-03 11:40:12','2011-10-03 11:40:12',0,'Dries','Peumans',NULL,'23b668d8218e19cbd7770c58c1ed5bcc86d678402d0b66aa67adfeb514723a7a','eecb4c16bd24e8d02004bc874a9e30cd52c8b0cc4b68674a1ad971b4fa1ede0c',0),(95,'evgestel',NULL,'evgestel@vub.ac.be','2011-10-03 11:54:48','2011-10-03 11:54:48',0,'Evelien','van gestel',NULL,'8ddb13ab6ba7b21eae4c37e64c8c128c137450189b68d6b9b8ff9487902331a1','806f8e1274b6b72541260879d29a348f5dbc74cda4dba13435e11227f102ee5f',0),(96,'clerat',NULL,'clerat@vub.ac.be','2011-10-03 12:01:39','2011-10-03 12:01:39',0,'Charlotte','Lerat',NULL,'07adf959e84c3c8135797f6e0a38fd275f9b6adc10df95c84c6340a19241879e','f6d178acb076f6ff3f2fc8b08786bc67fa2ccd617de93f2b7c0667f18940770d',0),(97,'mamerten',NULL,'mamerten@vub.ac.be','2011-10-03 12:03:54','2011-10-03 12:03:54',0,'Maxim','Mertens',NULL,'59dc7c59856efdd9730eeadfd895a8d981c7fff5bf6f07e0c57afc6209a5c58c','b37118f11cd74dc5783039bb82b8ccf1edf1e5f4d0c7c43a73b0d81857cd8f9f',0),(98,'fldubois',NULL,'fldubois@vub.ac.be','2011-10-03 12:14:28','2011-10-03 12:14:28',0,'Florian-thomas','Dubois',NULL,'45f81a966a5baab226b2c4b0412306fd568b18ecd5a899fb5190e7f3f0864340','28e44820eca493c39a3b4c622a055a99f49ad985c5211dc6fb2c5723939060b1',0),(99,'arparmen',NULL,'arparmen@vub.ac.be','2011-10-03 12:14:30','2011-10-03 12:14:30',0,'Arthur','Parmentier',NULL,'a2f7f807fb515f4d2d306d50d66cf2085d6cb9a6ccd2b39899e599d59e4aa90f','b942cc0c318995871a26b12f122749ad9dab457732ee95fecbc05a0813c1baf2',0),(100,'vpunie',NULL,'vpunie@vub.ac.be','2011-10-03 12:14:34','2011-10-03 12:14:34',0,'Vincent','Punie',NULL,'61aadb01c5e9f1f4e964ce81eacf0752983db1962f371c73e63602f62450f0e0','49b8701193580e020bdd1bc04d4736fbcbfcba088e7bde1b0097fb0f6044d842',0),(101,'wgilliae',NULL,'wgilliae@vub.ac.be','2011-10-03 12:16:07','2011-10-03 12:16:07',0,'Wesley','Gilliaert',NULL,'c07306461f43e767b41c4fdb550a16a008fc6ef76a64154f856fadc1f0cc4a11','5d41181bc3dcc22acec16e385ed209d7fd53f432322c06535bfb15a1be024cfb',0),(102,'bvelsen',NULL,'bvelsen@vub.ac.be','2011-10-03 12:19:06','2011-10-03 12:19:06',0,'Bram','Van Elsen',NULL,'38449dad2d7e014a8a9d72d3fdc5e5d1f05761899863264e8d20952338d2603a','a7bb172815709ff633333dad16b93c02412ccbf9c75e54523ef48a0486bdcc14',0),(103,'mdemoet',NULL,'mdemoet@vub.ac.be','2011-10-03 12:19:52','2011-10-03 12:19:52',0,'Marloes','de Moet',NULL,'d57b80efa8c66dc1580807f21bbaa1de1167a6eec37880aead9c1c998270a6cc','7b32f1bb056325effebff2ae6cc0e9140284d4032cbd84926ce964bf3f03ac77',0),(104,'edickens',NULL,'edickens@vub.ac.be','2011-10-03 12:35:22','2011-10-03 12:35:22',0,'Emily','Dickens',NULL,'00fca2dd719a370e92b56758ecaaa1e35e45d4dad5efd64998192bcdf5346528','408d75063c2a7f8d6bb63a9b5bc7b05c7c230e627ad60a67488799346332dc2c',0),(105,'ycoppens',NULL,'ycoppens@vub.ac.be','2011-10-03 12:36:13','2011-10-03 12:36:13',0,'Yannick','Coppens',NULL,'06d699b27f4d780d81b2ad0426b19857a9f4f49339d8bb783b931d6e215710bb','7cf3cebb127b96e506ad94e420e03dfbb8da365d7628ea08379f88c2cbdf96f1',0),(106,'cscharla',NULL,'cscharla@vub.ac.be','2011-10-03 12:48:59','2011-10-03 12:48:59',0,'Cindy','Scharlaeken',NULL,'f40713868e6085cb2a5290e1d32ef17c991351d94def456cfe7dccbcafd3060c','571b98d73e88aeb80b69077b4308473b197b1567295e6bc3e53921ea6044c020',0),(107,'kvkerkho',NULL,'kvkerkho@vub.ac.be','2011-10-03 12:54:41','2011-10-03 12:54:41',0,'Kris','Van Kerkhoven',NULL,'74571ec012d09c4a20331da7c6c1d2eb9c592320f898663adb719c9a3a263d7e','62e6cff10e4123f314e8da1542db9c35edc49085e8a751c51bd0e30e39326276',0),(108,'jdendonc',NULL,'jdendonc@vub.ac.be','2011-10-03 12:56:04','2011-10-03 12:56:04',0,'Jill','Den Doncker',NULL,'ebfcd7a61cb52c621a18cbbf7db8a58215bdc35ed9c35d08f651422853be51a3','3b60c2744732020c158653e045687f5672f803e14642e0605074f3188bd58ed8',0),(109,'rqarmoud',NULL,'rqarmoud@vub.ac.be','2011-10-03 13:12:14','2011-10-03 13:12:14',0,'redouan','qarmoudi',NULL,'4d7847e26fbe8b91fb726a1c77dd699788a810700aca8be53ead37fc43aee079','54797dc33c9326de39aee3317245a8c1a170fa73cca3a7e172eba41131487218',0),(110,'sabduboi',NULL,'sabrina_du_bois@hotmail.com','2011-10-03 13:22:52','2011-10-10 17:56:49',0,'Sabrina','Du Bois',NULL,'fe8d9e1372fde26a58ef7a90b8a4ff03a47027285bc195f42143874b19866e7e','8a78853cd7d037795d854eba89adf1041a731a20e3e1a4a3d64d40136aa11a0c',0),(111,'kvputte',NULL,'kvputte@vub.ac.be','2011-10-03 13:27:34','2011-10-03 13:27:34',0,'kelly','vanputte',NULL,'fa243fd695f9cb8945e1ef5662eed2edeb120b46db43b33e54f1173d3a96b48b','aaae04553151149811b9cdd3b6018a727aaab1eb905a49c455d1e052c557ef09',0),(112,'jbaevege',NULL,'jbaevege@vub.ac.be','2011-10-03 13:29:46','2011-10-03 13:29:46',0,'Jasmien','Baevegems',NULL,'f92075db4315c197e25266191e2bf8ae546180d4292e7df0b62d1b303f89c2bd','2917cea6250db7e38e14c490f72fb914e044a7c1f54a3ff21cc20f52ec724400',0),(113,'lvdaele',NULL,'lvdaele@vub.ac.be','2011-10-03 14:14:20','2011-10-03 14:14:20',0,'Leen','Van Daele',NULL,'7bf5c62ea652413c545153f7ab638de32f75c50c51f4ed50a50e2e27d4ce01da','b6af1fd88d48c4f3281ca8ed8287a3727fcc8e34abc31c6480b2413c1939d6bb',0),(114,'iimpatie',NULL,'iimpatie@vub.ac.be','2011-10-03 14:51:08','2011-10-03 14:51:08',0,'Isabelle','Impatient',NULL,'f3c47199ff47159e8eaa8b9f11c7d9d1660b77ae67787a17ff68448e39ae131d','1cbe96c3ff4aaee26729cfaa14389c86f872650db6600cc9902ef65cfdd7bd43',0),(115,'lmerckx',NULL,'lmerckx@vub.ac.be','2011-10-03 14:58:34','2011-10-03 14:58:34',0,'Liesbeth','Merckx',NULL,'79cf92a8d537cd8e4972f7bcce94790e96f9863220ecb53fa05a129df0924723','0365cebd35a345982fbc73067c598fea8566daf5871a4a6c91d5dfea57fd63d7',0),(116,'evtwembe',NULL,'evtwembe@vub.ac.be','2011-10-03 14:59:38','2011-10-03 14:59:38',0,'Ellen','Van Twembeke',NULL,'4be906eddf6cc53aa83af289dc1333b6979cb83aadc70fea821f888610183f5f','10a8dcd9efb2199b6158a0d70191fa6fd146530f8e4144beae079414c861d811',0),(117,'broels',NULL,'broels@vub.ac.be','2011-10-03 15:16:16','2011-10-03 15:16:16',0,'Bob','Roels',NULL,'35da53eb11912a765b9540165ea0226937a7ea13efebdac6b6fa62abb52b085a','8cce78a5075149b18478e9e73d680b4e42e22bb0bdfc49489ff74d35570867db',0),(118,'ayvercru',NULL,'ayvercru@vub.ac.be','2011-10-03 15:37:43','2011-10-03 15:37:43',0,'Ayrton','Vercruysse',NULL,'255d497488f88e870891d0bb9acaf5b652335964ec02085f35be25ff0d8212cf','fbd43b7818d84ec4c640e72dde806667e8d08a22d032ce0248256539005d6041',0),(119,'sebrouwe',NULL,'sebrouwe@vub.ac.be','2011-10-03 15:40:10','2011-10-03 15:40:10',0,'Sebastiaan','Brouwers',NULL,'04dab0fdc9ff1b61b078b8903af2b16d8a4d24eb6fd5c516f61399616e0b5024','e26861e653e43927af2c4d2078c7da085b7c75053f062220959e84f08457786a',0),(120,'stpeeter',NULL,'stpeeter@vub.ac.be','2011-10-03 15:43:59','2011-10-03 15:43:59',0,'Stefanie','Peeters',NULL,'34a171f3e90c3dd66f0219240e94755998666e0f6558740c6db8c291aa3bf959','64b4741878bab104188375ae16ec830da89a45a6c91abbf39b85a2e7ce07c0a0',0),(121,'ddooghe',NULL,'ddooghe@vub.ac.be','2011-10-03 16:09:11','2011-10-03 16:09:11',0,'Dennis','D\'Ooghe',NULL,'5e7755ce35b28d4f4dcd623802764f2c7d6e3fc7969bd47c513fee0319bfe938','6ceb5271175593bb27058d0d5aba0e8daebdd28e678234119133bfd82e376b33',0),(122,'npelicae',NULL,'npelicae@vub.ac.be','2011-10-03 16:52:04','2011-10-03 16:52:04',0,'Nele','Pelicaen',NULL,'9bc57db3bbb884c37c8a39f0059f46dfb93548e781cd8f2f0fb22461d95e4e19','5d3fe0c2da108bf2e543cf8fb90d802f9b324ff5f35e2d46cf2e23b4a5d8249a',0),(123,'dvdblock',NULL,'dvdblock@vub.ac.be','2011-10-03 16:52:41','2011-10-03 16:52:41',0,'David','Van den Block',NULL,'8415bd466b34005705b09c6bb6243caeea4de43b756ab022d7fa49c67da84eb2','98911c5b1e7ddbe0346ec2d66e2f1967342742ed73dd2d9ba26a922d2858cde2',0),(124,'asliti',NULL,'asliti@vub.ac.be','2011-10-03 17:10:39','2011-10-03 17:10:39',0,'anerem','sliti',NULL,'b2338bcbaed096974e855b5bfb58387f7f2020cab2b5e188efca6bd39ca782f7','cd0eead9a6ec3406dff9fb98d4d37f0dca51d4d1233990eb509fcc59bff1e33c',0),(125,'chdemaey',NULL,'chdemaey@vub.ac.be','2011-10-03 17:48:00','2011-10-03 17:48:00',0,'Christel','De Maeyer',NULL,'eb20bdb86628fbbf497f7279423bea23bd5f010161dbcd115d8f774c3a3231c2','5ad10050529931924643909e6d50fee1ab3268a7dddcd2e6bced0eb8aee08ad3',0),(126,'gdevalck',NULL,'gdevalck@vub.ac.be','2011-10-03 18:13:39','2011-10-03 18:13:39',0,'Glenn','De Valck',NULL,'4a8257259fded0d369eb121dddc3c988ab9a07d25ce33747ad48bbcff71f4ce6','89035f8e90dacebcdb4fc142fbcb5066a811abcbd44ebd9cfd3f11a1acc4a4d0',0),(127,'anmachie',NULL,'anmachie@vub.ac.be','2011-10-03 19:14:19','2011-10-03 19:14:19',0,'Andy','Machiels',NULL,'0d760eee38e27e3d33ef5cc718eec581c222e66315ecd0435063817574e1fbec','a6ff0632c2dd1965482036ba868be8ffae21e5cdaa11dfbda4ccfb2b49df5d63',0),(128,'hadecler',NULL,'hadecler@vub.ac.be','2011-10-03 19:17:22','2011-10-03 19:17:22',0,'Hanne','De Clerck',NULL,'97cd905e33e47852398c46a40073a720a9defeff4a2852e577481f859803aae3','96b83b4cd3cd4db914dba24b9b4f6abcdc33ac3661321c9a99c714662eabea42',0),(129,'ymarasli',NULL,'ymarasli@vub.ac.be','2011-10-03 19:57:58','2011-10-03 19:57:58',0,'Yasemin','Marasligil',NULL,'ca4ee813b1dec739ef29f2ffa5fa0f2bff3bad22c4a7ddd460e79b1e7c567b39','9e1e55e911fbcb32b829d4629818e80bc20a15034807ee0965d4b5ce56215572',0),(130,'wdahman',NULL,'wdahman@vub.ac.be','2011-10-03 20:38:07','2011-10-03 20:38:07',0,'Wail','Dahman',NULL,'fc2e9bf5056de2e6932cfb1ae39d0876ddc0694fc1de9ff77bf509b0179e093e','65299e1c6e99def1ce827ea038d05c939bbec53474630c49739dd771ab4cb64f',0),(131,'fderobia',NULL,'fderobia@vub.ac.be','2011-10-04 06:03:47','2011-10-04 06:03:47',0,'Frederic','de Robiano',NULL,'a6c05c100c4763a346b70d390b0b50313d3d54a8b68bc813d8c4bdd73bbf5bc3','7ec38355c753e7a7dfc9b9cde9dfcacf2db60e147bfa72418023c307ff3fd426',0),(132,'savbelli',NULL,'savbelli@vub.ac.be','2011-10-04 06:19:59','2011-10-04 06:19:59',0,'Sacha','Vanbellinghen',NULL,'7889551759826e915fed41063d56f7759abf4c91eef1a2d14c9c42084a9f72c5','28fe2ba6f5dd71b290ed97e6405f6051bfd7b7a53e6bcdbd1d5555c72f98d4a7',0),(133,'eekinci',NULL,'eekinci@vub.ac.be','2011-10-04 06:56:26','2011-10-04 06:56:26',0,'Esra','Ekinci',NULL,'94683f07b5fdb06d73a9d8f8522e2f7769fb706bcb1fde1e2dab4badef39c0ab','5ae0a31e90f6702f90bf83a97382ef1a7754b42e1909a73fe86c5b5e2efe9832',0),(134,'avhaeght',NULL,'avhaeght@vub.ac.be','2011-10-04 07:05:54','2011-10-04 07:05:54',0,'Anne-Sofie','Vanhaeght',NULL,'2dac65b63d5085d9a93aac1e8cef23e34c385c0b8c1436e82926cd8468419fd4','717a33de7e7a9c80f9a5edbaea54b6f112dcd7439185af82bed735af52b10129',0),(135,'jtiebout',NULL,'jtiebout@vub.ac.be','2011-10-04 07:11:24','2011-10-04 07:11:24',0,'Justien','Tiebout',NULL,'90198572091c961afba9bd93dd352c1aab05d80d15cec4d1f805540609d27df8','d71813ea3288d491194a40df2bc6e234f357dd864889069747166d87cba64797',0),(136,'mboudewe',NULL,'mboudewe@vub.ac.be','2011-10-04 07:20:40','2011-10-04 07:20:40',0,'Marijke','Boudeweel',NULL,'0d33db6c3953d48d610366d457fc6d04a055413aa7f64a72452b34f94270dfb9','ec5d456e0dd2befc50bdec871e0d53c6034baba6fbd01d275f85bb26939c11e3',0),(137,'mhumphre',NULL,'mhumphre@vub.ac.be','2011-10-04 07:44:43','2011-10-04 07:44:43',0,'Matthew','Humphreys',NULL,'325b270a9aa0f19fce0031aad967f05323da3a541782cd112f2043f8c7870a9e','8089ce5111e0c2be46d0c665d9d2b7a653726b3b2f6420923f6dcf7cdff218fe',0),(138,'mattdeco',NULL,'mattdeco@vub.ac.be','2011-10-04 07:54:53','2011-10-04 07:54:53',0,'Matthias','De Coster',NULL,'ba875e3f5fb2f4c33bba8b201f048f4b54857a23dd517eb618cd313061854fd5','ffe973bd39e3fdadd7ae1d1f23a1053afb545f7479c9da236ebe28631a6313ed',0),(139,'dkumps',NULL,'dkumps@vub.ac.be','2011-10-04 07:55:32','2011-10-04 07:55:32',0,'Diederik','Kumps',NULL,'cae2ff9754a213ced0f08a8f2eb3a105382b6360db5800ce33177a427965538a','62d22f8049e619d421142cc0804b91ac9ff92e7a8801651a704114e8cf5a12f7',0),(140,'thboulan',NULL,'thboulan@vub.ac.be','2011-10-04 07:55:47','2011-10-04 07:55:47',0,'Thomas','Boulangier',NULL,'2bbe72588082938b6634c76cccd9de52bf79fec92b0ae2d2d275806ec21ab788','46760f10b2729ebdb115d6f9f862282eae686fc48231cb2d9e1a06116e511594',0),(141,'eraksoy',NULL,'eraksoy@vub.ac.be','2011-10-04 08:31:02','2011-10-04 08:31:02',0,'ertugrul','aksoy',NULL,'cf0f205384d81206284c8fcc89bbb7ca0ec2cb1822ecc64e1fc60fd71555190f','e7c9839816e03ca519ce76f78fb70c2f25e4fee46491ce98945d763c78eb78d3',0),(142,'sthayen',NULL,'sthayen@vub.ac.be','2011-10-04 08:55:53','2011-10-04 08:55:53',0,'Stéphanie','Hayen',NULL,'e2c60fde3747d7e3668de7da79c809b59f6a40e448db3bb3f7a09171def2c4a5','4b0bfb0125bfd922c83bc1c33cc1d84e505de2b09f52e4ce89156a4186d86e74',0),(143,'lbrants',NULL,'lbrants@vub.ac.be','2011-10-04 09:17:42','2011-10-04 09:17:42',0,'Lisbet','Brants',NULL,'9b5baf23f544a7ecc89bc9fcae48f5d43827348efd389980f52a8c11b497b864','5a3d7de6d1e23e9a2b8ecb7d67c9cf34da5edee52fd1e37a2c11907e610a6c09',0),(144,'lyverdoo',NULL,'lyverdoo@vub.ac.be','2011-10-04 09:23:30','2011-10-04 09:23:30',0,'Lynn ','Verdoodt',NULL,'a272f3226121409584bdcc1e7ff482648b072ceead1b1e8ee8cb68a423c19160','e603697059ec7d2051a05d89f9831e6ae3ff1abbbc9cd77d78ecaaf7b3432d75',0),(145,'teerdeke',NULL,'teerdeke@vub.ac.be','2011-10-04 10:03:28','2011-10-04 10:03:28',0,'Tijn','Eerdeken',NULL,'d756604c469c388c94c73ff77fcbb592386357e562079a2e8453d3bf2e666c39','7128a35ca1a6faf33ee8cffe4624fc7fb02e7d839ed8bd54ea78a3edba3aa4aa',0),(146,'miverhae',NULL,'miverhae@vub.ac.be','2011-10-04 10:16:36','2011-10-04 10:16:36',0,'mike','verhaeghe',NULL,'d268bf47bc3d0a8ec245075e1cddaee5144d6a673fc018fb6b44607638b88664','da646c76d5d713435483bca2e510c55087219dec3081d043daafc022a6e43e4a',0),(147,'ppieter',NULL,'ppieter@vub.ac.be','2011-10-04 10:17:06','2011-10-04 10:17:06',0,'pieter','Pické',NULL,'3632ecf1bdb7b68d6b06f1b569b3954c9853326895f0497a3332dcd7bc6e5d37','a63bb6458d2c7f2a35f137bf6488bacb35726ce2339ccbe621ef86f8614092fd',0),(148,'ampeeter',NULL,'ampeeter@vub.ac.be','2011-10-04 10:18:52','2011-10-04 10:18:52',0,'Amelia','Peeters',NULL,'b351b7b10170738d614775a592de946043c59279a51c1dc37f4c17b269f36609','1d35423281bd6abedee471cd28f25361ee366c8528954216cc332a462524981d',0),(149,'svempten',NULL,'svempten@vub.ac.be','2011-10-04 10:38:44','2011-10-04 10:38:44',0,'Sarah','Vanempten',NULL,'8066dac88bb538ebc5dd1a0065bbe8e973b199b6373da6df02138db3509ddaf7','f4fcd7fd1519049e328f9ec2e0a0de4585b11bdeb7c94ec141a52d10d61d17a3',0),(150,'ntommele',NULL,'ntommele@vub.ac.be','2011-10-04 10:49:51','2011-10-04 10:49:51',0,'Niels','Tommelein',NULL,'8a8ed4c411bcaca57e75dbb438731f51e86fe1587fe5272faa8dd3caf92e3e51','7f9f89c9ea125b3daedb2df3b9c0eea2d1b2d678bbefa50c936b671851f86ddd',0),(151,'elbaeyen',NULL,'elbaeyen@vub.ac.be','2011-10-04 11:02:44','2011-10-04 11:02:44',0,'Els','Baeyens',NULL,'0fb39c68bb590192e8a7bdc234ee3ec44d0afbee4a63bc52860715d3a2855762','8f4cc276ae5d419ffd54bcf39461fc4bce423aef5cc799f87486e3492b96ad10',0),(152,'hethomas',NULL,'hethomas@vub.ac.be','2011-10-04 11:29:19','2011-10-04 11:29:19',0,'Heidi','Thomas',NULL,'e5d5140818e3bd9251c08011e611db89e753483ab0ad11accf83f8a0cbdcfb48','3710cd2f72ca826cceb82a70ca6f3b1f48011d78339dd2d567ad27c1546989f2',0),(153,'jeanakay',NULL,'jeanakay@vub.ac.be','2011-10-04 12:22:50','2011-10-04 12:22:50',0,'Jean-Claude','Akay',NULL,'07cd35f31b2a63a5ebf71c3c8b9d38a790914b4aca720b3db06e704136bc80b9','21c0aef06988b5b20ba632eb4f3241bb336f2a30bf62423ddf11cd0280b74490',0),(154,'sohaegem',NULL,'sohaegem@vub.ac.be','2011-10-04 12:36:15','2011-10-04 12:36:15',0,'Sofie','Haegemans',NULL,'ee4004ecff559231118722503710b17c82a856e3f3d837bcc66abe5f3f2de395','798f51bcc4d0afdb0d93b68d0454e1eee82dcda73ca5999f0c648d29bc0607de',0),(155,'ccanchog',NULL,'ccanchog@vub.ac.be','2011-10-04 12:37:06','2011-10-04 12:37:06',0,'Céline','Cancho Grande',NULL,'a01ab8b031083e8a443ba06247994a04b3b8845df1505b7de8a3f9483d1c1e0d','60b89f3c026952d83c85aff159ccfa1fbeaa46ec90a3879d071e83a383150157',0),(156,'fdetroch',NULL,'fdetroch@vub.ac.be','2011-10-04 12:37:12','2011-10-04 12:37:12',0,'frank','de troch',NULL,'c65d6771a280a4fc41d1decce3c049010295aee0b38aee2147fb7ccec5a013e9','774a83ee5f39372fcf9128dbc269e83bfc2854e71a4d45d3d69cc315f291581c',0),(157,'stefraes',NULL,'stefraes@vub.ac.be','2011-10-04 12:40:15','2011-10-04 12:40:15',0,'Steffi','Raes',NULL,'5dfca59328278e2a5e20bcdcc65d7bb6bda620e2e81794e8d3ee0d83fff78699','cf89e5bc654497af833dfe01073f216bde00d848a8776623bb0767d5a56bd10c',0),(158,'lcasteel',NULL,'lcasteel@vub.ac.be','2011-10-04 12:43:44','2011-10-04 12:43:44',0,'Liesbeth','Casteels',NULL,'cd01eeed60ba106f03258f3656593ee89c79022af98806269889cd6584cd3c6b','f35f99f1e765f87bee9b1d8c570f898cde3f8fd64bf54aa960e65956d4f74b3b',0),(159,'sardevil',NULL,'sardevil@vub.ac.be','2011-10-04 13:01:28','2011-10-04 13:01:28',0,'Sarah','De Ville',NULL,'fe68149af92dca9f307236bf0cc6c75e95424783a58b7087dadb41c70fbbed96','6ee1ddc4c2725b283a5538ea7472ac61cd85cec35663a4ebb000fe87c71dadd2',0),(160,'bdevalck',NULL,'bdevalck@vub.ac.be','2011-10-04 13:16:33','2011-10-04 13:16:33',0,'Britt','De Valck',NULL,'084d4f1a135e417ad177d9ca89195efea9b99c4966809191a231f8ba7b9f3031','e91dd215edc4841804cf04f9c1972a89c2788e168bce050c84c08971386e6238',0),(161,'ekartout',NULL,'ekartout@vub.ac.be','2011-10-04 13:29:56','2011-10-04 13:29:56',0,'Elias','Kartout',NULL,'1aa0091f01f624139b68517d44f583907647572cd2eae03d60076fd4f0a4e087','eb1213062353e21e195c901438f5d7cb96e6ccf6351b4e0760179037ab165ff9',0),(162,'saluyckx',NULL,'saluyckx@vub.ac.be','2011-10-04 13:51:34','2011-10-04 13:51:34',0,'samuel','luyckx',NULL,'abccdacecbc9a49202a775d9a2b87019e9616e404e4dd029c73840dcc3e4541a','d28ec4396883b63917e44d486d4ae5f8c7c665b18c7fec247ff7f89db367dea9',0),(163,'joadevos',NULL,'joadevos@vub.ac.be','2011-10-04 14:13:57','2011-10-04 14:13:57',0,'Joachim','De Vos',NULL,'e269344e83c1f2ed5bbbf89d3e026b0a89d1ae5406904e2252d4a037bd3c3aca','1afb768f1f0dcc4630adac1d4e682d0082f3a9939ccb6ca656648e4c9d008b1f',0),(164,'hevdromm',NULL,'hevdromm@vub.ac.be','2011-10-04 15:55:10','2011-10-04 15:55:10',0,'Hildegard ','Vandromme',NULL,'057b2979d67859a6a7a7c7a0c79dcca67efd27154d66fe267149ccbad25d3e7f','bcb560396896c8692db2e03399a6c71a4d93c44c55b778e1fb9e4953e270bbd1',0),(165,'lcoorema',NULL,'lcoorema@vub.ac.be','2011-10-04 16:13:29','2011-10-04 16:13:29',0,'Lynn','Cooreman',NULL,'dc91cf02b3d899097e30d2c4007e07285bd634835316224cd75ef9100b3a5ad6','6536269e3b79ae1bf7632e8ddcbb64ece235a491d2649f2b67545edae4968090',0),(166,'vdegryse',NULL,'vdegryse@vub.ac.be','2011-10-04 16:19:32','2011-10-04 16:19:32',0,'vanessa','degryse',NULL,'815c59b80c2241d9afeefa6e7f3d6690c4523afbfaaa9775f819768b56b7f40a','edbb42ab260402e06b8a148f54a7dc88b84225dc9176bdf90d19be834bce0529',0),(167,'pschelle',NULL,'pschelle@vub.ac.be','2011-10-04 16:27:10','2011-10-04 16:27:10',0,'Pieter','Schellekens',NULL,'0664edec6adf42d44cf4cc7a79c4e91a516b0d0afe25b5e7e290551b190f8e1e','6063b7e8530fb53dfa5f38c9052afd986fa134553d07e969955c4831eddcb88f',0),(168,'sroquet',NULL,'sroquet@vub.ac.be','2011-10-04 16:45:56','2011-10-04 16:45:56',0,'Sarah','Roquet',NULL,'672082a12e4b7d1054060cda58c7d2b3757bc46f09251f2b05c092fecae531ef','5276e65365e25dc3a5d38bb82397c0fe92c5fbd229159c8a8be7e944b7180bc8',0),(169,'etseyen',NULL,'etseyen@vub.ac.be','2011-10-04 17:02:27','2011-10-04 17:02:27',0,'Eva','T\'Seyen',NULL,'e5b501ce816cc4d9b5f16d6783d91edb7fd8e7b2d02960aa7a9541719a024439','47b12a0e31b004313af34fb7e00b02a3fd6adf5af938fec47097506c79245f97',0),(170,'kimbcabo',NULL,'kimbcabo@vub.ac.be','2011-10-04 17:11:19','2011-10-04 17:11:19',0,'Kimberley','Cabo',NULL,'f8640197a9f9a7df2e2ddbbcf9ff363bea62c2f3a6aa91816291e64621d29656','3f922d22c4b55e9f17c118370bcb36e707f5006774c1359a756017fdf039613a',0),(171,'sdahmani',NULL,'sdahmani@vub.ac.be','2011-10-04 17:20:22','2011-10-04 17:20:22',0,'Sanna','Dahmani',NULL,'d015d179f8fd80b775eaf7bb4e8a003aa75012156ae0be32ef020a624cd4ff16','866ec70350f4ac309491e95bef8757193f7e0c9cf9b339f0691cc644fd9e0946',0),(172,'lvbossuy',NULL,'lvbossuy@vub.ac.be','2011-10-04 17:21:18','2011-10-04 17:21:18',0,'Lise','Van Bossuyt',NULL,'6927da37bd9c6a3e85830b1e1675046d974c08c2038cac73acc5cf689aa85c03','5e938f5fa9b4741eafa89a84f4db1dcd830b0141f51633a31863513672ff7b7d',0),(173,'resquili',NULL,'resquili@vub.ac.be','2011-10-04 17:40:14','2011-10-04 17:40:14',0,'remy','esquiliche',NULL,'be5dc8c4c0078a901ed78b2de17d84ee432e92eef7d39e6d3fe7f372d46b411b','a902b3263309fcc401c8c81906e4615f7ae328e2052a74a9da37c8712f3b9b03',0),(174,'lfamelae',NULL,'lfamelae@vub.ac.be','2011-10-04 18:02:38','2011-10-04 18:02:38',0,'Laura','Famelaer',NULL,'e6ffaf936a1a1fe5c608b25ca2e3fa2a836db1831efc7bcd9c4ab4e58f45b5c4','23ea61c0138ebd7a8ff736da07636e47568bdf6e9f702cc18db2d47e04d7c796',0),(175,'lschouke',NULL,'lschouke@vub.ac.be','2011-10-04 18:16:31','2011-10-04 18:16:31',0,'lizelotte','Schoukens',NULL,'fdd6b7c0259463190d555229a7895a6863ae11407280c4df498e0a359b1358f7','2b38aacaa2e975f9648ebb93b81f46731a047dfafc7a664d602931c4ede20731',0),(176,'stallard',NULL,'stallard@vub.ac.be','2011-10-04 18:28:09','2011-10-04 18:28:09',0,'Stephanie','Allard',NULL,'ac330d3a7b6d8d43266882202976f63b28f8cd47907c8f8c4c202b75cd103ee7','a53d8ed3841154428255597acaff521cfc0701f13507fe70afac04093cee37f8',0),(177,'imvdamme',NULL,'imvdamme@vub.ac.be','2011-10-04 18:37:34','2011-10-04 18:37:34',0,'Imke','Van Damme',NULL,'183fd20299d804ddbbb07b65079325c62c66da2e15dc2d50dd565ee31b7a9eac','26d41633658e6719d1915b682236e0853c7538f2add740c72e4271eef1e29864',0),(178,'helewyns',NULL,'helewyns@vub.ac.be','2011-10-04 18:48:35','2011-10-04 18:48:35',0,'Wyns','Helen',NULL,'37500b045124d2385b4b244b931973a1d1e753bac8653f17a8eb3e14feaa19f3','81b7b4cdc706c2a9db82522d489307ed3c3a8da7e73c2043b9e33e23a208b81a',0),(179,'abraine',NULL,'abraine@vub.ac.be','2011-10-04 18:50:16','2011-10-04 18:50:16',0,'Alexander','Braine',NULL,'4115ee785b768381bf064e6210f441fff2f08b514b136f53bc64416e1ddd4534','a52940d70236839dfb70d47663c1bfcf25bcd15633f428f7f695d013a0d73740',0),(180,'adeceuni',NULL,'adeceuni@vub.ac.be','2011-10-04 18:54:26','2011-10-04 18:54:26',0,'Alissa','De Ceuninck',NULL,'8c6877501037e647183002622d95dd68adcb933dcce1cfdf3e0d03e4b201fae6','5d57d47dd327f20a7dbc5035f1b2f7a632e7a35414b620adb1bfb084085fa5d5',0),(181,'lvhaecht',NULL,'lvhaecht@vub.ac.be','2011-10-04 18:57:33','2011-10-04 18:57:33',0,'Lynn','Van haecht',NULL,'d5702a138cf41915bbf14b4cef117128df835475493caf16cf31954cfb922cf7','d7c87b8520cf32f80ce69fc0fa93771201e430e8d5da0b43413b2d23d7bcb06b',0),(182,'ndecrits',NULL,'ndecrits@vub.ac.be','2011-10-04 19:07:05','2011-10-04 19:07:05',0,'Nel','De Crits',NULL,'f9a279c7c06b89624802871dba6d799bd529a572966969207e3ecca264dcc4c9','47c22d7f38e7bc70cd933ad5f7142cba9ac7674741a48d495e694d3427a18863',0),(183,'amauriss',NULL,'amauriss@vub.ac.be','2011-10-04 19:38:49','2011-10-04 19:38:49',0,'Annelien','Maurissen',NULL,'31eda264a5d6678d34fd239a4bfbc353d7ea211339412143f6889d128daa1000','d2c11b92cd40f8b2b7a7225c79c5ad86b1a1b6fdf2c6f31965f99e695a8d7913',0),(184,'hfernand',NULL,'hfernand@vub.ac.be','2011-10-04 19:50:16','2011-10-04 19:50:16',0,'Helena','Fernandez',NULL,'98252b470d9a7430bb4e956e1a11c1ee836cebccc6d9a44bb0e1a8b902c7c261','089235a93b7e71ae937dafee61cea9012b97d44d96d763aa11ee55a5001212be',0),(185,'jbowring',NULL,'jbowring@vub.ac.be','2011-10-04 19:50:35','2011-10-04 19:50:35',0,'Jordan','Bowring',NULL,'13dc4edc59fafbd9eeca4a5c7c0f7346a542d3d186bf88bd4139b0f162feaa4e','dbdfd4a1961ef7ba86445a0efc50e5dafbaa8543366118b8c594185174dca15d',0),(186,'hboulare',NULL,'hboulare@vub.ac.be','2011-10-04 20:15:52','2011-10-04 20:15:52',0,'Heykel','Boulares',NULL,'c8c7a9775334e4c6d72f15715c52e1852657436ba41dc0ddabe1d96168e9f08b','d2161df7a869de93c38e441bef5e0ae70638da5b4cdfb11d4cb01c5e820764fa',0),(187,'fmullens',NULL,'fmullens@vub.ac.be','2011-10-04 20:25:24','2011-10-04 20:25:24',0,'Francisca','Mullens',NULL,'e546f584344956a8a50e81fdbeca51b1a19cbc668a6f05f013f57dffeabd0baa','47e8fa15ca3891e646babefbedb5d8b0131e38982852e3f0015056686474caac',0),(188,'bvbree',NULL,'bvbree@vub.ac.be','2011-10-04 20:36:30','2011-10-04 20:36:30',0,'Bert','Van Bree',NULL,'33a127d8153bd1b9c00b340838a4c3652c86566a22b6eac43503d382fe995357','8cbbbd2f5fecf4c8e5955ebef3372b834c32911ef8305a79fa3af3393f3a782b',0),(189,'levieren',NULL,'levieren@vub.ac.be','2011-10-04 20:39:20','2011-10-04 20:39:20',0,'Lennert','Vierendeels',NULL,'145f4b589a23611d5522e985fd85ff50a433120449b1925ba87d11b2f4e806ff','da2b6432f09a074a9e2e9dbcc4d055c47ec20b9d1aea283e3f1b2ea9bf0fb034',0),(190,'elajhad',NULL,'elajhad@vub.ac.be','2011-10-04 22:01:50','2011-10-04 22:01:50',0,'El Hassan ','Lajhad',NULL,'50248e08e08d159c8064c816e72e51859c4ac2dd6a423c8c036d39fce6c8a8f6','f349c4f3437f761eebeb4b6f1bdddfd5a32a3a8054b3b982619aa9dbfb3ba917',0),(191,'lavdcruy',NULL,'lavdcruy@vub.ac.be','2011-10-05 05:51:30','2011-10-05 05:51:30',0,'Laura ','Van der Cruysse',NULL,'d3c69a67a8aa81ce72fa7a02dbb0140e0a0ced29c55f47b2689225ae6f2b3520','6c685582876ecace69814701e0875c9c560b0a7b42e4ce2cc420362274985118',0),(192,'julilust',NULL,'julilust@vub.ac.be','2011-10-05 07:44:36','2011-10-05 07:44:36',0,'Julie','Lust',NULL,'4033dc61f7771877d1c5c9e5694f9110a28b5a6ec2e42ab1161723d1d88d5abb','667f3da7231b2de18ce2aa67b954bbc3b88280b39e55054b2c649d9a0cc983ce',0),(193,'hvkerreb',NULL,'hvkerreb@vub.ac.be','2011-10-05 07:59:54','2011-10-05 07:59:54',0,'Helena','Van Kerrebroeck',NULL,'8c9e9073b6582ad31570c7b813021486e757bf2335c0822ac2e4e618f3b0f77e','d6678e275aab827971164365dc0a86c2e898372a6c78a24e6c425885d07000af',0),(194,'cgijbels',NULL,'cgijbels@vub.ac.be','2011-10-05 08:04:59','2011-10-05 08:04:59',0,'Caroline','Gijbels',NULL,'8f93b98c18960c5c839767bd80e22ef6885be747c93d413211388cff642d6722','3d58dc1309f99fedc47e334b17d40198cd903c9de0f27c9a0c5883d6ba96efa8',0),(195,'sevhoof',NULL,'sevhoof@vub.ac.be','2011-10-05 08:55:06','2011-10-05 08:55:06',0,'Sébastien','Van Hoof',NULL,'61ca265bc1b5c7902ec438e4091d111e43a498fac417d418d597ddc2405876b2','e18eff229fd839f276a89090c2717184eb32a0407c9c20a0785c8d3c92fed856',0),(196,'elfordha',NULL,'elfordha@vub.ac.be','2011-10-05 09:18:18','2011-10-05 09:18:18',0,'elliott','fordham',NULL,'4b39c2036b9d7523ae27a4fbc7704ae968e313552e93e8cea283faf8470b46aa','36f86b9c391c6a8155e10680f6140160a47aa1b54e2e2624d57670d2e3e52e39',0),(197,'jomerte',NULL,'jomerte@vub.ac.be','2011-10-05 09:33:09','2011-10-05 09:33:09',0,'Jo ','Mertens',NULL,'3d87e703cf0e1cf5c8592afca92a839b72e18daecbf8e4e0d68c45fd05b0003e','aaaacedd7ecb444cf9b94dc67c2d3a3861fddf6732c9d13c79d71b0781d91f16',0),(198,'pdegroot',NULL,'pdegroot@vub.ac.be','2011-10-05 09:41:25','2011-10-05 09:41:25',0,'Pauline','De Groote',NULL,'a32280b22f0a92bd8ef63b9aef1c979c4ba191d84807fad4dafc236e1082cc8c','78aa258f39c895a6643117bcb25f310d32bd7d29ea7ed340d2a9841a2a606bd1',0),(199,'gmarion',NULL,'gmarion@vub.ac.be','2011-10-05 09:46:13','2011-10-05 09:46:13',0,'guix','Marion',NULL,'7069891e78595c64b5d5940fcddbe8f621ced36deba32ad6f55663ad1e0b4002','25d58cba44e2de86d0f5830abe5dd3d2f0512e934f7ff44736c60cc5eab1973e',0),(200,'gverbeec',NULL,'gverbeec@vub.ac.be','2011-10-05 09:54:24','2011-10-05 09:54:24',0,'Griet','Verbeeck',NULL,'4c06c80ec1ef57ccf1d7a2dd1d3713c191e24efc80d5c1700ac30bad2793a58c','6dfeb9ddb25416ea202b2830603c3ec856620629f402ba4b26a994368726fc1c',0),(201,'sleurs',NULL,'sleurs@vub.ac.be','2011-10-05 10:08:06','2011-10-05 10:08:06',0,'sammy','leurs',NULL,'05cc1096f7d0de1ab4163f3bc0ed4bfc8b4402966e461ce3307f50e962c04ae0','87e9574e0f72b1c57332ac2f17c72de74f9375a47768c13a74e355ca85deb355',0),(202,'nbernema',NULL,'nbernema@vub.ac.be','2011-10-05 10:13:00','2011-10-05 10:13:00',0,'Nathaniel','Berneman',NULL,'372b4b907eaef4fe3fb2f8210d5fb9b678d3bae0895f28ef199e926da1dc34cb','4cf557091deff0c6c9e018dccf5a76a198663d5b7be8c1596b8620bb5bbee4f4',0),(203,'ihouiche',NULL,'ihouiche@vub.ac.be','2011-10-05 10:20:34','2011-10-05 10:20:34',0,'imane','houichet',NULL,'e0b7a3bcb2c508d046d71ef1c737de336fedbfffbb401b10b89b94a7dcab54ec','a9017d090f41f40ce4a6d330d7fb0fd08e9127cec8d488e497ca95ae0f845afa',0),(204,'hmghdesy',NULL,'hmghdesy@vub.ac.be','2011-10-05 10:27:41','2011-10-05 10:27:41',0,'Hayarpi','Mghdesyan',NULL,'d935b13de615b451d9da415e50eb952106b3185a9a0fca0d82ccd2dd60126c3f','4548d33946f54bc457ca24ca905adc159f84baa6224cd2fbc8da57356fd84d9a',0),(205,'tvbourgo',NULL,'tvbourgo@vub.ac.be','2011-10-05 10:51:55','2011-10-05 10:51:55',0,'Thomas','Van Bourgognie',NULL,'cb5dfd9cf399ea6f64b13f99baf6f07abe0b52ffc281ec2b53fe6c25dd12a83c','1637afca3002deb8dc8ede45590ecc4f73a58735443037c819279491af4c0aa4',0),(206,'rvermeir',NULL,'rvermeir@vub.ac.be','2011-10-05 10:53:11','2011-10-05 10:53:11',0,'Rafael','Vermeiren',NULL,'b693d6b6c045a5113f4267a3eb8b1158c72c86bc791ad9a2681247e46f045d2d','3c8448a481f940e41a90c215171157eba098055ee233590df7d1f7371fc5c7a3',0),(207,'wabakkac',NULL,'wabakkac@vub.ac.be','2011-10-05 10:55:03','2011-10-05 10:55:03',0,'Wafae','Abakkach',NULL,'d4793ad2d3a78ea568bc11b00f0826f0a925b2015d9bd3c37fc9efbe9416c1a3','4a6ddce7f4d3eb5d84d3315f4a94345000c97b2be1a10ca917a2bf9097997251',0),(208,'siclaeys',NULL,'siclaeys@vub.ac.be','2011-10-05 11:18:51','2011-10-05 11:18:51',0,'Sil','Claeys',NULL,'01171843f4b2dc56c1a2338c84d7b86086f66d1d71f439348776f25c22140990','fd27ca0400e7b6874a241058452ced4c7d474d667e7358c0caa1c90b6d6473cb',0),(209,'pcrombez',NULL,'pcrombez@vub.ac.be','2011-10-05 11:21:23','2011-10-05 11:21:23',0,'Pieter-Jan','Crombez',NULL,'45588b58ad558b04ffc5e602985357fe5be617c1382768a0a03784b484584f46','287089b94c638bc6473da3f60d703c2be91604a32113fd798593272c77b4b8c7',0),(210,'shouiche',NULL,'shouiche@vub.ac.be','2011-10-05 11:23:52','2011-10-05 11:23:52',0,'saida','houichet',NULL,'aefa861f8723c1a5b2042baaceaf144d2aabbb32f887a2e8e88ccca83997dd16','20396932212e8caa0c4216d8c3c710fc4d10512b3abddade4ec0b205266ec72d',0),(211,'eldecort',NULL,'eldecort@vub.ac.be','2011-10-05 12:13:26','2011-10-05 12:13:26',0,'Elisa','De Corte',NULL,'a9aef03b45a5c2c44bf63989f4de30d116aedeffbf867a2aa92e6aca5d05a7f2','8abcc2d3ca45130ba48612e75530825b2f3623d911ffd79cadd566c977aa69e3',0),(212,'fekutshu',NULL,'fekutshu@vub.ac.be','2011-10-05 12:14:31','2011-10-05 12:14:31',0,'Farah','Ekutshu',NULL,'879e283927f834d02561d118ed996295cbc3a7761158aa57758811a15d4c9463','38f48381a5653c30695209037b6d274c07dd708f4e0f1c93419ff5ef25cc8119',0),(213,'rsisani',NULL,'rsisani@vub.ac.be','2011-10-05 14:12:46','2011-10-05 14:12:46',0,'remi','sisani',NULL,'02c4fdeb1bebedac274699bb22583af1a489ce4ffbf0c8ecf37f9d40271d6ed2','06dbbe402952248f2859355e1046e66c07fdf2f5aa2deb3b12448c76f8c2fec9',0),(214,'laelbrec',NULL,'laelbrec@vub.ac.be','2011-10-05 14:28:49','2011-10-05 14:28:49',0,'Lien','Aelbrecht',NULL,'fb6212d1adec462205085799b2c6dd2b07d21920e2ec7357efe5d3b53f3773b0','9abd438243927e6188a40251b2802a6693b089c26ca9fe46f894f70544d6e1a8',0),(215,'agorisse',NULL,'agorisse@vub.ac.be','2011-10-05 15:57:13','2011-10-05 15:57:13',0,'alessia','gorissen',NULL,'f1699c3fc0c18ab4403dd4c5f9b487a8f37f1b351f5fa816fa37360d025d6978','5322ba6525c0f5f11984a48338818ff16376c6ef2b759709251a753f1bb7feae',0),(216,'sdevisch',NULL,'sdevisch@vub.ac.be','2011-10-05 16:02:06','2011-10-05 16:02:06',0,'Stefanie','De Visch',NULL,'088bf993a304f03205cd7922277010176d93e0309d3ec069fa4be6d7b05812c8','31f1f4811ca53966b9dca654ca5af38faa0bffa382310338edf431bbb343088a',0),(217,'bginis',NULL,'bginis@vub.ac.be','2011-10-05 16:23:42','2011-10-05 16:23:42',0,'Brent','Ginis',NULL,'a0bfd6f394cb1e43abcb6218fca27ff96f800f040fc7db208752d84994f7e8b4','77f2fed8f4a613fde5c2c4aa5bf5b03d0a01d8d880c473988a1238edb7d0f701',0),(218,'cguillem',NULL,'cguillem@vub.ac.be','2011-10-05 17:38:39','2011-10-05 17:38:39',0,'Chloë','Guillemeau',NULL,'677318f352428326624142aea20d3237493fe2a92258d139cda6c095b7f7535a','2c1df6125f4278794c3cfcfd4847395f1f92a60497cf5afd68cb2d7ae415f95b',0),(219,'nclement',NULL,'nclement@vub.ac.be','2011-10-05 17:44:42','2011-10-05 17:44:42',0,'Nikki','Clément',NULL,'cfe3174cb2617209ecee99f91801f71da1b720e41bc9b5197a3ad7d2f6f173af','42b9b7ecfd75e44493949f3eed89d3be3aed3c6450c3c38902f298b03b29c20b',0),(220,'nmoualla',NULL,'nmoualla@vub.ac.be','2011-10-05 17:59:52','2011-10-05 17:59:52',0,'Nora','Mouallali',NULL,'e29b74f69c92a881410ce4f35c2cae0b8306eeae6b4b7d515b5c9617162e4e9a','17264e62e4fd387e1ae4595eb4548a217523e53953675f4f8006572052d52594',0),(221,'tmespreu',NULL,'tmespreu@vub.ac.be','2011-10-05 18:20:47','2011-10-05 18:20:47',0,'Tom','Mespreuve',NULL,'754596a89a85b5791245bb36fa7173e0babc05b375a48a61199f254d013dd3ea','a536797ee00515f211f4e0babaab3152a785308add5c5f28ca24e58760f87cb0',0),(222,'sucalisk',NULL,'sucalisk@vub.ac.be','2011-10-05 18:44:15','2011-10-05 18:44:15',0,'Sukriye','Caliskan',NULL,'4b108065345860bec2507d2639b6fafefb62f4d43d787b6874ef95974e236faa','e16b6ef7d17822047b9ab0fbc9c46c3cff268fe9dbd98470f0f62c71660eca8d',0),(223,'rschauma',NULL,'rschauma@vub.ac.be','2011-10-05 19:24:12','2011-10-05 19:24:12',0,'Rani','Schaumans',NULL,'dba2e8d71ff952bd8583cd59ffb9c73c42b1d899b58efb9c260b28924e7e60d3','81c33d06a6a6ca2841037c0edafb6bab00ec574ce0a5376a68d1e4ca5099ad70',0),(224,'ydebeco',NULL,'ydebeco@vub.ac.be','2011-10-05 19:35:19','2011-10-05 19:35:19',0,'ythier','de Beco',NULL,'fc96e6592111f64d5105ab08651a96b99a6f20304b9abd7623a89b8f52d9a404','ebfe0a537343acdfb390773288163af777f37877f0dde0464ff1914abaa56b8a',0),(225,'jolivlit',NULL,'jolivlit@vub.ac.be','2011-10-05 19:40:56','2011-10-05 19:40:56',0,'Jolien','van Lit',NULL,'35cff68c5591513b790e9ee9918f840b98ae2613e89d3ec18169ce9411318ad7','9a610f9e219f67d2c6407f187e6be3d270e14d6c34618b37ab58aa241ffd42f1',0),(226,'ldallagi',NULL,'ldallagi@vub.ac.be','2011-10-05 19:46:53','2011-10-05 19:46:53',0,'Laila','Dallagi',NULL,'26be5bb4de8aebbcca11d049d419ae4107abd99f864a5de05dfe032f3c22dcbf','297b6716161b337c12b297a078688b5fd2a8c8a8c9f39a5d9ae6da4436f41377',0),(227,'kvdbremp',NULL,'kvdbremp@vub.ac.be','2011-10-05 19:56:08','2011-10-05 19:56:08',0,'Kaat','Van der Brempt',NULL,'b8d98c1ff9d70bd347e3b61189f66f1f190d373569fb6e306c7e4d974d6d66bb','188b71e9b678a623a6d8f4cf46ead759f823c6b1eefb7b0830b7e87fa4e72600',0),(228,'fbrancar',NULL,'fbrancar@vub.ac.be','2011-10-05 19:58:26','2011-10-05 19:58:26',0,'Fedra','Brancart',NULL,'ab47b2895249605f509c82def6772c62c93a7f5cb0f81465f274cdf966f4d35d','f6d826a301c1b7c9a7cff9804e5107c66cc0a549a96e8f743f4c5ab0a0213d62',0),(229,'freekman',NULL,'freekman@vub.ac.be','2011-10-05 20:00:41','2011-10-05 20:00:41',0,'Fien ','Reekmans',NULL,'6582fbba1be1c17cb6ca2d8d59c8ef4127a85758c7e3f1c7db54ed2e2c93eb67','8c83fc9ac86f467fdbf8a5cc4d995578ca1bcc4f2af2bc6c0fce5a5e656cc66f',0),(230,'dignoul',NULL,'dignoul@vub.ac.be','2011-10-05 20:21:21','2011-10-05 20:21:21',0,'David','Ignoul',NULL,'6cb9b92fa36586329d06f4bdc5a73d9c909038d2bf5e00d60c95eab0bc36534d','8ec8e85d3c8baebfbe3e2c111ffa8fe55822a3d582acab4ebdf9915c501debe5',0),(231,'lviaene',NULL,'lviaene@vub.ac.be','2011-10-05 20:30:49','2011-10-05 20:30:49',0,'Liesbeth','Viaene',NULL,'e17242a2df17d1e25baf6f9772479c9451c22df167776f791f8f34b353ff4768','62ca47db77c96984c9b41926fc5ce58db3f4e8c3f074623b47c5f1c161b90a20',0),(232,'hboyukak',NULL,'hboyukak@vub.ac.be','2011-10-05 22:37:42','2011-10-05 22:37:42',0,'Harun','Boyukak',NULL,'c806ca428ad079cd0e02447ee100c3c5c803b3df0dcb7c335d3718bb51d2c178','cd38e256374cb1f18b68239a572d4fc2c96034b4662a102d13ca27b2e0812d6f',0),(233,'tmester',NULL,'tmester@vub.ac.be','2011-10-06 06:47:06','2011-10-06 06:47:06',0,'Timea','Mester',NULL,'6f923aaba9ae14bc1dc285e8f17c1da344720470ca0bce5fb3359525d2c20a2b','790b1f54c9ad629054b85a16080c43701bd1aea51ce574adf70f754ecd4299f6',0),(234,'liesral',NULL,'liesral@vub.ac.be','2011-10-06 06:57:15','2011-10-06 06:57:15',0,'Lieselot Ral','Ral',NULL,'b37333de78272634f9c7a5c7a8ec6fed5cc19cc2b82f8716095ede8cd641b337','657d58c6757915a51b55e2e50f7ca545a0bb633d6fb9d6fa06725c6b3200ff06',0),(235,'manofeys',NULL,'manofeys@vub.ac.be','2011-10-06 08:09:26','2011-10-06 08:09:26',0,'Manon','Feys',NULL,'929aa99c05dc137be9780d9923d8368dbba8d9cf537e8e4376e20ee9e69b1661','e6e7dafcebe0da12b5ca9a51444e3f5b19832e55ce68cfe6d6c25a9999a6f734',0),(236,'avschare',NULL,'avschare@vub.ac.be','2011-10-06 08:16:30','2011-10-06 08:16:30',0,'Audrey','Van Scharen',NULL,'fd07fcab1cb68373738bdf0fd79d2aedf8bfe110bdacc36d2d9581349a250454','0a09e25d37e3d989feef67440ac16593cd64186d3dd1e9d70aa1510e2ee1d5e6',0),(237,'lgeens',NULL,'lgeens@vub.ac.be','2011-10-06 08:23:19','2011-10-06 08:23:19',0,'Linsie','Geens',NULL,'e8de9f04e436e3e2c3e8e73152d336aa3246b447c84e14c96cbf1a41d8349dd2','f0b78faf91b4a7c3230865e47398b82c1b9ecebb36d2833c1ef5af76a406c379',0),(238,'abyilmaz',NULL,'abyilmaz@vub.ac.be','2011-10-06 08:58:58','2011-10-06 08:58:58',0,'Abdulkadir','Yilmaz',NULL,'6c76b65eb2c9241812e5d754c190b4e95379fa230babbc6a0bd7af4d93b6c7ea','ec636aa274aa2c4f894e9d28f24e41605b1325eca2e8460ffaa7fbc620ff20c9',0),(239,'kcorneil',NULL,'kcorneil@vub.ac.be','2011-10-06 09:02:18','2011-10-06 09:02:18',0,'Corneillie','Koen',NULL,'83736d6e96d428f919d96908708f6e2863dacabafc3d95fbf83f6364e37a91f9','aac0977d08ce62f75ab2958be0295a9fa03aabcbc6a3b804b8d399cb9ddbcde4',0),(240,'kantonov',NULL,'kantonov@vub.ac.be','2011-10-06 09:57:11','2011-10-06 09:57:11',0,'Ksenija','Antonova',NULL,'f9f36b7038233f100802b7de79225f640ae8429ee274e1f04d7246a97dad383e','21e8d5c97ca6cedd8eafb90ae10735a15cfbbdb7536109f69ac6545f4e6d4fde',0),(241,'rabataj',NULL,'rabataj@vub.ac.be','2011-10-06 10:06:07','2011-10-06 10:06:07',0,'Rabab','Taj',NULL,'16a0781250b109ac7f8952bdce3c2b9567c135e7f7e7ea7d8f7bf1b6db2e600a','d9e223c16037db2f0650ef420edd6160442b6bb5891c6abc850b1ab5a7ef5340',0),(242,'jadams',NULL,'jadams@vub.ac.be','2011-10-06 10:33:53','2011-10-06 10:33:53',0,'Jeroen','Adams',NULL,'2357e1df7f628edfcf302c309d448432e6fa1756c6310f154e2e272becf57de7','0474cc584408ce76f5c794ae62014455df1b8d9ead0ad675ff523e7fbc273433',0),(243,'julwille',NULL,'julwille@vub.ac.be','2011-10-06 11:02:37','2011-10-06 11:02:37',0,'Julie','Willems',NULL,'fc908f9b42b29f12522ae2a6dd82284dbc5bb86dcdb95452783b19c3bcb3afaa','47485f7d84abc867960bb8c038c3194fb632c5fca8d3b90ea1f49c6db139ed72',0),(244,'jevdlind',NULL,'jevdlind@vub.ac.be','2011-10-06 11:07:29','2011-10-06 11:07:29',0,'Jessie','Vander Linden',NULL,'8468db515e6fc8c67f17052ed7005736079e208aed8360a9bb90022aa5da64f8','55db55ffb42587e6c32455e93b5bd0f04e5d6247844f9ab25a2d8709ba8b8ed3',0),(245,'mschulji',NULL,'mschulji@vub.ac.be','2011-10-06 11:08:38','2011-10-06 11:08:38',0,'margot','schuljin',NULL,'f8d6a969f219d7e573907071848997b1ca189dd45a424e70e9a881b8cea2dae9','63f8ee5acf14eb7c1fb90db65afa55f013892132edc94b3a720fc4b2f5e2d8a6',0),(246,'lopeeter',NULL,'lopeeter@vub.ac.be','2011-10-06 11:11:03','2011-10-06 11:11:03',0,'Loulou','Peeters',NULL,'49f07afeaa7e02ebac0e9cf7c790728abd5e0a210219a73564acc3027654c58b','d16b3ce79b5f80e3b3b6ed6692ce95de1a9df6d858f652c083465d7e4100aaf5',0),(247,'cscheers',NULL,'cscheers@vub.ac.be','2011-10-06 11:22:24','2011-10-06 11:22:24',0,'Carolien','Scheers',NULL,'29d5337565d21768e64f437bc89d33ec68b64d0e0a1da2b6d868213440d4e6de','3e02eb4885448a61d045e53ad19bcfd297eaa1d0e04dae1eb5287b896a62793f',0),(248,'lhoxha',NULL,'lhoxha@vub.ac.be','2011-10-06 11:25:33','2011-10-06 11:25:33',0,'hoxha','linda',NULL,'20231932b6a8b311917f9756daa1f4ccd43856e84c9c86d17a0beaf877d3de00','0687cb019325e319f779e75e876904f567cd966666b9a9da753029e436e11d93',0),(249,'evtittel',NULL,'evtittel@vub.ac.be','2011-10-06 11:36:34','2011-10-06 11:36:34',0,'Evert','Van Tittelboom',NULL,'9541983e13df1285d925178d175badf047d526da5a5c668c6a71e6fc7421d589','ffda063373d7452044f599009a5e7c40cadba588097a701d25d9d00b3c9eddd6',0),(250,'evidewol',NULL,'evidewol@vub.ac.be','2011-10-06 11:36:39','2011-10-06 11:36:39',0,'Evi','de wolf',NULL,'1d8940aa03e61bc09ad2d6c985b92af0942b1787dcbcf73128b46c0926d3bc48','396abf11fc7f7c23bc0104543e29fc9103b673820791f51c56447787ad1bebe9',0),(251,'tichooms',NULL,'tichooms@vub.ac.be','2011-10-06 11:39:07','2011-10-06 11:39:07',0,'Ticho','Ooms',NULL,'2941caf6bce5f0d7692386a494c670fba7d4b190abbc168c43e75032f468351d','a9150cc26514d9db74367518ab31a9efc4ec9346758c7d7c1fba53f48bac7352',0),(252,'stpopovi',NULL,'stpopovi@vub.ac.be','2011-10-06 11:50:16','2011-10-06 11:50:16',0,'Stephanie Popovic','Popovic',NULL,'da2d529bd06b9f9d6754478c36da87deb1550eaa009cbae9bd23a7a624a4600b','ea397ec96380ecbb1d2b86692a22f019da6a108ce5211522ea867189f6f90c59',0),(253,'kaschets',NULL,'kaschets@vub.ac.be','2011-10-06 12:50:39','2011-10-06 12:50:39',0,'Katrien','Schets',NULL,'4cfab44de3f68ed1a819a2f239de0a5a2ee9c631b2d024dfd73de0bf311df386','2da3dedde9e32c00b5efb68ca87d3d40ea77044af27a2abd5a800877298e4368',0),(254,'lieerdek',NULL,'lieerdek@vub.ac.be','2011-10-06 13:11:53','2011-10-06 13:11:53',0,'Lise','Eerdekens',NULL,'4ff61bdce66c63948daaa0794671fe7f55f5e061f8ed963cb760aa0c9373e71e','5f3c79bf91b08d99a12b1e7cdc9b314e667111a597c0cf5866bdc4e1b730f55d',0),(255,'rbolraap',NULL,'rbolraap@vub.ac.be','2011-10-06 13:25:26','2011-10-06 13:25:26',0,'Rosemarijn','Bol Raap',NULL,'716ee8deafe4b5372e835dbf4d4c55462071fd8301d9a6fbac05fed1dc6fa030','7fc56c0245d18f0f4488db8270481f9c954dc66e8c6aa12c2ccbaaf18d166cd4',0),(256,'philleys',NULL,'philleys@vub.ac.be','2011-10-06 13:26:15','2011-10-06 13:26:15',0,'Phil','Leys',NULL,'6175722c4739cf921a97563fe414c339894f020ff5b886fea6cc13f7900ccae6','0c9604ca859513da87dc7dbc30a4901c35db6bbb3833e1d5b2171781042beb7d',0),(257,'lienpots',NULL,'lienpots@vub.ac.be','2011-10-06 13:47:15','2011-10-06 13:47:15',0,'lien','pots',NULL,'686d9de4cba9dbb0f47c8b918fc35edf9247a072ccfe56402cce0ff74467cc10','67993043563e63a72eebffbd24c79cb461c03057974c749055c58d9be127a630',0),(258,'ngordts',NULL,'ngordts@vub.ac.be','2011-10-06 15:14:25','2011-10-06 15:14:25',0,'Nika','Gordts',NULL,'6b1e06f7c414cc312a5d297a59e39bdd197dab24775e502319927cf0ed72a33e','c12b94b654f30905ba24ed0d477441dbd60ab63bbf5b5271ba7a36dafef7c313',0),(259,'islambre',NULL,'islambre@vub.ac.be','2011-10-06 15:31:45','2011-10-06 15:31:45',0,'Ischa','Lambrechts',NULL,'4f2e81057c39acd288d0c4f3509fdff209cc6f36e6d4c52e47c666c936f4a524','c7722dd6d6661a2ffca49edd0c6767e71203a048512595ab1e6df552797cdc98',0),(260,'ljohanes',NULL,'ljohanes@vub.ac.be','2011-10-06 15:56:25','2011-10-06 15:56:25',0,'Lucia','Johanesová',NULL,'a6df725d3ed5780c912bab3025826376246459593f81aa491851c8b45c489202','91d54a0100ba819104f83ab5e433fa7485eddb0167b1b3df1dfd44185bb76a42',0),(261,'cmuscare',NULL,'cmuscare@vub.ac.be','2011-10-06 16:00:32','2011-10-06 16:00:32',0,'Charlotte','Muscarella',NULL,'69680d1b8f85f3049748addef9c32323eec649503059386c854aac0f2a62be78','83d7d7d4677a65a21490e28f7692059c30a399b1ea2abe7f90dea3b165052fc4',0),(262,'arimarch',NULL,'arimarch@vub.ac.be','2011-10-06 16:05:15','2011-10-06 16:05:15',0,'Ariane','Marchand',NULL,'27525c7d0fbd1530271e189174954ecc163ad7fe0b0652ff7d8b1b194eac5ab2','315ef365fe9479464d97ecc2c156f3bf13099aa8a4d3d809ba61793963c2c02a',0),(263,'xbocken',NULL,'xbocken@vub.ac.be','2011-10-06 16:30:50','2011-10-06 16:30:50',0,'Xanne','Bocken',NULL,'0d207a4cfe74ce369439a530db82ea98a69608204b31dc943ffeab172fd17d56','b4701173fce176fbcc914aff161cfe61c65f7d0fc27ef502268e47f399dc64e3',0),(264,'ybouzerd',NULL,'ybouzerd@vub.ac.be','2011-10-06 16:44:28','2011-10-06 16:44:28',0,'Yasmine','Bouzerda',NULL,'970bf478324ecbedd1f2282a5e4934c034a2036a4a897f81b4438c9882d70bf6','312ef5b54b1705978855380393edd7959795e6c2625351a04b8d6e4ac29a550e',0),(265,'yvdienst',NULL,'yvdienst@vub.ac.be','2011-10-06 17:53:53','2011-10-06 17:53:53',0,'Yentl','van Dienst',NULL,'a96601faa17fb8a09fe1ceb2e6a966cdaa5a3e1cf1d96bd181ff609833cdf2f5','ccc73029427d7175e42fcaa51cdd047582b4d28605524809f76e135a62d7120f',0),(266,'kajager',NULL,'kajager@vub.ac.be','2011-10-06 20:41:07','2011-10-06 20:41:07',0,'Kate','Jager',NULL,'6f4552affe000544061e639212f76d7deec6151bdb326b639f706c5954fefed5','9797428e906b2069eae0a9f0decefe3bc6cd7143c0969f80cc7fe37279b6a493',0),(267,'jjacobs',NULL,'jjacobs@vub.ac.be','2011-10-06 20:56:26','2011-10-06 20:56:26',0,'Jonas','Jacobs',NULL,'e0e0afdd360e51bd9b86187440bf31caa416bc5f36cf3d9347b9571c659746ff','60781dd240319087468fda9989d328f49ac74d3e00aab16d67d70aebb8917b00',0),(268,'jaleksan',NULL,'jaleksan@vub.ac.be','2011-10-06 20:57:31','2011-10-06 20:57:31',0,'Julieta','Aleksanjan',NULL,'b1b84d6eed291a5cdd0267079080a9becab7dcfabdddbf41fba7b7f605e8d04d','a14cf25e005c84ce7a843ed2a9d79392beeceac5fd834e83d327958ca17da829',0),(269,'idepoort',NULL,'idepoort@vub.ac.be','2011-10-07 08:13:16','2011-10-07 08:13:16',0,'Inge','Depoorter',NULL,'311ee33aae659c5baf6f66dbcf3896e3498a39b731588ebe6baedbbeac5ca5e3','de01ab055d92107f859edcca92f20945118d4b7475c38ff1eb7423e78710a17e',0),(270,'adewelde',NULL,'adewelde@vub.ac.be','2011-10-07 08:26:56','2011-10-07 08:26:56',0,'Amélie','Dewelde',NULL,'666da802466ede7090d0cc987fbc49d40323a354c337667232f459da8dfaa102','028e6451ca6ff7966483b97281f70a4aa9f1fbacbea480db9abea404e3d8993f',0),(271,'ruvdplas',NULL,'ruvdplas@vub.ac.be','2011-10-07 08:43:25','2011-10-07 08:43:25',0,'Ruben','Vandenplas',NULL,'8d9d9ef72cc16e758b992640f74292812de8ecd4004736db6321cb6bef27c4ef','257ac13f3433deb6ee75207020df3881febf2a49a46f99c8b8351315941ec6c9',0),(272,'lwerner',NULL,'lwerner@vub.ac.be','2011-10-07 09:13:58','2011-10-07 09:13:58',0,'Laura','Werner',NULL,'974a5701206a9e6dfe1f196f691569e9698b8f8f59c44e60b3bdf429893ff593','b576b32f230b1753b380b22ccafd4da282ba7e48998fe9a30793061a7dff48ba',0),(273,'mdevelde',NULL,'mdevelde@vub.ac.be','2011-10-07 09:23:39','2011-10-07 09:23:39',0,'Marjolein','De Velder',NULL,'c4031e20843d90d88b195158b78ae3d0e601a9281bf78b2484ab101bfc504304','38e4551baebe2da3e7df141a77ab1a9f9259be47dad3b8103464f946c5d3683d',0),(274,'mgregori',NULL,'mgregori@vub.ac.be','2011-10-07 09:24:00','2011-10-07 09:24:00',0,'Maria','Gregorius',NULL,'a95f2ccddc08888c63eb5e9a6c0b0cb80560750216fd69a558af16454862e44a','c01ac27d23d6b260137224fc6127e1b1e82610a0f00e10a6261f163df89a5ed2',0),(275,'navbelli',NULL,'navbelli@vub.ac.be','2011-10-07 09:48:28','2011-10-07 09:48:28',0,'Nadège','Vanbellinghen',NULL,'6c7634f85d8fc522dddfd8d7bdfc245505898f79dcda12d303adb7be8f3c83f3','272e90939edabe930b763639566a14a78db6b005338c52ec75ceb34a1d917933',0),(276,'fmotton',NULL,'fmotton@vub.ac.be','2011-10-07 09:55:21','2011-10-07 09:55:21',0,'Frederik','Motton',NULL,'234e3edcd0855269024fac44aed8bc3ee4069fb877a066e7d276a101fab8c349','1029e0b7840e53b089dc49043748fbe564dfeb5869436607acb33ac6da897be5',0),(277,'stivdamm',NULL,'stivdamm@vub.ac.be','2011-10-07 10:01:29','2011-10-07 10:01:29',0,'stijn','vandamme',NULL,'a0c3a32e972d6f3be69f157de9d56742ed36226aeeb99220f67604050d583e03','60e86045e2565c6716cbdb44807923d4da66109eccb249c94f5236299ace60ee',0),(278,'lvbael',NULL,'lvbael@vub.ac.be','2011-10-07 10:20:03','2011-10-07 10:20:03',0,'Lien','Van Bael',NULL,'927159d67e7f470f39d051170ae52a984ddf94bf980b036035182d0d8016cbf2','6b2823a3a75255c4dd6e04b58823b6377b6168bdd4d204dbd7f6dac0c19bea13',0),(279,'elcoppen',NULL,'elcoppen@vub.ac.be','2011-10-07 10:28:27','2011-10-07 10:28:27',0,'Elien','Coppens',NULL,'ee2576d023d6c1c71e39039cc3cdd3f0989bd37e968185bb9e07e31f9781f084','c6a3dd6db0809f993d7f80c88bac2e16f09768fdf0818b7031b4e75799d14736',0),(280,'mabouzer',NULL,'mabouzer@vub.ac.be','2011-10-07 10:29:09','2011-10-07 10:29:09',0,'Majda','Bouzerda',NULL,'73b232843c994722ab15049a2d640391056ff2b72a7b9a2f8ba3c8b3123ee25b','65a22b28ad2891cbe4689b51350ef2ff732de97cc50943139615280afac18c4f',0),(281,'antdavid',NULL,'antdavid@vub.ac.be','2011-10-07 10:40:12','2011-10-07 10:40:12',0,'antoine','david',NULL,'70837c4498c2f20329206490562ba696dc2ac89225b485aeaf2a42e2cbd054a9','fbacb9ca5b1c62607fb34e9eafcdbe26ab9aef439afae1253509050c66030281',0),(282,'ahassanu',NULL,'ahassanu@vub.ac.be','2011-10-07 10:52:27','2011-10-07 10:52:27',0,'Asmae','Hassanu',NULL,'0b653f7082ee8f340a7975357fd533fb416c13ad029de17390d4476bd0b95408','edf09d68cac00c7f28d322f466197bcd72be6c5b82fd2df77603366a34ad5b4a',0),(283,'mbeyne',NULL,'mbeyne@vub.ac.be','2011-10-07 11:28:05','2011-10-07 11:28:05',0,'Marika','Beyne',NULL,'ff2bd52b342ab8ab9a46ff4c950b7d0035d400a85b9178ec78f6010f877766eb','59ee7d22caa4fa1195c56042802ad377df8ceeb913f5086825a02f5ef7354246',0),(284,'lverbeck',NULL,'lverbeck@vub.ac.be','2011-10-07 12:48:58','2011-10-07 12:48:58',0,'Laetitia','Verbeck',NULL,'c5cedeba351dcb3845e5bb8608d09e924798410bdb2cd5f4f707285f68f61f3d','38c82b2ccd949c3538d6beca4eb61fe38d30c184e874e6a9af7ae2f4d97f1373',0),(285,'bvdhaute',NULL,'bvdhaute@vub.ac.be','2011-10-07 13:18:12','2011-10-07 13:18:12',0,'Brunhilde','Van den Haute',NULL,'20ea54966343ee59e6a881a2ed9036e2895059415d701e002b76ee3136cc67da','074a535b05d646a9fd335cc3f9ab3d47501f4269300b61bfbab5c6ce66a2f7a7',0),(286,'jhuysman',NULL,'jhuysman@vub.ac.be','2011-10-07 13:34:35','2011-10-07 13:34:35',0,'Jana','Huysmans',NULL,'f25421c0da2c2cc613b888d8c42e5f0b77aea0e040306ab057d011a22a44a55b','93921a8a803be92d3707d6b13c78b27d1d18fe4df230b7029f5d012e8c802b4c',0),(287,'stvgeel',NULL,'stvgeel@vub.ac.be','2011-10-07 13:43:36','2011-10-07 13:43:36',0,'Stefanie','Van Geel',NULL,'2a7e7ce14ff411a6041abffc90b3474995a864d18d1bed0ed788e10f683c4ec7','b8d6e2e02a9c9fbdce0069cefd797741767b10f3ef5fe91e4010c30bdac8fb72',0),(288,'ancastel',NULL,'ancastel@vub.ac.be','2011-10-07 13:49:46','2011-10-07 13:49:46',0,'ann-charlotte','castel',NULL,'39306752a167fda433eb192882e698cd54b7f6a89d5aeb3748425eba601a3be0','8f94cf84975e3a3f75aad23c6a6e4581db60bb8df0aca14c661e7190f2a868c8',0),(289,'andewael',NULL,'andewael@vub.ac.be','2011-10-07 14:15:33','2011-10-07 14:15:33',0,'Annabel','Dewaele',NULL,'0142c9dd3a5c8442d4f004ec21d092580e0ca56152b3ee3c90c8408b966ad90e','7d18e84164e1cf122aae6f6eee16a26ae63a929892eded5c7d0b93e5fa9f5d89',0),(290,'kkakouro',NULL,'kkakouro@vub.ac.be','2011-10-07 14:49:23','2011-10-07 14:49:23',0,'Konstantinos','Kakouros',NULL,'db5d0e6c306441ba4ad2c3962ddd623a835cb14d2218207d55711ebd59538663','d23a62ee5946ede4c674f5fcc768ca08fee7924a4490fc2ff57acab2e90f2260',0),(291,'dimdecos',NULL,'dimdecos@vub.ac.be','2011-10-07 16:48:07','2011-10-07 16:48:07',0,'Dimitry','Decoster',NULL,'c154367a689a19af89a6012ad5163a4ec130223426f96a9a6f368c9bccb37bd4','8a8da61325f061ff481a0d18d9554e7e3b0d19ffb458226ae05bf15581697d21',0),(292,'mfyens',NULL,'mfyens@vub.ac.be','2011-10-07 18:39:07','2011-10-07 18:39:07',0,'mireille','fyens',NULL,'d0d9fe374a8785e9afd2ad82fb524e3338f27aa33a1d210018b026c3e300e9fb','facac03bbd463f3a507929e438119438882e746c5efc5130168787338ac7a2c8',0),(293,'ghellinx',NULL,'ghellinx@vub.ac.be','2011-10-07 20:00:05','2011-10-07 20:00:05',0,'Gwen','Hellinx',NULL,'c239de24cba7f97290da81e5b4152e4a5ac24a47d0305cab8d2f77d299e45e20','0fc0c86634340d0ff027b11569164c336f1e38f9940723b766cace22e55ee441',0),(294,'achenu',NULL,'achenu@vub.ac.be','2011-10-07 22:37:47','2011-10-07 22:37:47',0,'Aline','Chenu',NULL,'4e7be839fc813a9e330f33abb456959a089fdbec476957f73f41be7a447f9fb2','2792b7df4910bbfe74bbacb6ac71bbbb63e48d46e91def8f077985679e5534b6',0),(295,'yvpetegh',NULL,'yvpetegh@vub.ac.be','2011-10-08 08:55:43','2011-10-08 08:55:43',0,'Yves','Vanpeteghem',NULL,'197a7b0e909abd0bd1db3bbc82e92d801dcd52e2ddcc23f063e075baff00a3a5','e738bc0144a2663a246772c6a7531169e638c894671ed265396e50fc0b434a85',0),(296,'laetjans',NULL,'laetjans@vub.ac.be','2011-10-08 10:26:34','2011-10-08 10:26:34',0,'laetitia','janssens',NULL,'a039d65221b6ef8ef89ed787d84547ff4eecfb7fb5c6197bd9cf9ab687abd7f7','bde6f2f8b56e6fd10a61c421a9f4fe38ce93e513e926c3d5820b5bc70b195b41',0),(297,'ldrees',NULL,'ldrees@vub.ac.be','2011-10-08 10:37:01','2011-10-08 10:37:01',0,'Lieze','Drees',NULL,'35bdec2dd9c26bd3499683e6c89e846a0d2f55c9c767c9ff3409e3f4d7a3e3dc','d1303283cff377d99b54581354f1697dc94840fc724e1d378e9d9583b5531f78',0),(298,'cslegten',NULL,'cslegten@vub.ac.be','2011-10-08 11:35:32','2011-10-08 11:35:32',0,'Caroline','Slegten',NULL,'7b86e474231deeca1bbd4542deb3b1b34e2eff419ea084fdcfbf92f7e3384617','9a8078c694e5d9be37f36ee6229ec81c27056a7c11cb71933d5d0e075f41513b',0),(299,'pavdlind',NULL,'pavdlind@vub.ac.be','2011-10-08 13:40:05','2011-10-08 13:40:05',0,'Pascal','Vanderlinden',NULL,'0184d253c425dd569d6c4892d557a9026c4835f8f9fa5830362ce4b1ef002f9e','4d9f89d6353d6cfc1038b13d405ef889b429d077cc21894cebb485f8d327957f',0),(300,'evdeboec',NULL,'evdeboec@vub.ac.be','2011-10-08 14:12:21','2011-10-08 14:12:21',0,'Evelyne','De Boeck',NULL,'a69eeb742f6525b34e6dbcf9df44e2d7f8eb398b7209cdab1baef213aa64947e','d339a62ff604ab054000b275737a88f455aff7042ef54ddcfa9ecaec2a1279d2',0),(301,'shargits',NULL,'shargits@vub.ac.be','2011-10-08 16:18:50','2011-10-08 16:18:50',0,'Shari','Gits',NULL,'f10e93ac6f6b4c8831fcd0647060c0d263aef01086dbe53bbfe5b5e822fbf570','b98bec856b6267169248ca74245e76e9c7b82be076036a0e8d4f74150c459d62',0),(302,'aderouck',NULL,'aderouck@vub.ac.be','2011-10-08 17:00:23','2011-10-08 17:00:23',0,'Annelien','De Rouck',NULL,'0e6bae2f6f6a61378265caf3e7dc4b22e7c76a5d0d4d59ac26b070c17929ca17','713fe1df545475acdf8b45babf02bdb1af73e5b11928488e2d42ec92bf361d18',0),(303,'ydegroen',NULL,'ydegroen@vub.ac.be','2011-10-08 18:32:58','2011-10-08 18:32:58',0,'Yentl','De Groen',NULL,'25a9e76e1a22444fa0049dc09a1f255781a15dbcde7ad710978420ff625abb0d','784494601d63b9eb54348d28f2d795e1a5b4a14d056fc7d6637154358a69dd07',0),(304,'ddeturck',NULL,'ddeturck@vub.ac.be','2011-10-08 19:02:03','2011-10-08 19:02:03',0,'Dorien','De Turck',NULL,'651d2c8754aaca696f94d86275a82157f2c158a9533d9f5993e38357eed0b14b','336dd3777c1e7c4978e7fb4aa0c7485e16d60fa573d54d5aada663d64f9e946b',0),(305,'sdroschh',NULL,'sdroschh@vub.ac.be','2011-10-08 20:20:36','2011-10-08 20:20:36',0,'Silke','Drösch',NULL,'14a15b5617e30b91bddaccc8a72a741de309b4380d50d0ebc12e59ed42a2e6fd','a7345bb7c8a6b3b920436252fbd8aa8a02f33b6cd6540da2ab2b45a0c6126d95',0),(306,'svdesche',NULL,'svdesche@vub.ac.be','2011-10-08 20:28:29','2011-10-08 20:28:29',0,'Sven','De Schepper',NULL,'eb1033b512ffaababacb146c40aeb106ccb586a732ebe500b283b5ee92b90277','b2097168965a6da18fefedcf3b18e545d01b350f839d47eb96c3717f4d353926',0),(307,'apaenen',NULL,'apaenen@vub.ac.be','2011-10-08 20:56:22','2011-10-08 20:56:22',0,'Aziza','Paenen',NULL,'3f2a0adcf8980c7956a4195c6b6b486688563c4d08b28d2dc390af05b66d2ebf','a7603752adcccc68a34923a61f76f28ee2905d36b60245f40cffcfe5530c64e7',0),(308,'ddevogel',NULL,'ddevogel@vub.ac.be','2011-10-08 20:58:07','2011-10-08 20:58:07',0,'Dimitri','De Vogelaer',NULL,'55043bff332d7d91df421c837265e7efe11d5166ba99382ffe919bbf91da110f','cf40e085506ede1de5bcf1de6ff47bdffdd857ef66a42506f60b6d44cd0d2d65',0),(309,'carrosse',NULL,'carrosse@vub.ac.be','2011-10-08 22:17:04','2011-10-08 22:17:04',0,'Carl','Rosseel',NULL,'54adad116ed2242fe0282e0fac7e5fb9f80207ccc00b398b5596a448814464fe','35776d8d9411a05846628a124b31066451f2413008bf5dcec61dc0f4b673b62b',0),(310,'peiselei',NULL,'peiselei@vub.ac.be','2011-10-09 08:32:35','2011-10-09 08:32:35',0,'Philippe','Eiselein',NULL,'28180625edbe3fdbdb2d883d814734f4c6d9a6d408c3e55873c709d07ca4015e','22a8ea7c9d14ec9cd69b1da7b59913e8d9896e38f91e0e71d5e2cecd0edd324b',0),(311,'rvdabbee',NULL,'rvdabbee@vub.ac.be','2011-10-09 09:17:42','2011-10-09 09:17:42',0,'Ralph','Van den Abbeele',NULL,'b34c292c847932cbe6cb312918e7cf6d99d5322cc3c7251da2eb55c91e3db8a2','cb83f83c88e9c134a97caad4656b8dd6a1e3b000de3d5b51429d01c212fa89a6',0),(312,'ldermaux',NULL,'ldermaux@vub.ac.be','2011-10-09 09:21:10','2011-10-09 09:21:10',0,'Lorena','Dermaux',NULL,'539d53f2dbb1a6fc3ae41abc17a928b419355d88a47c37a8effa0568cf3b6290','dea39d81e6176e5abdc7e6a4530979ee75bda8f23e654144385bf69cdc8ca73f',0),(313,'tvkerkho',NULL,'tvkerkho@vub.ac.be','2011-10-09 10:12:20','2011-10-09 10:12:20',0,'Tine','Van Kerkhoven',NULL,'213dba8d393d6f518b199b186e999260b8a53dde43a743873c2323d39de82ef2','519b41c1ee2a2a64e0097a301907d14db4b4f08ccd68d228bd7ecd8cd02f8c07',0),(314,'nstorms',NULL,'nstorms@vub.ac.be','2011-10-09 10:36:58','2011-10-09 10:36:58',0,'Nikee ','Storms',NULL,'d9c3e9ffadb6a6b1cad27c474eaa5c8b9d2231417b254b15d08f71020a5220c9','45c5616a0c750a20333b692844069581c9b5690ab4bbe3d30c0bba19cbbd59e5',0),(315,'ehillaer',NULL,'ehillaer@vub.ac.be','2011-10-09 12:43:41','2011-10-09 12:43:41',0,'Elliott','Hillaert',NULL,'dea5dbeaaa346454ff30126962dfc0c29df275cde0e141335ba74f1a04bba66e','82146a9f0928fa5a620f837d82c850479c51096f7156b5bac6cf05fed9d171bc',0),(316,'gschouke',NULL,'gschouke@vub.ac.be','2011-10-09 13:02:48','2011-10-09 13:02:48',0,'Glenda','Schoukens',NULL,'3edce0219064eba5f99e9ba18f03d50b0bf049a02a34bc186386c7202d3e7d60','5a5ecf5c62d565f1e3035bcf495644b039b717ce025bfb78950d7375f2804f76',0),(317,'bebaeyen',NULL,'bebaeyen@vub.ac.be','2011-10-09 14:04:43','2011-10-09 14:04:43',0,'Ben','Baeyens',NULL,'1da591644a600324afd46bc928a0ea0aff66130a81bc5e809f8b514d207a512e','46325adfd3ebf2189b33a98a6219797f7453ff8d7cd8c8cffc0266dcfbf7f27d',0),(318,'jelsayyi',NULL,'jelsayyi@vub.ac.be','2011-10-09 14:13:31','2011-10-09 14:13:31',0,'Junes','El-Sayyid',NULL,'675f818bd080657836320f2af1597431f798a6144fbbc6d49095de763921b2f3','4f294fd0952329fa632560865521c4e6e2e812bcfb457be7188193d02712af27',0),(319,'snotelae',NULL,'snotelae@vub.ac.be','2011-10-09 14:29:55','2011-10-09 14:29:55',0,'Stephanie','Notelaers',NULL,'d6c501fdcc5404470cb1ce2ecc26830e8fada140bb67ab9c794d77daf996ac79','758969dec0e2a7ec198364e75b1a64b30a01927b80fd0a57e34fdd7e10843184',0),(320,'elozovsk',NULL,'elozovsk@vub.ac.be','2011-10-09 14:51:16','2011-10-09 14:51:16',0,'Eliza','Lozovska',NULL,'f5b37feb07e4d5ae68ccd1073e0a72dbd0f0b9db56243c248c494db2b8a05a16','da8a7cf291503007c7fe9884404e72ab1bf9b5dfcfad8ef7180ccc146c72c6a2',0),(321,'mattgoos',NULL,'mattgoos@vub.ac.be','2011-10-09 14:56:15','2011-10-09 14:56:15',0,'Matthias','Goossens',NULL,'a0c0e70f21c495bb9089cbdcfa99d083a0bc5e369fdc1b171f53c4a582b6ec74','4cd94095598507ed0251edb1aeb701ce496e4d67de53450049fb5b1cb2ef0f35',0),(322,'jpasschy',NULL,'jpasschy@vub.ac.be','2011-10-09 15:01:36','2011-10-09 15:01:36',0,'jeremy','passchyn',NULL,'b046f287504511ac88309c69d1dfdaadd32847178a1314d979137733a2005b81','d79d4dac9ae5d488e0bfecec4b33afa0c0ca2a0157f68028cd251a86b6e7eb66',0),(323,'cammnola',NULL,'cammnola@vub.ac.be','2011-10-09 15:01:42','2011-10-09 15:01:42',0,'nola','cammu',NULL,'b81aac5541001311849aaf842b725081cae270cb024a08524d6b108a38d01df5','cd8a5c45b50fefa971be947e5d35e133a102e77d9a279c1100ec6b1ea121786d',0),(324,'jschelle',NULL,'jschelle@vub.ac.be','2011-10-09 15:09:49','2011-10-09 15:09:49',0,'Jana','Schellemans',NULL,'cc173eafd33807459cb56361ba9fc8469f93eb508beb40f88b3d237d51356682','cbae64e771c1dc2da865494fabab6abcb4b69c7f02c6c2b0086625f6ea13504d',0),(325,'festeven',NULL,'festeven@vub.ac.be','2011-10-09 15:44:18','2011-10-09 15:44:18',0,'Femke','Stevens',NULL,'01136d06a4b7b554b70e8afefaf8e0bb7fdbc36377bcdb00f7b22861b23e01b5','8dfa46dc1662370764710527d1f4aa546071df44655241bd76b4c6dafd29a718',0),(326,'laudupon',NULL,'laudupon@vub.ac.be','2011-10-09 17:07:13','2011-10-09 17:07:13',0,'Laurine Dupont','Dupont',NULL,'edd01d5222ba44d9406ad6ee4a2cdcbd30d74956afb4e9a3b5671909e0f640cd','2ac1a5857f4724de6ce8a85d2305c4fe93f4aeaeac4acbb383fe6083bddbfe81',0),(327,'evstroob',NULL,'evstroob@vub.ac.be','2011-10-09 17:15:45','2011-10-09 17:15:45',0,'eva','stroobants',NULL,'4df9288e72e5930b136a3571da241ffc451d3ace4971d26f83367d15181edbc7','fbc569c4fbe1d0c5109ee98553ba7a3e07c4bad1e98d905508f16bc3f425592e',0),(328,'lvernimm',NULL,'lvernimm@vub.ac.be','2011-10-09 17:21:55','2011-10-09 17:21:55',0,'Loïc','Vernimmen',NULL,'482ba59f8a3e5a58a6b614799cc0737a408ff1138e8f98ea8ee9c4a5327df267','aed35e1ed1ad635b7845ca74d55b85a469293e34149c86fb774feb3ef7540ef5',0),(329,'jefwille',NULL,'jefwille@vub.ac.be','2011-10-09 17:59:40','2011-10-09 17:59:40',0,'Jef','Willems',NULL,'75de6e816c64937112b4c8ceb7f19b625567167072acc0ebaf6ce468d08049f3','ffe79cadef409d173fa1d7e2458d94b082c50d1e43ac5500a0d92208511d0c95',0),(330,'kdelcour',NULL,'kdelcour@vub.ac.be','2011-10-09 18:01:26','2011-10-09 18:01:26',0,'Kris','Delcour',NULL,'87d055181c050e5051906f48884b995e087af5488f9cd87cea4f439b6d3b9e3c','f8b8753e290e35c2db459b915b7102379716ccd9548f02714e31dba5bba048f7',0),(331,'eheselma',NULL,'eheselma@vub.ac.be','2011-10-09 18:08:25','2011-10-09 18:08:25',0,'Elien','Heselmans',NULL,'8a6c8f461cd890324f4c5bfdb4272c4810fd311a3e6eb802e9c5d5b2bb77887c','29be1fc9d9e10a102cbfb7252464a69635102f7d0ebce1d3787c46c1ba873420',0),(332,'licarlie',NULL,'licarlie@vub.ac.be','2011-10-09 18:09:22','2011-10-09 18:09:22',0,'Liesbeth','Carlier',NULL,'31b01bebf7f8815e0d48fee0e0c7bc2d9af653530293a3815e300dbdc2cebe56','1b7c67b3e2472fb130af562cf06a9b4632648d518cd84e0d77845b2435a5179b',0),(333,'rlandbru',NULL,'rlandbru@vub.ac.be','2011-10-09 18:22:12','2011-10-09 18:22:12',0,'Ryan','Landbrug',NULL,'087b0978fa79d81bbef8038892d0fcf2461c5a595447455febf6e48aa9bee7b7','74b65d7055dc0fcae12c51e6a829273d49e01fc95281c2ec65e80ef2c8894bce',0),(334,'fevcappe',NULL,'fevcappe@vub.ac.be','2011-10-09 19:34:25','2011-10-09 19:34:25',0,'Felix','Van Cappellen',NULL,'3a5604c810f27d217e50a5b013c49bc8702218d3b17a33b4c2ab3a122fde3ca8','70c27b39a55d92e2ff1cdb236764d274cdab285836f5c8db88a4d43c17ea275a',0),(335,'nkotnik',NULL,'nkotnik@vub.ac.be','2011-10-09 19:41:23','2011-10-09 19:41:23',0,'Nico','Kotnik',NULL,'8d899ded0ae1459f99604eed2dba43b21d30a438c7e99652914c834d129eaaa8','1a93ff49a586eff8f94028a17c68d644cab483315b8c52a1a260073eeec1b9a9',0),(336,'drostiaw',NULL,'drostiaw@vub.ac.be','2011-10-09 19:57:52','2011-10-09 19:57:52',0,'Dwi','Rostia Wijayandari',NULL,'7d8e7859d9e684c5272049d3272f78f3ce364c8c6611c03f628cc291abe1da5b','f92a3c6abc2a5731488431b02846b0ac7d6e5953295347e9047b09ad1ccbb80b',0),(337,'vadeback',NULL,'vadeback@vub.ac.be','2011-10-09 20:11:11','2011-10-09 20:11:11',0,'Valerie','Debacker',NULL,'2a73d07720bf2dca5e510c94dc0d58f3062eb13393c8cdab04b5665aed9d1c05','519196369663e588729bf81d9d8d20d60bc028fc14e357a4e9a1f4a24711260f',0),(338,'dsybers',NULL,'dsybers@vub.ac.be','2011-10-09 20:12:25','2011-10-09 20:12:25',0,'David','Sybers',NULL,'c0934a41b36e81d06998517c313be49cbd7098f84fd96b618f3acca8c7a5d0fa','58c69f076829c20be08597660ddbce62971b224353bf4ad476f52c6095a070ef',0),(339,'jolbogae',NULL,'jolbogae@vub.ac.be','2011-10-09 20:25:21','2011-10-09 20:25:21',0,'jolien','bogaert',NULL,'7c719c603df2e29720342f0dd740703ff493c60ffffc9419477cd4f0a3fd3985','844cf5cdecd4a7b2f6927d1a9237a579cc1676188b779dca9ee775c7901040f6',0),(340,'joaseger',NULL,'joaseger@vub.ac.be','2011-10-09 22:17:28','2011-10-09 22:17:28',0,'joachim','segers',NULL,'fa3aae1ecab3b2431b9f8be6e9cafbd772b07dd82dd8f3d1a8a4a2c94190788d','336137941e35420beab74eac9d5213815334dd352beb71abfbea8d77d1c63507',0),(341,'akorvers',NULL,'akorvers@vub.ac.be','2011-10-10 02:37:39','2011-10-10 02:37:39',0,'Martijn','Körvers',NULL,'f6425a2a572468a22fbb6c0a459ba534842f508bd682724c03c7bee39ae8f237','8cd48bfca4d3bca32f0428da2841b651c1ae9eb7c6881712a808685f934d8ca1',0),(342,'dvbael',NULL,'dvbael@vub.ac.be','2011-10-10 05:15:15','2011-10-10 05:15:15',0,'dirk','van bael',NULL,'76a07ffa3f39aa508940164ac9ecc4f13615918b0737d291bb9665fd2ccc8f42','9503ee15483e4b8af2b2b9c2d0a51a9fbdd55dc392c8e33cbae3315e365141f2',0),(343,'nrchid',NULL,'nrchid@vub.ac.be','2011-10-10 06:32:30','2011-10-10 06:32:30',0,'nadia','r\'chid',NULL,'29013c6846f4a1ae9e4532be7db94a8ace53ccada024393ff1fed0bc8b185360','cc9d2e6ee34f7e7ce34fb9f0c765588a4a5de7fb7b1576c330be140868748dee',0),(344,'primacopy',NULL,'primacopy@gmail.com','2011-10-10 06:44:41','2011-10-10 06:44:41',0,'primacopy','prima_copy',NULL,'d22c52974b1d6249a0b0b13729d43d51391250ceef48db7119fef78be9849af6','9f0dd48cf3e433099256a4cc699755186c03b5b874d11a76a0f50c1fa84c7402',0),(345,'jvervloe',NULL,'jvervloe@vub.ac.be','2011-10-10 07:32:40','2011-10-10 07:32:40',0,'Jolien','Vervloet',NULL,'18ce58582b3c8f95553767ce14ce548a99a8e6bb41ebf06569dc95b41927571d','289be23f2d79e2a2f12332c4272d60db1d1cf3ce0615f62c8790f926ff67eceb',0),(346,'jennida',NULL,'jennida@vub.ac.be','2011-10-10 07:32:44','2011-10-10 07:32:44',0,'Jennifer','Ida',NULL,'3d7509cb09a469917891bdf15f533f3a8ff151bf66ac9748da87a30fd37a83e4','9207786132c423a75b102fb20ed2ef37b7473770814c344d5f75f0b84a4cea90',0),(347,'sboucque',NULL,'sboucque@vub.ac.be','2011-10-10 07:39:59','2011-10-10 07:39:59',0,'Sophie','Boucquey',NULL,'e38ccf54612b7a922dba644c5a9947495fb1fcf12cff85c08bafb5bbf7da29d7','525983862cde0687eb50c4ab6210767d65ab8f2138e2b56e0b3c631d804858f7',0),(348,'ddebrouw',NULL,'ddebrouw@vub.ac.be','2011-10-10 07:52:22','2011-10-10 07:52:22',0,'Dorien','Debrouwer',NULL,'cf1df5eb690447025decd26915d218cbbac31df3d852976ce7333b859c8d5374','cfe282f70af9d13653cc2b2f6b3987842d65a091c8255472c9660d050fe9f106',0),(349,'gvhove',NULL,'gvhove@vub.ac.be','2011-10-10 08:01:18','2011-10-10 08:01:18',0,'Goele','Vanhove',NULL,'ba3644301f6b07afbdea47b22f925f3c461dcf78d36b9ffeb61a4023211eb613','57df3ef4623fb29f85dfd77a025f122f4d7c02413fa4ed4c2248fa1ca8e84a99',0),(350,'jmvbugge',NULL,'jmvbugge@vub.ac.be','2011-10-10 08:35:19','2011-10-10 08:35:19',0,'jmvbugge','Van Buggenhaut',NULL,'c4d3570b42dfc8145d32d22b1c10829390c921ac9c1d33403122e04fcb8866e9','f8327df53e5c440af74890e03829aaf3ab96d3497db678482295c347f37b3ddd',0),(351,'tveranne',NULL,'tveranne@vub.ac.be','2011-10-10 08:36:42','2011-10-10 08:36:42',0,'Thomas','Veranneman',NULL,'2510d9e194190abc134117cce3445d2a0d98d386c99aa2157222b2c0367d7c29','aa96b2af139e19a37d7cab3cea33cc8da2ee890667ab236bb0b1137ab32370e8',0),(352,'nbosteel',NULL,'nbosteel@vub.ac.be','2011-10-10 08:36:50','2011-10-10 08:36:50',0,'Nino','Bosteels',NULL,'54aa956eaa2922d09f4486564229bd2ed04736331f16f8f1eaca90c99a066600','880f7654b1d15c50bd4a72d03f2d08f19c8ce622605f85e7ca6e5629394eed6e',0),(353,'fcoomans',NULL,'fcoomans@vub.ac.be','2011-10-10 08:43:55','2011-10-10 08:43:55',0,'Frans','Coomans',NULL,'d9f1e44510ca2d98b1ef76869e309aa1bfc595429a4046ed74856cc47e658c4f','8f184ae016d90f269f26abc29e21c24cd85a106538f68c724db0304eab928beb',0),(354,'jadecuyp',NULL,'jadecuyp@vub.ac.be','2011-10-10 08:44:20','2011-10-10 08:44:20',0,'Janiek','Decuypere',NULL,'f4e42ff658e3cde727eae0606e726353ffeb3940776caba6a3eaba119ed7a581','9bf2c6ca49e727c1b9fc4a4cba414f0106b2ac6e4301f894f56684aa99254044',0),(355,'svregenm',NULL,'svregenm@vub.ac.be','2011-10-10 09:00:03','2011-10-10 09:00:03',0,'Sofie','Van Regenmortel',NULL,'c5b8b15d44af5824ff3f528c95318cb1a56d5bbb40035bf5e3c350b8a7a994f3','ad4583d91da1e318b0e8290f6e5166589cf4cc10217d3edb687efc1e1887c36e',0),(356,'mnoeland',NULL,'mnoeland@vub.ac.be','2011-10-10 09:26:30','2011-10-10 09:26:30',0,'Marie','Noelanders',NULL,'b471a1278c1241a997ab65f50b031d95164dbd57263be1add4d14bddccae4187','c2ad7163db3874e08dd7b40e5ab11801802dc8e4e0db619dca1bec6c8ae1190a',0),(357,'ablokhin',NULL,'ablokhin@vub.ac.be','2011-10-10 09:30:13','2011-10-10 09:30:13',0,'Alexei','Blokhine',NULL,'8737f9543e2f3d78d3c6231405e5678c25fbcd6c91ec93b7cdd16e982c4681b5','c0c420f9c044b9de6b6853ac2b1e2106e0f4ac490586ca000c65dd9e8169cbd0',0),(358,'dwillock',NULL,'dwillock@vub.ac.be','2011-10-10 09:41:56','2011-10-10 09:41:56',0,'Debbie','Willockx',NULL,'e934ddefb52963bdc24bf65e529dff93ba1ec59c17268fe1a87b487db4fa3ae5','a22a8aa00aca886243a86e561dcb481bcd17b122cd64c727e8a7bc3252503561',0),(359,'bgeboes',NULL,'bgeboes@vub.ac.be','2011-10-10 09:55:07','2011-10-10 09:55:07',0,'Bart','Geboes',NULL,'2067bffa6e35d93907e6024d92e263a9ac9938f57014973f6fabdc4858e1a010','c4f67b928a27fcf7e45ef18fa58c6f51678a0d540ae3a28c6a28f858cd18632c',0),(360,'mvdbergh',NULL,'mvdbergh@vub.ac.be','2011-10-10 10:23:30','2011-10-10 10:23:30',0,'Marileen ','Vandenberghe',NULL,'020af0f0e7e1c3ff6321faca2a206af1949d747f49b1e6e4eae4e230ddba58d7','bf168842ae502fcf19af8305510b2ced1be14ecdff0e437ee1e92d682ccd27c1',0),(361,'lagonzal',NULL,'lagonzal@vub.ac.be','2011-10-10 10:28:26','2011-10-10 10:28:26',0,'laura','gonzalez',NULL,'be6aacea35ce877d4dd10e7a2763e1693bb713d199cfedb382f5b16406d7d789','a90dfb8e51440a00ada2f2da4a74168ce68e053e461cfe9cfe77fa15d2f598be',0),(362,'naherreg',NULL,'naherreg@vub.ac.be','2011-10-10 10:28:37','2011-10-10 10:28:37',0,'Nathalie','Herregods',NULL,'29fd2e0055507525e0d5439aeb42e755f9b6569292bd56919da48962d89e030f','8f1bc3d96c2cc89775af4d4add1054e75f6d135ba1fd51c053997cb689820058',0),(363,'jelmasba',NULL,'jelmasba@vub.ac.be','2011-10-10 10:29:32','2011-10-10 10:29:32',0,'Jamila','El Masbahi',NULL,'f85938b31dfc2a2238325e5bcbefa755a013a9b8c08675201adae4b24148ed8f','1715126b8bddfb73a809b47d773efc314150fc1f7c2ecbbb6a9f80d907055a3a',0),(364,'evrillae',NULL,'evrillae@vub.ac.be','2011-10-10 10:36:16','2011-10-10 10:36:16',0,'Eva','Van Rillaer',NULL,'079e1d0c8857ec5789df7a4c8c02123adcccac63b9eca7d835bb16ebf156f9e8','b6ab39506065f5ef1a74458b5e186d22a26c80fc6dc091e4ee36a919ed454f14',0),(365,'gsoderma',NULL,'gsoderma@vub.ac.be','2011-10-10 10:39:52','2011-10-10 10:39:52',0,'glenn','sodermans',NULL,'3ec42cc884e8dbc08a9a6d11b038f2f520be69161e05d40985e9a7770171b48c','a61919b2de8042b130311499076c7099459d4f4ccc072b930ee56069f4ef4bd4',0),(366,'trvroy',NULL,'trvroy@vub.ac.be','2011-10-10 10:47:06','2011-10-10 10:47:06',0,'thomas','van roy',NULL,'b05ceb9b8a6ed5572a65372310188e5c4a069d600bdc9642ac240e6968c4f283','641da6f156f0a2b21bb2a4f7b1940943ed95180423442b1f45fc28501362ff80',0),(367,'jamoeren',NULL,'jamoeren@vub.ac.be','2011-10-10 10:58:20','2011-10-10 10:58:20',0,'jan','Moerenhout',NULL,'580fbd63d3e9ff6f78d1632d2047adfcb9886e72abcda6259c2fd0b1ef7bfb1c','6e9fe3d88b8f0c7f87c7aa097e2d047adfe694b58988924b96a5179a007746b6',0),(368,'jhammene',NULL,'jhammene@vub.ac.be','2011-10-10 11:17:44','2011-10-10 11:17:44',0,'Jules ','Hammenecker',NULL,'3d9e8c4c40d8dcbb46c27235f6c46259abba2f05ce6cf474a41ade499cd5389c','9f6c6e6fc193252aacad86c9d374cf3b47521c72bfcfdcdb8945712f82a1d2c7',0),(369,'pjoosten',NULL,'pjoosten@vub.ac.be','2011-10-10 11:19:00','2011-10-10 11:19:00',0,'Pieter','Joostens',NULL,'6ed00438f9f66549b7cfed418550e26c81b890e6c3c2bb8fca865eb94b001a7c','7dc86de335d994a62bd2b226fec2fb6eb17b444937d1deb1bc6309f18d795faa',0),(370,'tpittevi',NULL,'tpittevi@vub.ac.be','2011-10-10 11:21:58','2011-10-10 11:21:58',0,'Tom','Pittevils',NULL,'919d27bc3276a22c62ac64e58b6fe11a63aa1187d86440716221b91eae51c6f7','746e2f23b4cd43044ece341ee5a7f1fe5c58315d6eb11cb7456908565c7056ac',0),(371,'nserneel',NULL,'nserneel@vub.ac.be','2011-10-10 11:24:17','2011-10-10 11:24:17',0,'Nick','Serneels',NULL,'3839aef69cfd7916bc120a3092b345d352ed4b81d4f96c15fa8fede30f3c65a8','7a9dbe3f9c07403056145b8cbd24e32ac8c0d0e39ba54d6b0e3917f51472906b',0),(372,'kcalluy',NULL,'kcalluy@vub.ac.be','2011-10-10 11:32:00','2011-10-10 11:32:00',0,'Karolien','Calluy',NULL,'616a0530ef44c18dd9985f15aa0e027caaa9388726371ceac057e51f69f60398','048b8cf5a74d55c3409c8ca6a60bf71d03fb1f65cc83132be47fb81f2c1edcb1',0),(373,'lpieters',NULL,'lpieters@vub.ac.be','2011-10-10 11:36:10','2011-10-10 11:36:10',0,'Lieselotte','Pieters',NULL,'500500af6e77b29061c534c834bb40a0f52ac7bf91d03f2553f8cc46e8caee9c','421dd014c55b449423452455c5052485973dc26c0d558e99fba2157dbe69e6b0',0),(374,'elscarli',NULL,'elscarli@vub.ac.be','2011-10-10 11:37:11','2011-10-10 11:37:11',0,'elsa','carlier',NULL,'aa8c0fe22763e88fc249a6ffa6cbc6af9f84bfeb56dfa0705757f8bc69263705','14b63ff2079115891d6bf4c2c50ae1e4ade945a697014000bff5bf3b2d15dcbf',0),(375,'glermyte',NULL,'glermyte@vub.ac.be','2011-10-10 11:43:47','2011-10-10 11:43:47',0,'Geert','Lermyte',NULL,'2d51ef56bf3d0f4319d050319f53be03a5a829f8eb0f3009bdc07eec982fe85d','d67175838550c5f00198eab2264f2814a9a955694d697f79aec8413a9883a48a',0),(376,'evblonde',NULL,'evblonde@vub.ac.be','2011-10-10 11:53:59','2011-10-10 11:53:59',0,'evelyn','blondeel',NULL,'281236e349d8b78a32ddbaa96335dce9d5ff69a721ecd0e83e83ef743b555c95','96f10194927d51e979bb0f0e3a02541e9e1690f7652c12bfacacc170c9324dd0',0),(377,'timmasy',NULL,'timmasy@vub.ac.be','2011-10-10 12:04:24','2011-10-10 12:04:24',0,'Tim','Masy',NULL,'69346a5bfb96c309d2a247f10001f44e2430e6b4abaed344fc8bebd096a4183b','9519a31bb1e428c08ae653705880cb92c82b9d47b17a22c9401a0bc39bc4088d',0),(378,'jancorne',NULL,'jancorne@vub.ac.be','2011-10-10 12:13:48','2011-10-10 12:13:48',0,'Jana','Cornelis',NULL,'a96dc6fefee1f0222a2fb1b2c0899fc1c63d3d704b223def7bc60f152828174b','3c2f4a45750af78cd1bfd6649457ceb17e322d6deab652fd0a3a0a02d93a9511',0),(379,'adeherto',NULL,'adeherto@vub.ac.be','2011-10-10 12:15:00','2011-10-10 12:15:00',0,'Alain','De Hertog',NULL,'a30d9b44e17a2912d395b7e80b43e3265edeb29ab652d6e2a8489b094b4ae5df','1cea1be4d3f3b298dde887df80d431c9a4c1e784c2d757c64655fdadb1e92256',0),(380,'mfauconn',NULL,'mfauconn@vub.ac.be','2011-10-10 12:34:07','2011-10-10 12:34:07',0,'Max','Fauconnier',NULL,'70774aeb2a9c5e39e63ff659ca1a1a5ecfe1f31f22946df6fc6de5e5608d52c3','518a7910ebef49ca5bb514d35471b8f708bf778c720df0981b6fe9c49cad1e43',0),(381,'smathees',NULL,'smathees@vub.ac.be','2011-10-10 12:55:41','2011-10-10 12:55:41',0,'Saskia','Matheesen²',NULL,'377877a9fdae5d607e83b60260ce3517d91509d0042fb48adc057abe691fceb2','efca429a8343a7e13b65e5be80a39f8d635b793d9de97194a1dcfccfaa66659d',0),(382,'sedepauw',NULL,'sedepauw@vub.ac.be','2011-10-10 13:18:26','2011-10-10 13:18:26',0,'Sepp','De Pauw',NULL,'fb3300193d1d239bbce24f0d6474e9129bced065596885deebc5e2ffb3ede7e7','1d60891a8038e5562f13ed4ae3053f66bf72ce811e7bcc147e7208fafe6110a9',0),(383,'qchenu',NULL,'qchenu@vub.ac.be','2011-10-10 13:37:56','2011-10-10 13:37:56',0,'Quentin','Chenu',NULL,'79e8a65b48a8f6f3e044e2dad52a45631380a477b22f0c0184ad128a572440aa','216b858cdc948ba045957933cb4750e5ab808a671d478e830b66ae78f5818f84',0),(384,'spletinc',NULL,'spletinc@vub.ac.be','2011-10-10 13:46:34','2011-10-10 13:46:34',0,'Sven','Pletincx',NULL,'a53431c14b262076f7ee099796711438ed39d7d56223b8020fdc670699077791','aae4627fbb7f451e9b8c56f7f1be9c4e3ff2f8f15da72ee3413f97b102a4d3f8',0),(385,'svlangen',NULL,'svlangen@vub.ac.be','2011-10-10 14:17:02','2011-10-10 14:17:02',0,'Sylvie','Vanlangendonck',NULL,'b8ac0e9a5cf466a7de2d91b51cdf9ba985d9c9cfe39e5dbdf8ef9c804ea4f0e9','9456164b1e96b74e8c3e6ba281f3ad202d8a1413a222789b77c1bb72f2509323',0),(386,'radevrie',NULL,'radevrie@vub.ac.be','2011-10-10 14:23:16','2011-10-10 14:23:16',0,'Rachel','De Vries',NULL,'33bca7c7e88ff7592cb4236fbb662e52c6900afd2aeb35683fcc90e8efd01a2a','89af71b50c2e26ce4cb1bb449dffa2c34357953de0df7cea603012ca7a5b8cf7',0),(387,'lyadriae',NULL,'lyadriae@vub.ac.be','2011-10-10 14:24:20','2011-10-10 14:24:20',0,'Lynn','Adriaenssens',NULL,'7b185131f1b1ae6cf7db72243d770291e256a1f29aae7a07f6b967eddec5901d','356fe4cd60653066aae82aa5107368339b1201a543f9d2068fe734c91504fc41',0),(388,'lvlerber',NULL,'lvlerber@vub.ac.be','2011-10-10 14:51:44','2011-10-10 14:51:44',0,'Laura','Vanlerberghe',NULL,'88db81e3b3cce32a2d312e7384d753684dbd90034402812433033b4201fd4861','c283e7b3b5af40e80936211ca75c8c98b25c5b7984f898e9a851f9ef221e0a05',0),(389,'wvransbe',NULL,'wvransbe@vub.ac.be','2011-10-10 15:34:03','2011-10-10 15:34:03',0,'Wietse','Van Ransbeeck',NULL,'78b105afbe4185beab1075d5c4d9595b4041ee5c2f57b40fd3237b162660e7ba','cd4f132905e3c89bc88e3198f795e79833d1d695a829b631e2a976d79788c295',0),(390,'adeschri',NULL,'adeschri@vub.ac.be','2011-10-10 15:37:17','2011-10-10 15:37:17',0,'Aaron','De Schrijver',NULL,'e6d73b63a8bda086a8a4a8eff1c2b62e74aa19da688baf20513eab70424ce3ff','bc6c8261c4fa54b9a947b1f9127f112ea66ee928b52505c59cf55122bd3e3085',0),(391,'jademey',NULL,'jademey@vub.ac.be','2011-10-10 15:40:43','2011-10-10 15:40:43',0,'jarne','de Mey',NULL,'d7bedd4bf01512745e06cbafa1fbbff009bd9a7d53caeea1aa8dbd053f012e94','88ecd6e49faa3fb179e348f1cacfabe12a91a5ced7595781909956e4b4cebcff',0),(392,'jibroeka',NULL,'jibroeka@vub.ac.be','2011-10-10 15:42:47','2011-10-10 15:42:47',0,'Jitro','Broekaert',NULL,'9fcb9df52864a4b414f7fc1b1ede847ba877b5ae7ebf9e22a887263d7e238297','47c6f32e5784bec3293a66dab79206cdc6a41983ea84edbd898b5d9134172bc9',0),(393,'dedegree',NULL,'dedegree@vub.ac.be','2011-10-10 15:53:39','2011-10-10 15:53:39',0,'Debra','De Greef',NULL,'926e033b797466b6c39483a4d2587e6e1fec80e736508715e9a914a443cb9b4e','71b19cece8f49094c3994bb22c1539ebdedb1bdb7507c25c68f95bdfb6f80e24',0),(394,'lcrana',NULL,'lcrana@vub.ac.be','2011-10-10 16:15:40','2011-10-10 16:15:40',0,'Lynn','Crana',NULL,'f465dae64b65dee3e8643a49cf9c3a487dd32115f7fbb41a66fe3cdfc366a96f','6c5f4ffe84d99e1d9de0562039520fb5303ba9f74ccd75b772d912c5e831da83',0),(395,'tdorjbay',NULL,'tdorjbay@vub.ac.be','2011-10-10 16:17:23','2011-10-10 16:17:23',0,'Toeksa','Dorjbayar',NULL,'a1b9408a51bd51301dd9061cf552e46b1232b916d66828ea5def28922f8a2abd','3f637a3503ae56bd7a3f2d1cffc3d042a391d007c65307af87ef3e1977b114b1',0),(396,'elmaecke',NULL,'elmaecke@vub.ac.be','2011-10-10 16:38:17','2011-10-10 16:38:17',0,'Eline','Maeckelberghe',NULL,'85628adf8da082aa6781ca31226e3b43aa24379614e186bc8ad125e7beb79b49','81c275d37b47b33235ac1de672452017369b2057b31d8483b0a987569dc7f16e',0),(397,'rheyvaer',NULL,'rheyvaer@vub.ac.be','2011-10-10 16:42:46','2011-10-10 16:42:46',0,'Rob','Heyvaert',NULL,'bd269c2786e240c6e05780639098c772b39ab65898e654d61bc923db56ef08f4','a01b1f822b63cf8e2a24681abe1218513b9129fdbe5dcc076ccfbcf07e570e17',0),(398,'cgreant',NULL,'cgreant@vub.ac.be','2011-10-10 16:53:43','2011-10-10 16:53:43',0,'coralie','greant',NULL,'e3d28d51736e9970f9676009980dc03e555ca6176991512d4853ad1d630af6fa','7d1db9e5898e43300383adbd336fc30a4ffdc73be40764b2160e78081a6a0297',0),(399,'sdelbecq',NULL,'sdelbecq@vub.ac.be','2011-10-10 17:03:43','2011-10-10 17:03:43',0,'Saskia','Delbecque',NULL,'823f1ed0dda8c78ef1dff3151d27f1730db8b396623ee4dfa3914ded2766b894','1d331d0386e4cedcfe511d0c7253aebe142c159c05715eaf48cc1d867baf01b6',0),(400,'ehauben',NULL,'ehauben@vub.ac.be','2011-10-10 17:06:34','2011-10-10 17:06:34',0,'Elien','Hauben',NULL,'6dfa6453f783ff4f43f656322a5cf7d6d78ae80a22d9f1470affd511c7f7d27d','2d01f8630a2940866ded2b3d0796a3ccc5eb73eb1a7c12e61b9f2751634a618d',0),(401,'vquiryne',NULL,'vquiryne@vub.ac.be','2011-10-10 17:09:49','2011-10-10 17:09:49',0,'Veerle','Quirynen',NULL,'683c2f494ff370b10c1f6113cf07b766548238394bd18bf194e287aed24532b8','a431c8bc484a87ea25ae8c933ac0bb4af035f5ad9592867e1c34605354299b33',0),(402,'tochrist',NULL,'tochrist@vub.ac.be','2011-10-10 17:20:15','2011-10-10 17:20:15',0,'Tom','Christiaens',NULL,'9a8c9f8e31a03cf7d02ffa789b348b49a32e1642b925aa8393cb030ddf0c984c','64d4bf5aca14182a74db62e5e752d6de2e1b3f1b50a2646c84e7ada0ee891ddf',0),(403,'ejoosten',NULL,'ejoosten@vub.ac.be','2011-10-10 17:28:00','2011-10-10 17:28:00',0,'ester','joosten',NULL,'bd13f6557e413d474fc5eeee513e674d7af2e9cef0f4c03bc3a05d086ff491e0','c42778f4684ad24ccff1e85e1f0d44cc195174ff9923c1bc07bf2c3828c0c99f',0),(404,'egeerard',NULL,'egeerard@vub.ac.be','2011-10-10 17:28:15','2011-10-10 17:28:15',0,'Egon','Geerardyn',NULL,'cb13f92313f8e54c96c9128fcb13081f0bce257928f2cf4f88c421d760c41a4d','a51d8b30e17949bdebdd26867ef89374c409632f5b4dda5ac6c50f126c50ac54',0),(405,'ndevalck',NULL,'ndevalck@vub.ac.be','2011-10-10 17:49:22','2011-10-10 17:49:22',0,'Niels','De Valck',NULL,'7fba5cc15870567702de0a99954a8f3255a3bd52ef85b27616b4170ea23c96ec','d52c406f2332f10f402c78a3b3aad6aaac749877c81bf961ddf190566390f111',0),(406,'jvnerum',NULL,'jvnerum@vub.ac.be','2011-10-10 17:55:32','2011-10-10 17:55:32',0,'Jano','Van Nerum',NULL,'6cf59aee734bddc150b34494ca13e72643026dc408f9e1c57004377d3b0592a9','4ab8ef9b9e03b1c6d3a64bf61eee53f3a7d6f858ba7c6e06974e7a3450853102',0),(407,'bverspec',NULL,'bverspec@vub.ac.be','2011-10-10 18:19:40','2011-10-10 18:19:40',0,'Brian','Verspecht',NULL,'1e79c1749024cc8177cfcc4083dffc545711ff04834305a2753885391ea1283a','a0ecad87d5d583a756806ca09e9234bbae0864ccb0ccb21349d784a715ad2f68',0),(408,'kradmal',NULL,'kradmal@vub.ac.be','2011-10-10 18:31:20','2011-10-10 18:31:20',0,'Khaled','Radmal',NULL,'1cef40a9af6805b1b82c7f68e1160bef0cf9e40fccaf4c12125de8489b315808','01d612b493a56b9a28223918955338e75c5bedb913c63f7b31f7f2a0615f2d58',0),(409,'erottie',NULL,'erottie@vub.ac.be','2011-10-10 18:37:05','2011-10-10 18:37:05',0,'Enya','Rottie',NULL,'c99fa5ec4072c39e9057877bf9ba26ffe5a9bd86d6765bbe8c3b627bda85089d','39f38bc59ac2365e4416b1cc299614bd73904963c00b8fa93b6190d7fbe8604f',0),(410,'cyilmaz',NULL,'cyilmaz@vub.ac.be','2011-10-10 18:40:11','2011-10-10 18:40:11',0,'Cansu','Yilmaz',NULL,'8c223a31eccc14333224838f5c8a032d3217e45c7e931f8853ce2f3928660359','6b30f01519476dab4776c481a286bfad070a3dc56f358ca4426b276f4a7eeb8a',0),(411,'nvrancke',NULL,'nvrancke@vub.ac.be','2011-10-10 18:43:43','2011-10-10 18:43:43',0,'Nandi','Vrancken',NULL,'4182cb127aa88318e9ecb93a11d3f2b2362bea5b4ed33613a8d5c0ac2fdaff79','ea35ca4046b38f0038a3c9e436306bb157ab95251095a42f8bf6279303db21e9',0),(412,'lraaffel',NULL,'lraaffel@vub.ac.be','2011-10-10 19:00:50','2011-10-10 19:00:50',0,'Linsy','Raaffels',NULL,'465298167911cb337dce7899f0a8fb3efbe8d8d5540c04150a1c7e7c5e9284da','77b102321150500b6fde940b4edf6c668303b5511f42803294e09621f13fad31',0),(413,'lrondags',NULL,'lrondags@vub.ac.be','2011-10-10 19:31:41','2011-10-10 19:31:41',0,'Lore','Rondags',NULL,'e54cfcdd5deb3169c447ffa8125b4e4f93e09fd3d05aa3d10f957a8c03099375','6b27e98d6a78caf2ed66d6759394ba8fcda18568442af83c7f81a66d9a3ffd5b',0),(414,'kimnguy',NULL,'kimnguy@vub.ac.be','2011-10-10 19:43:23','2011-10-10 19:43:23',0,'Kim','Nguyen',NULL,'9d5c76fc88d920262d69ef575e5b0256f6ed1ac7fc08f2708951b1e0d0c880dc','a87b832d28cbbfd2bf5590c1e8814d93c53f8e15ec40aa5fa7eb3786800d4e4e',0),(415,'hswijsen',NULL,'hswijsen@vub.ac.be','2011-10-10 20:12:26','2011-10-10 20:12:26',0,'herman','swijsen',NULL,'29d905ee8f40be04025d1fa6546931db837f50279d3b9bc7ec2ac949e1604429','cb66777e38838c009a46ea6f1b7c21a37d32cbee009343edd272efc5e9e343df',0),(416,'mcomans',NULL,'mcomans@vub.ac.be','2011-10-10 20:21:30','2011-10-10 20:21:30',0,'magali','comans',NULL,'54842442ae59d88ccbf9f85310d9fb55af9f2c93e13d424b9ef44c50472679b1','25815ce6e3ff4df58629fe166b0b16aa6e4b3d2b5b72b140c0a36962d704afcc',0),(417,'lidewit',NULL,'lidewit@vub.ac.be','2011-10-10 20:22:31','2011-10-10 20:22:31',0,'Lien','Dewit',NULL,'b35ab72692bf7579eb026b8933fd3d1d8f8adb49fbb1805e8a1c351817a8552d','4545d1528d6e2c9f002140da991f603c1c8495157117b6d30109afda848857c6',0),(418,'arvdboss',NULL,'arvdboss@vub.ac.be','2011-10-10 20:36:10','2011-10-10 20:36:10',0,'arnaud','vandenbossche',NULL,'4af5bbc5eb1bacf45ac67334b4cf59456593eccb2544a51aca0a8192e77dc92d','1b5fe09ba5945ad69bc6cb6b43fe1c9ff4023e5a68d0636b2484b4fb8ace3946',0),(419,'dvrijdag',NULL,'dvrijdag@vub.ac.be','2011-10-10 21:00:57','2011-10-10 21:00:57',0,'Dieter','Vrijdaghs',NULL,'e2be3242470d095a4755a929439bae4eaca27c80729b38b418194baa018d3fc8','a68a87065e1cef2e826c21d946e80e907fdb4301e2ad181a9f7c5d3f52b3bce8',0),(420,'awattez',NULL,'awattez@vub.ac.be','2011-10-11 07:21:07','2011-10-11 07:21:07',0,'Aimée','Wattez',NULL,'90e2b08890cc5cdd731e48d568edefa9b8fe74547f8008c4796f2840d51bcf4f','29db94a2949c0a68524e7f9d1fea7823e584b57f270c9cd0f56a4f8de09237c0',0),(421,'maaivhoe',NULL,'maaivhoe@vub.ac.be','2011-10-11 09:01:11','2011-10-11 09:01:11',0,'Maaike','Van Hoe',NULL,'85e4c204ffc919e8975eb8237563d4923b5993a84179d8da9d30b667735f3d05','1378ba3c59c0a0836f0c9ad1ea5d00c14a5e2655fc261b24e1a157acc67c3cc7',0),(422,'bartdevo',NULL,'bartdevo@vub.ac.be','2011-10-11 09:08:48','2011-10-11 09:08:48',0,'Bart','Devos',NULL,'b917d33cfaf755204d21fd7f5a5c4167861ed3d9e8db53a01246314531c49cee','7e3ea269807a61897dedcb01b8c88a573648e1c3a404229bc6680fcc5a383aa1',0),(423,'lmonsere',NULL,'lmonsere@vub.ac.be','2011-10-11 09:14:31','2011-10-11 09:14:31',0,'Lynn','Monserez',NULL,'84ea0ed8cfecb9565f238c82def694b95596f4d2ddd9e08b4b3f21e243ebaf6a','d295c0c2d6e820aca373a2fd928e9718255a025f5083d68f4dca8ddc2b4c3358',0),(424,'vejacobs',NULL,'vejacobs@vub.ac.be','2011-10-11 09:22:10','2011-10-11 09:22:10',0,'Veerle','Jacobs',NULL,'b36cba52412524f4e66a03daade6bb5c15984d7fe1444f41964c851b29671d8c','78a3499a3a003ee2a6d5ff74c1e8c7b4c8cdb4c1ba782d3bc89283792c61f3fd',0),(425,'syverste',NULL,'syverste@vub.ac.be','2011-10-11 09:57:26','2011-10-11 09:57:26',0,'Sylvie Verstegen','Verstegen',NULL,'4cb624cf972ed88430c80d7d7659506cd1cbd0b7d1defcdbd9732977b6631323','cdb57242a19511d8d72380a9f0f330eb81539e5fa072b916ee69f92510839c9b',0),(426,'adenutte',NULL,'adenutte@vub.ac.be','2011-10-11 09:57:30','2011-10-11 09:57:30',0,'Andreas','De Nutte',NULL,'1fb42ca0cf5c069081602ae4df6d10f5a87b65190f22d018b19bf53918179873','6ca78be60fd599d69752ecca723ae0508c9ea168d5d45539135c5600662d5883',0),(427,'sdunon',NULL,'sdunon@vub.ac.be','2011-10-11 10:03:53','2011-10-11 10:03:53',0,'Sofie','Dunon',NULL,'0830240ada63e8db0bbac5539a0bbc5ad37dff70e2a56d797e4159bc407fc176','b8816a2a566bb1573fb11bc29262ca8820715ace943e7a33182266482daa0faa',0),(428,'dvdeweye',NULL,'dvdeweye@vub.ac.be','2011-10-11 10:11:40','2011-10-11 10:11:40',0,'Delphi','Van de Weyer',NULL,'8f7a72981215469c3943f51ac058d2395844e72265d486484d4a8ccd72d5206b','734bd67e37f78db9bc3cda57069b5007697f59b9800117aca95f9f6774348537',0),(429,'zleijnse',NULL,'zleijnse@vub.ac.be','2011-10-11 10:35:05','2011-10-11 10:35:05',0,'Zita','Leijnse',NULL,'82f5ee6686738a518dd1682ef2d1e24746eeef65dbd254c8005a3de83b3abec5','45d03b6a2cdc369eb7616d12eaf0c197f4a6a2ec2701d5bf5dc3ee4edef2d8c9',0),(430,'stijbeke',NULL,'stijbeke@vub.ac.be','2011-10-11 11:02:02','2011-10-11 11:02:02',0,'stijn','beke',NULL,'cf1a595314eb034ecd74c1a113e687f893224774e0cc90d34578af5242bab4b6','99d033d89db5c8dd70fef8104ef2c982b6c3bccff04cd9576ad0e5beb71ab51a',0),(431,'dvhorenb',NULL,'dvhorenb@vub.ac.be','2011-10-11 11:10:15','2011-10-11 11:10:15',0,'Dylan','Vanhorenbeke',NULL,'7c469f70019716647016d46dcfb54f8d8d2db6e221b5db6f304d5f26c80384c4','d71716b77762ebd76c474dd4222f20290222c799a3db5094b9e2095dc48bc2da',0),(432,'sadewaeg',NULL,'sadewaeg@vub.ac.be','2011-10-11 11:19:35','2011-10-11 11:19:35',0,'Sally','De Waegemaeker',NULL,'022a02245a93b24e5aaab313bea2ee90d622a52c9c9fb9a7dafa933d4257bf4b','0235e2995f4b00cfa0b93949d8bdb998c8006cbb9d4f40ccecf426a324f417ce',0),(433,'aloengar',NULL,'aloengar@vub.ac.be','2011-10-11 11:37:51','2011-10-11 11:37:51',0,'Alexander','Loengarov',NULL,'8dc42f3703d35e67c6496b8c13916385d3f5dca640505c0e4fcb893bbc53f730','26b6b516d70cd7b95c1f259983da4930180947db7bdfcc2afa214c9c726e8253',0),(434,'akerkri',NULL,'akerkri@vub.ac.be','2011-10-11 11:38:01','2011-10-11 11:38:01',0,'ahmed','kerkri',NULL,'ad526d58423f169ee0e289b41a3c849d1239764117453ed84d67834fa35faaae','32e709a4c90166a22d6c7630c15f8fba14db0228c384c3cd89622bd0b5d5377e',0),(435,'lalbrech',NULL,'lalbrech@vub.ac.be','2011-10-11 13:04:27','2011-10-11 13:04:27',0,'Lisa','Albrecht',NULL,'176d587deb69e5ea4e837937ea96de070666877763996ec6243bf2c26a0adedb','d68b41efa7c472e02cedf1a5e5b4fa8e37d2122164d967f6afe12e01d7a03f9a',0),(436,'annroex',NULL,'annroex@vub.ac.be','2011-10-11 13:16:58','2011-10-11 13:16:58',0,'Ann','Roex',NULL,'b5de9ce04bac26227591c637a746709cf6895feadc6ae39d6eabf25723ef9d65','841079858e1e248f9f05f0e44ff757c8c14ce32d3c8eeb5159403524443fd33c',0),(437,'gxuchen',NULL,'Gema.Xu.Chen@vub.ac.be','2011-10-11 13:25:50','2011-10-11 13:40:08',0,'Gema','Xu Chen',NULL,'03dc223ff1691fea4e7afb3b057d65a270fdb8eea1cf8c23a8857b3254e77d77','a05a583ab28a5c644fd6916a507aa9721a0c2299fad5ab35fbd3bcc205329d19',0),(438,'mgreant',NULL,'mgreant@vub.ac.be','2011-10-11 13:35:59','2011-10-11 13:35:59',0,'Maxim','Greant',NULL,'00a5e5c7b3874994226a3c504ac7151cf4b69e2f1f005507d1a37a31fac722e2','d47131b1ba426f743ed8d246d7cbb9bc8e604d8fbc9b74e7f9495a1839ed6e34',0),(439,'gvdekeer',NULL,'gvdekeer@vub.ac.be','2011-10-11 13:45:08','2011-10-11 13:45:08',0,'Gaetane','Van de keere',NULL,'399dcdd268c4d8750b69af0bdcf4f14c40d1e8714c0be26e24f28f613ea6a752','3059af9413054cdac348ea4d125b34fbf94a15d0a171c57682c33dc1233497ff',0);
/*!40000 ALTER TABLE `users` ENABLE KEYS */;
UNLOCK TABLES;
/*!40103 SET TIME_ZONE=@OLD_TIME_ZONE */;

/*!40101 SET SQL_MODE=@OLD_SQL_MODE */;
/*!40014 SET FOREIGN_KEY_CHECKS=@OLD_FOREIGN_KEY_CHECKS */;
/*!40014 SET UNIQUE_CHECKS=@OLD_UNIQUE_CHECKS */;
/*!40101 SET CHARACTER_SET_CLIENT=@OLD_CHARACTER_SET_CLIENT */;
/*!40101 SET CHARACTER_SET_RESULTS=@OLD_CHARACTER_SET_RESULTS */;
/*!40101 SET COLLATION_CONNECTION=@OLD_COLLATION_CONNECTION */;
/*!40111 SET SQL_NOTES=@OLD_SQL_NOTES */;

-- Dump completed on 2011-10-11 15:57:30
